input,translation
"मैले त्यसो भन्ने बेलामा मञ्जुल दाज्युले साथी राजनतिर फर्केर भन्नुभयो , ‘तिमीले किन आफूलाई एक्ले महशुस गरेको ? तिमी एक्लै छैनौं । तिमीलाई माया गर्न राजन भाइ छ । तिम्रो भाउज्यु सस्मिता छे । तिम्रो दिदी सुष्मा छे । म नै छु । म जस्तै अरु पनि छन् तिमीलाई माया गर्ने आफन्तहरु । तिमीलाई सहानुभूति दिने आफन्तहरु । एक्लो नठाना भाइ , तिमी एक्लो छैनौ । ’","ङै होट डेच बेलाङ मञ्जुल दाजीय लाफा राजनलाक ल्हेस्म डेयाको , नो मीघिय हीके ङाल्लाके ङाल्ला महशुस जाट्च ले ।"
म कानको दुखाइ र उठबस गरेर कामेको पिँडुला माड्दै एक कुनामा टाँसिएर बसेँ । ,ङा मेनकेपो बीक्चे अनी सोचङुच जाट्म होयोच मीघा आर्जुम काट कुनाङ लाहाम ङुआ ।
जनताको अधिकार पनाएको देखेर शसस्त्र विद्रोहमा हिँडेका राजनीतिक दलले गाउँमा चहलपहल शुरु गर्यो । ,जनताओ अधिकार पनडीस्च डाङार शसस्त्र विद्रोहाङ व्हाच राजनीतिक दलय लाङ्घाङ चहलपहल सुरु जाटा ।
सुतीको नरम कपडामा रोटी पोको पारेर राख्थी  । ,मीछाटीओ माम कपडाआङ रोटी पोो पार्डीम डा ।
‘कसैलाई एकजना पनि नपाउने कसैलाई दुई दुई के भयो हो । ’ आँगनमा जम्मा भैबसेकाहरु जिस्किरहेका थिए । ,सुकेर काटजना ड माडीन्के सुके न्हीस न्हीस ही छान्ह्च आले ।
कसैको भिन्न छैन । ,सुयोर भाहाच माले ।
"उतिबेला मलाई लाग्यो , ‘म एक्लै रहेनछ , मेरो पनि कोहि रहेछ । ’","होडीकबेला ङाके ङै लैडीसा , होटार ङाल्लान मालेउसा , ङौ ड सु लेसा ।"
गाउँ जस्तै लाग्दैनथ्यो । ,लाङ्घा लख मालैडीसोला ।
अहिले न यहाँ कुर्सी छ न टेबुल त । ,इनाङ न इलाङ कुर्सी ले न टेबुल च ।
म अस्ति घर गइनँ । ,ङा खयाक्नीङ इमाङ मानुहुँआङ् ।
तिमी भोलि घर जाऊ । ,नाङ पीहीन इमाङ नुङ्न ।
एम्बुलेन्सको पछि पछि कुद्दै कुद्दै आएको थियो । ,एम्बुलेन्सो न्हुन न्हुन खेर्मन खेर्मन राहाच लेया ।
बन्दीपुर खोँचको तामाङ भएपनि कसैस“ग कुरा गर्नु पर्दा आ“खामाथि आ“खा जुधाएर कुरा गर्ने उनको प्रवृत्तिले जोकोहीलाई धेरै बेरसम्म उनको अगाडि टिकिरहन दिदैनथ्यो । ,nan
पासाङ लड्यो । ,पासाङ खोरोआ ।
बाहिर दशैं किरा कराइरहेको छ । ,बहीरीङ दशैं डू च्याक्मन ले ।
त्यहीँ साहिलो र म्हारसाङ पनि भेट भयो । ,होसे साँहिला र म्हारसाङ ड डुपा ।
कोठामा दशजना भन्दा बढि मान्छे भेला भएको थियो । ,कोठाङ चूजना डेनाङ ढेर भर्मी भेला छान्ह्म लेया ।
‘बुहारी सुत्केरी हुँदा समेत आएन त्यो ? ’ सासुले भन्नु भयो । ,बुहारी सुट्केरी छान्हाङ समेट माराह होस ? होस ?ार सासुय डेयाको ।
समुद्रको तस्बिरलाई प्रोफाइल बनाएको रहेछ  । ,समुद्रओ टस्बिरके प्रकोफाइ खास्च लेसा ।
मेरा दुइ बहिनीहरू छन् । ,ङौ न्हीस नानीको ले ।
मलाई कस्तो कस्तो लाग्यो ।,ङाके कुङ्च कुङ्च लेडीसा ।
जति उफ्रे पनि कसैले कुरा नफर्काए पछि उ त्यतिकै फनक्क फर्केर गयो । ,जटी फोर्जोहोनाङ ड सुयर कुरा माल्हेट प्याक होसे होटन फनक्क लेस्म नुहुँआ ।
टुल्किको लोग्ने म्यानपावलको मालिक । ,टुल्किओ लेन्जा म्यानपावलओ मालीक ।
तिनीहरू जापानी हुन् । ,होसको जापानीको आले ।
‘उसको घरको मान्छेलो नलाने भनेपछि के गरौं बज्यै ? ’ त्यस ठिटोले भन्यो । ,होच्यो इमौ भर्मी माआल्के डेप्याक ही जाटी बज्या बज्या ? होस ठिटाय डेया ।
उठौं अब त उठौं न ,सोइङ अब च सोइङ न
बाल्नलाई दाउरा ल्याऊ । ,जोमोक्के सीङ राको ।
उसले त्यसो भन्ने बेलामा मैले प्लिक्सिलाई एक पटक झल्याँस्स सम्झेँ । ,होच्य होट डेच बेलाङ ङै प्लिक्सिके काट पटक झल्याँस्स आर्मीटाङ ।
पल्लो घरकी थापा कान्छी र बारीको पुच्छरतिर पुग्दा पिठागोटेकी छोरी पनि मिसिईन् । ,पल्लो इमौ थापा कान्छी अनी बारीओ पुच्छारलाक टाहानाङ पिठागोटेओ माझामीजा ड मोहोला ।
यसले मासु खायो । ,इचे स्या ज्या ।
नवयुवाहरूले गर्नु पर्ने काम यो हो । ,नवजजाकै जाट्के पस्च काम आले इसे ।
उसले के ल्याएछ ? ,होचे ही राक्लेसा ?
तिथ्राको कथा,नाङथ्राओ कथा
हेर हेर बाला हो । ,ङोसो ङोसो बाला हो ।
भाइ भरे आइपुग्छ होला । ,भया नमार्लाक टाराहाले ओला ।
त्यसको छेवैमा पानीगाग्री राख्ने आ“टी थियो । ,होच्यो छेवाङ डीगाग्री डाके आँटी लेया ।
तीन जनाले चाँहि यो दुःख सहेर भएपनि विद्यालयको नाम राख्यो । ,सोम जनाय च इसे डुखा सह्डीम लेनाङड विद्यालयो म्यारमीन डा ।
संकटकालको समय । ,संकटकालो समय ।
पूजा गरेपछि खाना पाउलस् है बाबु । ,पूजा जाट्प्याक ज्याके डीन्डल है बाबु ।
"भाइ आयो , भात खायो अनि स्कुल गयो । ","भया राहा , छो ज्या अनी स्कुल नुहुँआ ।"
एकदिनको काम छ । ,का याकौ काम ले ।
कहिले काँहि चाँहि चिउरा किनेर बाँडरे खान्थ्यौं । ,सेनर सेन च चीउरा लोम पुङ्म ज्याओला ।
भनि गो नि केटाकेटीले आमा पायो । ,डेया नी जजाकोइ मोइ डीन्हा ।
सधैं मान्छेले सोचो जस्तो नहुने रहेछ । ,सेनडसेन भर्मीय सोचो लख माछान्ह्के लेसा ।
होइन तिमी त हिरो पो देखियो है । ,माहाले नाङ च हिरो पो डाङा है ।
‘ईश्वर जानुन . . . । ’,चाईश्वर वाह्रोस् . . . ।
सक्ने बेला पनि रुएर बाँच्नु पर्यो । ,य्होक्च बेला ड राप्मन जीवाके परीसा ।
"उनले त्यही समयलाई सम्झना गरेर ममाथि लेखेकी रहिछे , ‘ . . . हामीलाई छुटिने मन त थिएन , भए पनि छुटिनै पर्यो । छुटिने बेलामा सम्झेँ , अब सरसँग कहिल्यै भेट हुँदैन हो । ’","होच्य होसेन समयके आर्मीट्म जाट्म ङाढेमाङ रीक्च लेसा , माडूप्ल आले . कानके छुट्डीस्के मीमन च मालेया , डेनाङ ड छुट्डीस्केन परीसा ।"
"ती दुई जोडी मिहेनती मात्र होइनन् , साह्रै मिल्तीको नमूना जोडी पनि थियो । ","होस न्हीस जोडीस्च मीहेम मात्रै माहाले , साह्रै खाटौ नमूना जोडीस्च लेया ।"
ममाथिको दाज्यु छैन । ,ङाढेमाङो दाजी माले ।
"कतै यता उता गयो कि भनेर कुर्यो , खोज्यो । ","की इलाक आलाक नुहुँआ की डेम वाङा , पा ।"
मन भित्र भित्रै । ,मीमन भीट्री मीट्रीन ।
मलाई मन पराउने ती विद्यार्थी । ,ङाके मीमन जाट्के होस विद्यार्थी ।
"यकिना दाज्युको पुस्तक पढेपछि मैले आफ्नो मातृभाषामा जगज लेख्न थालेँ , थाहा नपाइ । ","यीना दाजीओ पुस्तक पढीस्प्याक ङै मेनो मोइभाषाङ जगज रीक्के ठाल्च , ठाहा माडीन्ह्म माडीन्ह्म ।"
कमलाको माइतीले समाजलाई माङ्गेनाको अर्थ भने । ,कमलाओ माइटीय समाजके माङगेनाओ अर्थ डेआ ।
बसबाट ओर्लेर म डेरामा जाँदै थिएँ । ,बसीङ झाल्म ङा डेराङ नुहुँमन ङालेयाङ ।
‘हो भनेको मनको कुरा मनमै कुवाएर राख्छ । ’,होसे डेच मीमनो कुरा मीमनाङन घेरेलाक्म डौ ।
कुखरा यहाँ छ । ,ग्वा इलाङ ले ।
यस गाउँमा जान्ने बुझ्ने धेरै छैनन् । ,इसे लाङ्घाङ वार्च व्हार्के ढेर माले ।
"मैले दाज्युको कुराकानी सुनिरहेँ , कान चनाखो पारेर । ","ङै दाजीओ कुराकानी ङासेआङ , हामी मन्डीम पार्डीम ।"
छोरी पधेँरोमा लडिछे । ,माझा मीजा डीघाटुआङ खोरोहोलेसा ।
घरमा जेठी बुढी अनि दुईटी छोरी देखेपछि त तिनको पनि खुसी माथि पानी पोखिएको अनुहारले देखाइरहेको थियो । ,इमाङ जेठी बुढी अनी न्हीस माझामीजा डाङाप्याक च होच्यो ड खुसी ढेमाङ डी याट्च मीटाहाय टनाक्मन लेया ।
मसँग दस लाख पैसा भएको भए म हिरो हुने थिएँ । ,ङाकठा चूकस पैसा छान्ह्च लेनाङ ङा हिरो छान्ह्च ङालेयाङ ।
ताम्बाले भन्नु भएको कुरा मान । ,ताम्बाय डेच कुरा मन्डीनी ।
"अहिले पनि त्यो कुकुरले मेरै बाटो हेरिरहन्छ होला , त्यसै गरि । ","इनाङ ड होस चीऊय ङौन लाम ङोस्मङुले ओला , होटन जाट्म ।"
‘कसैले हुर्काएको अनि पढाइ दिएको होइन पो । माया नगर्ने मान्छेले गाली पनि गर्न पाइँदैन । ’ एकदिन मैले कराइ दिएँ । ,सुयर होयोच अनी पढीसाक्म याहाच माहाले ।
दाज्युका साहित्य क्षेत्रका अरु अरु पुस्तकहरु पनि मैले पढ्न पाएको थिएँ । ,दाजीओ साहित्य क्षैत्रो अरु पुस्तकको ड ङै पढीस्के डीन्ह्च ङालेयाङ ।
मन पराउने आधा मन नपराउने आधा । ,जाक्च राहाके मीमन मापरीस्के काबोक ।
"उसले फुरुङ्ग हुँदै भन्यो , ‘मिमिन्दा । ’","होच्य फुरुङ्ग छान्ह्मन डेया , 'मिमिन्दा ।"
लेखपढ गरेर मात्र के गरोस् ? ,रीक्चपढीस्के जाटार मात्रै ही जाटोस् ?
यो चाँहि दशैं होइन कि ? ,इसे च दशैं माहाले की ?
उ गएको एक दिनमा नै कान्छी श्रीमती सुत्केरी भइ । ,होस नुहुँच का याकाङ न कान्छी माझ सुट्केरी छान्हा ।
तीन दिनपछि बल्ल आज तिनि केही निष्कर्षमा पुगिन् र गोठालो जाने भईन् । ,सोम याकन्हुनीङ बल्ल छीनीङ होसे हीड निष्कर्षाङ टाहा अनी बरसालो नुहुँके नुहुँके डेले ।
माङ्गेना त राज्यसत्ताले हामी सबै आदिवासीको गर्नुपर्छ । ,माङ्गेना च राज्यसट्टै कान जम्मै आदीबासीओ जाट्के पर्ले ।
घरधन्दा सकेर ठूलीमैया सुत्नलाई आफ्नो ओछ्यानमा छिरिन् । ,इनढन्दा डूमार करङ्चमैया मीके मेनो ओछ्यानाङ पहीसा ।
बहिनीजुवाइँ सेनामा छन् । ,नानीजुवाइ सेटाक्मन ले ।
राम्ररी भन । ,सेम डेनी ।
"उनैको सामु वाचन गर्न पाईन , वाचन गर्ने मन भए पनि । ","होसकुङ सामु वाचन जाट्के माडीन्हा , वाचन जाट्के मीमन लेनाङ ड ।"
तेस्रो मुलुक धपाउने रे । ,सोम मुलुक जोहोक्के टा ।
आँगन भरी भरी मान्छे थियो । ,आर्भा भरी भरी भर्मी लेया ।
"सिबिरमा बुबाआमा , प्यारी मनमाया र छोरी र नरे छुटेर गएको हो । ","सिबिराङ बोइमोइ , प्यारी मनमाया र माझा मीजा र नरे भाहार नुङ्च आले ।"
पत्रिका कता पाउँला ? त्यो पत्रिकाको सम्पादक को होला ? त्यस बेलासम्म मलाई थाहा थिएन । ,पत्रिका कुलाङ डीन्ह्ले ? होस पत्रिकाओ सम्पादक सु ओला ? होस बेलासम्म ङाके ठाहा मालेया ।
काहीँ पनि पढ्न पाइएको थिएन । ,कुलाङ ड पढीस्के डीन्ह्च मालेया ।
केहि थाहा पाउन सकिन । ,हीड ठाहा डीन्ह्के माय्होका ।
"त्यसले मलाई च्याप्प समाती बस्यो , एक पटक पनि फुत्त नछोडिकना । ","होच्ये ङाके च्याप्प जीम्न ङुआ , काट पटक ड फुट्ट माडास्म ।"
उसलाई बिरामीसँग बस्न नदेओस् । ,होसके छाच कठा ङुके माडाङा ।
सुन्तला रोप्ने मान्छे नै बेपत्ता भईरहेको अवस्थामा तिनले आफ्नो मनलाई ढुङ्गा बनाउन परेकी थिईन् । ,सुन्तला रोप्डीके भर्मी न बेपट्टा छान्हा अवस्थाआङ होच्य मेनो ल्हुङ खास्के मीमन ल्हुङ्म लेया ।
बाजे मासु खोस्न जानुभएछ । ,बाजी स्या स्याट्के नुहुङ्लेसा ।
उसकी दिदी सबेरै चुल्होमा तावा बसाल्थी  । ,होसकुङ डै जम्मै धेरै चुल्हाआङ टावा बल्हा ।
अनि स्कुल हिँड्थ्यो  । ,हतै स्कुल व्हाओला ।
"कस्तो अचम्म ! त्यो चोर्नी आइमाई , लोग्ने हु“दाहु“दा पोइल जाने मेरी स्वास्नी अनि मैले अगाध श्रद्धा गर्ने आइमाई छिः कति घिनाउ“दा । ","कुन्च अम्म ! होस चोर्के माझा , लेन्जामीजा हुर्के पर्दा जाह्नाङ पोइ नुहुँके ङौ स्वास् अनी ङै अगाडी आध्रद्धा जाट्के टाराहा ।"
मन रमाएको ठाउँको माया प्रेम । ,मीमनाङ अनी ठाउँओ माया प्रेम ।
ए आइपुग्यौ हरीलाल ? ,ए टाराहा हरीलाल ?
धेरै कुरा नगर । ,ढेरै कुरा माजाट्नी ।
तपाईहरूले खाना खानु भयो । ,नाकोइ छो ज्याको ।
‘मसँग त केहि पनि भएको छैन’ मैले भने । ,ङाकठा च हीड ड मालेम माडेम ङै डेया ।
‘आ“ आ“ . . . के काम पार्यो ता ? ’,होडीकरे आस्काट . . ही काम डीन्हा ?
पूर्वमा घाम झुल्किन्छ । ,पूर्वआङ नाङखान फेर्ह्ले ।
ति दुबै जनाको कुरा नसुने झैं गरेर बस्यो चन्द्र सूर्यको बुबा । ,होसे न्हीस जनौ कुरा मासेनाङ लख जाटार ङुआ चन्द्र सूर्यओ बोइ ।
बाजे हुनु भएको भए मलाई मायाले खेलाउनु हुन्थ्यो होला । ,बाजी लेचको डेनाङ ङाके जाक्म गेटोलाको ओला ।
ल ल म आउँछु । ,ल ल्हाक्लाङ राहालाङ ।
उसँग खेल्ने साथी म मात्र थियो । ,होसकठा गेस्के लाफा ङा मात्रै लेया ।
म त्यसरी नै ओछ्यानमा लम्पसार परिरहेको थिएँ । ,ङा होटरी न ओछ्यानाङ लम्पसार परीसुमन ङालेयाङ ।
‘कि लौ लौ यो केटीले त कत्रो कोसेली पो ल्याइछ्यौ भनेको त माइतमा मादल पो बोकेर आइछ्यौ है भनेर भाउजु–संगीले जिस्क्याउलान् भनेर हो ? ’,nan
सुरादिने महिलाहरू जाँड दिदै थिइन् । ,मायाहाच माझाको हान याहामन लेया ।
छोराछोरीको पढाइ पनि थियो । ,मोजाकुङ पढाइ ड लेया ।
बुबाआमा बितेपछि उनी एक्ली भई । ,बोइमोइ सीप्याक होसे मेल्लाहा छान्हा ।
सिङचुवा गाउँमा बिजुली पनि थियो रे । ,सीचुवा लाङ्घाङ बिजुली ड लेया टा ।
‘हुँदैन बाबु । ’,माछान्ह्ले बाबु ।
पात झरेको यो जीवन अब कहिल्यै हराभरा हुन सक्दैन । ,ल्हा झाल्च इसे जीवन अब सेन्ड भीचसेच छान्ह्के माय्होक्ले ।
"‘म सुतेँ है बोइमो , मलाई नबिउँझाउनु ल आजा । ’","ङा होडीक मीसा है बुबामो , ङाके मासोटो लनुहुँके राहा ।"
सब्जेक्ट अनुसार शिक्षक नहुने रहेछ । ,सब्जेक्ट अनुसार शिक्षक माछान्ह्के लेसा ।
तिमी कहिले गयौ ? ,नाङ सेन नुङ्च ?
मान्छे अग्लो छ । ,भर्मी घङ्च ले ।
लप्सी अमिलो हुन्छ । ,लप्सी बीर्म छान्ह्ले ।
डुकुलेको छोरा भिमे र म एउटै कक्षमा पढ्ने साथी । ,डुकुलेओ लेन्जामीजा भिमे अनी ङा काट न कक्षाङ पढीस्च लाफा ।
हामी सबैजना यति ध्यानमग्न भएर उनीतर्फ केन्द्रित थियौं कि मानौं कृष्णको बा“सुरी धुनमा गोपिनीहरु मेहित भइरहेछन्् । ,कान जम्मै इटार ध्यामग्न छान्हार होसकोइटफ्रिहोच लेया की माने ।
त्यसरी नभन । ,होतरी माडेनी ।
ऊ मेरो दाइको ससुरा हो । ,होसे ङौ दाजीओ ससुरा आले ।
ती मान्छेले मलाई काँधमा थपक्क राखेर बिस्तारै तल भूँइमा थपक्क राखे । ,होस भर्मीय ङाके मीचार्डीयाङ ठपक्क डाम बीस्टारै म्हाकाङ झाङ ठपक्क डा ।
रातभरि मलाई निद्रा लागेन । ,नाबीकभरी ङाके मीमीक माराहा ।
मन मिल्यो । ,मीमन खाटा ।
‘भोनि नै’ सर भन्ने चाँहिले भने । ,होटारकोड न डाङ्म सर डेच चय डेया ।
सोनाम हिजो आएन किनभने उसको भाइ अस्वस्थ थियो । ,सोनाम टीसीनीङ माराहा हीकेडेनाङ होस्कुङ भया छाम लेया ।
दियोमा जुनकिरी फ्याट्ट फ्याट्ट गरिरहेको थियो । ,डीयोआङ बबलीडू फ्याट्ट फ्याट्ट जाट्मन लेया ।
योचाहिँ राम्रो रहेछ । ,इसे चैडीस्च लेसा ।
निमा कता गयो कोनि ? ,निमा कुलाङ नुङ्च नी ?
भात नराम्रो रहेछ । ,छो मासेच लेसा ।
यिनीहरुले नै पो जलाएका रहेछन्् गडीचौकी । ,इसकोइ न पो जलाका लेसाको ।
त्यो भैसीको पाडा उत्ताउलो भयो । ,होसे भैसीओ पाडा उटाउलो छाना ।
"त्यहाँ लेखिएको थियो , ‘अक्कल सर ! मलाई तपाईं धेरै मन पर्यो । मेरो यो मायालाई तपाईंले तपाईंको मुटुको एउटा कुनामा लुकाएर राख्नुहोस् , आई लभ यू अक्कल सर । ’","होलाङ रीक्च लेया , होटल सरक्क्ल सर ! ङाके नाको ढेर मीमन परीसा । ङौ इसे मायाके नाकोइ नाकुङ मीगीनो काट कुनाङ आर्चीक्म डानीको , आई लभ यू अक्कल सर ।"
हाम्रो दोहोरी हरायो । ,कानुङ डोहोरी म्हाटा ।
टेकनाथ रिजाल सारलाई पनि साथ दिन सकिन । ,टेकनाथ रिजाल सारके ड साठ याहाके य्होक्ले ।
माया अन्धो हुन्छ भन्छन्् सायद अन्धो भएरै बहादुर हुँदो हो । ,माया अन्ढो छान्ह्ले डेउला सायड अन्ढो छान्ह्मन बहादुर छान्ह्च आले ।
एउटा घट्ट ग्लान बाजेको थियो । ,काट घट्ट ग्लान बाजीओ लेया ।
सुङ्गुर पहेंलो हुँदैन । ,वाक ओर्च माछान्ह्ले ।
वारी पारी कसैले यसपाली एसएलसी पास गरेन । ,वार्लाक पार्लाक सुयर छेल्हेस एसएलसी पास माजाटा ।
धेरै रमाइलो हुन्छ । ,ढेर मीमराङ्च छान्ह्ले ।
उसले भाइलाई लौराले हिर्कायो । ,होचे भयाके डाङ्गै ङापा ।
विद्यालयबाट छुटिने समय आयो । ,विद्यालयीङ छुट्डीस्के समय राहा ।
बज्यैले मलाई छोडेको छैन । ,बज्ये ङाके माडास्मने ।
अहिले त गाउँको छाँया नै बदलिय झैं हुन्दैछ । ,इनाङ च लाङ्घौ छाँया न बलिय लख आले ।
अर्को आमसभा विराटनगरमा छ  । ,आस्काट आमभा विरानगराङ ले ।
यहाँ बस । ,इलाङ ङुन ।
मैले सबैलाई पालैपालौ पुलुक पुलुक हेर्न मात्र सकेँ । ,ङै जम्मैके पार्लाक पुलुक पुलुक ङोस्के मात्रै माय्होका ।
आ ! त्रु त्रु आ ! ,आ ! त्रु त्रु आ !
नरेलाई लिन आएको रहेछ । ,नरेके लाके राहाच लेसा ।
"‘म त चिसो कक्रेर पो नबोलि बसेको हो भाइ , धरान नपुगी आङ तात्ला जस्तो छैन । ’","होसे च क्योक्च कक्रम पोक्म ङुच आले भया , धरान माओ मुटुङ्ला लख माले ।"
"त्यति भनेर उनले मलाई अँगालो हाली , निकै बेरसम्म । ","होटार डेम होच्य ङाके अँगालो का , नीकै बेरसम्म ।"
"दाज्यु मञ्जुलले मायाले भन्नुभयो , ‘हुँदैन , भाइ दुईजनालाई आज मैले बनाएको चिया खुवाउनु पर्छ । ’","दाजी मञ्जुलय जाक्म डेयाको , 'लै माडेनाङ , न्हीसजनाके छीनीङ ङै खास्च चीया ।"
"रामजी बाहुनले अन्तरेको खुट्टै समातेर ढोग्यो , ‘त्यसो नभनी बक्स्योस् . . . . बरु हजुरलाई जे ट्क्र्याउनु पर्छ टक्र्याउ“ला । ’","रामजी बाहुनय अन्टरेओ मीहीलाङन जिम्म झोरा , माडेम ङुनी . . बरु नाकोके ही ट्क्रडीके परीस्ले टक्रडीलाङ ।"
त्यसबेला देखि कहिल्यै त्यो हाती माथि चढ्ने बल गरिन । ,होसबेला व्होरा सेनर होस हात्ती ढेमाङ काल्ह्के बल माजाटा ।
( भाइ घरमा थियो कि ? ) ,मीजा इमाङ लेया की ?
मनभित्र बलिरहेको आगो अनि आँसुलाई आँखाभित्रै लुकाएर मैले बाउमाइतीको अगाडि उति दुःख देखाइन । ,मीमनभीट्री बलिस्मन म्हेन अनी मीमीकडीके मीमीकभीट्री आर्चीम ङै बोइमाइतीओ अगाडी उडीया ।
बिहान बेलुकी काम गर्यो खायो । ,गोरक नामबीलाक काम जाटा ज्या ।
जति कुदे पनि लेखे पनि अहँ यो जनताले देखेन । ,जुटार खेर्नाङ ड रीक्नाङ ड अहँ इसे जनताय माडाङा ।
तिमी र म काठमाडौं भागौँ । ,नाङ र ङा काठमाडौं जोहोला ।
दुई ठाउँमा बिहे भयो तर कतै घरजम गरेर खान सकेन । ,न्हीस ठाउँआङ वीहा छान्हा टर कलाक ड इमजम जाट्म ज्या मय्होका ।
मान्छे पनि त्यस्तै । ,भर्मी ड हुन्चन ।
पाल्देन लड्यो । ,पाल्देन खोरोआ ।
मर्ने पर्ने भए भैंसी गाईको जीवन लिए पनि हुने नि । ,सीके परीस्च डेनाङ भैंसी हेटो जीवन लाम ड छान्ह्के नी ।
दशैंको छुट्टिमा घर आएकी थिइन लानि । ,दशैंओ छुट्टीआङ इम राहम लेया लानि ।
‘आफू त बाँझी भई भई लोग्नेलाई पनि पिण्ड खान नदिएर नरक पठाउली । ’,मेनके च बाँझी छान्हा छान्हा लेन्जाके ड पिण्ड ज्याके मायाहाम नरक बीर्हीन्चले ।
यसरी बस । ,इतरी ङुन ।
ढोका लगाएको छैन । ,गलाम माठुन्मने ।
आज घाम लाग्छ । ,छीनीङ नाङ्खान लैडीस्ले ।
रोइ रोइ भागी । ,रोइ अनी भागी ।
दिनभरीजसो सुतेरै बिताईन् । ,याकभरीलख मीसमन बीट्डीसा ।
म दिन्हुँ फेसबुक हेर्छु । ,ङा याहाले फेसबुक ङोसा ।
"खानाको स्वाद नभएर , पानीको तिर्खा नभएर वा नखाएर नपिएर सुक्दै गएको शरीरलाई एक पिन्ट सलाइन दिए हुन्थ्यो कि भन्ने लाग्यो । ","छो स्वाड मालेनाङ , डी सुहुङ्के मालेनाङ वा माज्याम मागाम छोक्म नुङ्च ज्याके काट पिन्ट सलाइन याहाम छान्ह्ले की डेम लैडीसा ।"
तिमीहरूले भात घिचौ । ,नाकोइ छो नाज्यास् ।
मलाई मायाले जेठा नाति भन्नु हुन्थ्यो होला । ,ङाके मायाय मीझार नाटी नुहुँओला ओला ।
त्यही कुराले होला उ अलि निहुरियो । ,होस कुराय ओला होस अली घुमा ।
फूलपातिको भैंसी । ,फूलपाटीओ भैंसी ।
"छुटिने बेलामा सुष्म दिदीले मलाई भन्नु भयो , ‘कति राम्रो कविता भाइको , कति राम्रो सानाका दिनहरु । मलाई औधी मन पर्यो भाइ तपाईंको त्यो कविता . . . ’","छुट्डीस्च बेलाङ सुष्म डैय ङाके डेयाको , 'कुरीक सेहेच कविता भयो , करीक सेहेच मार्ह्नाओ याकको । ङाके ढेर मीमन परीसा भया नाकुङ होस कविता . . . ।"
चाख्ने मन पनि हुँदैन थियो । ,माङ्के मीमन ड माछान्होला ।
रूख अग्लो छ । ,वुलो करङ्च ले ।
सुत्ने बिउँझिने क्रम भैरह्यो । ,मीस्के सोके क्रम छान्ह्मङुआ ।
चिम्टाले आगो समात । ,चीम्टै म्हे जीमो ।
सीताले बर्को ओढी । ,सीताय बर्को पुआ ।
मैले सम्झँदा पदुवा बज्यै चारजना नातीसँग बस्थ्यो । ,ङै आर्मीट्नाङ पडुवा बजारजना नाटीकठा ङुओला ।
त्यहाँ हेर । ,होलाङ ङोसो ।
ठुलोसानो सबैलाई दिऊ । ,बडासानो जम्मैके याहानी ।
सबै मस्त निन्द्रामा सुतिराखेको समय । ,जम्मै मस्ट मीमीकराठाङ मीस्मनलेच समय।
गाउँबाट मातेर आइपुगेका ससुरा बुढा दलानमा सुतिरहनु भएको थियो । ,लाङ्घीङ म्होरम टाराहच ससुरा बुढा दलानाङ मीस्मन लेयाको ।
साँहिलो म्हारसाङको फूपूकी छोरी । ,साँहिला म्हारसाङओ नीनीओ माझामीजा ।
गाउँका मानिसले पेमालाई मुखिया बनायो । ,लाङ्घौ भर्मीय पेमाके मुखीया खासा ।
मैले होमवर्क लेखेको छैन । ,ङै होमवर्क रीक्मने ।
त्यति भए पुग्छ । ,होतार लेनाङ ओल्ले ।
कस्तो कस्तो लाग्थ्यो । ,कुन्च कुङ्च लैडीसोला ।
साथी पनि दाज्यु भाइ पनि । ,लाफा र दाजीभया र ।
ती कविताहरुलाई साहित्य क्षेत्रका पाठकहरुले मन पराउँदै आएका छन् । ,होस कविताकोके साहित्य क्षेत्राङ पाठककोय मीमन जाक्मन राहाच ले ।
यो मान्ेछ मर्दै मर्दैन भन्ने झाँक्रीले पनि अब मर्छ होला भन्न थाल्यो । ,इसे मासीले सीले डेम झाँक्रीय ड अब सीले ओला डेके ठाला ।
के गर्ने विचर टाढाबाट आउँदा आउँदै अबेर भयो होला । ,ही जाट्के विचर लोसीङ राहानाङ राहाड अबेर छान्हा ओला ।
‘कसलाई कुरेको बाबु ? ’ बुढोले नम्र स्वरमा सोध्यो । ,सुके वाङ्च बाबु ? ' बुढोय नम्र स्वराङ गीना ।
क्यामेराको रिल जस्तै मनमा नाचेर आयो । ,क्यामेरौ रील लख मीमनाङ स्याह्म राहा ।
थाहा नहुँदा नुहँदै मैले सिजो लेख्न बल गरेको थिएँ । ,ठाहा माछान्हाङ माछान्हाङन ङै सिजो रिक्के बल जाट्म ङालेयाङ ।
यसपालि ऊ पास हुन्छ हुन्छ । ,छेल्हेस होस पास छान्ह्ले छान्ह्ले छान्ह्ले ।
त्यो मान्छे को रहेछ ? ,होसे भर्मी सु लेसा ?
"‘लौ राम्रो भयो’ , त्यति भनेर गुरुङ साथी एक पटक बुरुक्क उफ्रियो । ","लौ सेहेच छान्हा , होटार डेम गुरुङ लाफा काट पटक बुरुक्क फोर्होजोआ ।"
"पछि पछि आफ्नो मातृभाषाको साहित्यिक कार्यक्रमतिर पनि म हिँड्न थालेँ , त्यही समयदेखि नै । ","न्हुनीङ न्हुनीङ मेनो मोइभाषाओ साहित्यिक कार्यक्रमलाक ड ङा व्हाके ङाठालाङ , होस समयव्हारा न ।"
अर्काको मात्र निचोरेर खान खोज्नेहरु । ,अर्कुङ मात्रै चीप्प ज्याके पाच्को ।
झाँक्रीको छोराले पास गरेको कुरा गर्मागर्मी भयो । ,झाँक्रीओ लेन्जामीजै पास जाट्च कुरा जाट्नी छान्हा ।
होइन  । ,माहाले ।
म महाभारत डाँडापारि गएको छैन । ,ङा महाभारत डाँडापार्लाक मान्मने ।
हाम्रो धेरै माया तिमीलाई . . . ’,कानुङ ढेर माया नाङके . . . '
बाख्रा माथितिर गयो । ,र्हा ढेमाङ नुहुँआ ।
"हाती माथिबाट तल ओर्ले पछि पनि मेरो मुटु छिटो छिटो चल्न चाँहि छोडन , चलिनै रह्यो । ","हात्ती ढेमाङीङ म्हाकाङ झाल् प्याक ड ङौ मीगीटो झोको च डास्के , स्यास्केन ङुआ ।"
पर खोल्सिमा भेला भएका मानिसहरु झस्याङ्ग तर्सिए । ,पर खोल्सिआङ भेला छान्हा भर्मीको झस्याङ्ग टर्सिए ।
मैले देख्न पाउने कुरा नै भएन । ,ङे डाङ्के डीन्ह्के कुरा न माछान्हा ।
यो मेरी छोरी । ,इसे ङौ माझामीजा ।
सोनाम र ल्हाक्पा सँगै भित्र पस्यो । ,सोनाम अनी ल्हाक्पा कठा भीट्री पैडीसा ।
केटाहरू ह्वार्रै कक्षामा पसे  । ,जजाको ह्वार्रै कक्षाङ पैडीसा ।
लाजशरम नभएको मान्छे रहेछ । ,करार मालेच भर्मी लेसा ।
लुते बाहुनको माउभैंसी काटेको छ । ,लुते बाहुनो मोइभैंसी चेमन ले ।
अँ अर्को दुईटा चाँहि मगरको घट्ट । ,अँ आस्काट न्हीस च मगरओ घट्ट ।
यमलालसे जितेको जितेकै अरुले हारेको हारेकै । ,यमलाले जीट्चौ जीट्म न अरुय हार्डीचौ हार्डीस्म ।
जिउ फुङ्ग सुकेर फु फुक्दा पनि भ्यात्त ढल्ला झैं हुँदै आयो । ,जीट्नाङ फुट्नाङ फुक्नाङ ड भ्याट्टन लखन राहा ।
अझै मानिसहरु आउने जाने गरिरहेका थिए । ,अझै भर्मीको राहाके नुहुँके जाट्मन लेया ।
मलाई त्यस माथि थपक्क राख्यो । ,ङाके होस ढेमाङ थपक्क डा ।
मस्केर हाँस्दै उनीहरुसँग ठट्टा खेली दिँदा अघिको त्यत्रो कोश अग्लो डाँडा उक्लनु पर्दाको दुखेसो चटक्क बिर्सन्थे बटुवाहरु । ,चाल्ह्म रेट्मन होसकोकठा ठट्टा गेस्म याहानाङ मेनीङो होडीको कोस करङ्च डाँडा ख्योहोके परीस्नाओ डुखासो चटक्क म्याकोला बट्वाको ।
आफ्नो मातृभाषामा मैले सबैभन्दा पहिले लेखेको सिजो थियो त्यो । ,मेनो मोइभाषाङ ङै जम्मैडेनाङ पहीला रिक्च सिजो लेया होस ।
राम्रो मान्छेको कुरा राम्रो हु्न्छ । ,सेच भर्मीओ कुरा सेच छान्ह्ले ।
लोहोटोको अर्थ मैले बुझिन । ,लोहोटोओ अर्थ ङै माव्हारा ।
डोल्माले भात खाई । ,डोलमाय छो ज्या ।
कु“डुले गाउ“ रामपुर खोलाको किनारमा परेका कारण एकातिर डा“डाले छेकेर बिहान नौ बजेपछि मात्र घाम आइपुग्थ्यो भने अर्कोतिर पल्लो घिसिङ खोलाबाट चल्ने चिसो सिरेटोका कारण जाडो खपिनसक्नुको हुन्थ्यो । ,चीऊय ल्हुङो रामपुर खोलौ किनाराङ परीसुच कारण काटलाक डाँडाय हुप्म गोराक कू ङाहाप्याक मात्रै नामखन टाराहोला डेनाङ आर्काटलाक पर्लाको खोलीङ केस्के क्योक्च सिरेटौ कारण जुहुम्च टाक्केमाय्होक्च छान्होला ।
भाँडा बजेको सुनेँ । ,भाँडा ङाहाच ङासेआङ ।
एक किलो कुखराको मासु लगेर जाऊ । ,काट किलो ग्वा स्या लाम नुङ्नी ।
उसको अगाडि रोएर म मेरो दुःख देखाउन मन लागेन । ,होच्यो अगाडी राप्म ङा ङौ डुखा टनाक्के मीमन मालैडीसा ।
केही काम परेर आयो भने तलकै फलैचाबाट छिनोफानो गरेर फर्कान्थ्यो । ,हीड काम परीस्म राहा डेनाङ म्हाकाङन फलैचीङ छिनोफानो जाट्म ल्हेटोला ।
आले भोलि आउँछ आउँछ । ,होतै पीहीन राहान राहाले राहाले ।
जीवनलाई बुबाले धनकुटा क्याम्पसमा पढाइदिने भयो । ,जीवनके बोइय धनकुटा क्याम्पसाङ पढीसाक्के छान्हा ।
सबैले मासु खायो । ,जम्मैय स्या ज्या ।
राम्ररी टिप्दै आउनु भएको छ । ,सेहेम डूम्मन राहामन लेको ।
जागिर छोड भन्नेसम्मको कुरा आयो । ,जागीर डासो डेचसम्मो कुरा राहा ।
एकपटक साँझको समयमा ऊ हाम्रो घरमा आएको थियो  । ,काटपटक साँझो समयाङ होसे इमाङ राहाच लेया ।
म जान्न किनभने ऊ मसँग कुरा गर्दैन । ,ङा मानुहुँले हीकेडेनाङ होसे ङा कठा कुरा माजाट्ले ।
डुकुले मेरो घरभित्र पसेको कहिल्यै देखिन । ,डुकुले ङौ इकभीट्री पैडीस्च सेनर माडाङा ।
‘लै हिँड’ ससुराले पनि भन्नु भयो । ,सोम व्हाच ससुराय ड डेयाको ।
मैले तीन चार पटक जति मेरो काँधमा लपक्क टाँसेको टाउको उठाएर उनेको सिटमा राखिदिएँ । ,ङै सोम बूली पटक जटी ङौ मीचार्डीआङ लपक्क टाँसेओ सोट्के उठालो सोच सीटाङ ङाहा ।
हिँड हिँड दिदीबहिनी,व्हानी व्हानी डैनानी
उनीहरुको विवाह भएको आजकै दिन त हो । ,होसकुङ वीहा छान्ह्च छीनीङौ याक च आले ।
‘अब बाह्र बज्न दुई एक घडी मात्र छ’ एउटाले भन्यो । ,होसे चून्हीस ङाके न्हीस काट घडी मात्रै ले काटे डेया ।
म त उसको घर जान्न । ,ङा च होच्यो इम मानुहुँले ।
त्यसले गर्दा उसले लोग्नेलाई पनि दुःख दिन थाल्यो । ,होच्य जाट्नाङ होच्य लेन्जाके ड डुखा याहाके ठाला ।
मैले केही पनि भनिन । ,ङै हीड ड माडेया ।
तिमी नगएकोले ऊ पनि गएन । ,नाङ मानुङ्चय होसे ड मानुहुँआ ।
ऊ घर जान्छ कि जाँदैन ? ,होसे इमाङ नुङ्ले की मानुङ्ले ?
खाना खाएर सके पनि कुरा टुङ्गिएन । ,छो ज्याम भ्यानाङ ड कुरा माटुङ्डीसा ।
कताबाट कति बेला आए मलाई थाहा नै भएन । ,कुलाकीङ कुडीक बेला राहा ङाके ठाहा न माछान्हा ।
बिबाह बन्धनको लागि सामाजिक रोकतोक हुने कुनै कसुर थिएन । ,बीहा बन्ढनो लागी सामाजीक रोकटोक छान्ह्के सुर कसर मालेया ।
म नयाँ पाइला पत्रिका पर्खि बसेको थिएँ । ,ङा नयाँ पाइला पत्रिका वाङ्म ङुम ङालेयाङ ।
भान्जा चाँहि घिसिङ । ,भान्जा च घीसिङ ।
टाइ पनि लागाउनु नपर्दो रहेछ । ,टाइ ड बील्ह्के मापरीस्के लेसा ।
तिम्रो मन राम्रो छ । ,नो मीमन सेच ले ।
हामीले थाल नटिपेको देखेर आ“तिदै मैनाली बोल्यो । ,काने ठाल माढुम्च डाङ्म झोस्मन मैनाली ङाका ।
छातीमा सेतो सेतो थियो । ,मीछाटीआङ वोच वोच लेया ।
बाह्रा बजेपछि त मर्छ भनेर कुरि बसेका थिए त्यहाँ । ,चून्हीस ङाप्याक च सीले डेम रुङम ङुच लेया होलाङ ।
दिन बितेको पत्तै भएन । ,याक बीट्डीस्च पट्टै माछान्हा ।
लिएर आऊ । ,लाम राहान ।
आ - आफ्ना हत्केलोमा हेर । ,मे - मेल्ल्ल्हौ मीहुटाङ ङोस्नी ।
सोनामको घर चाँहि पल्लो किरात प्रदेशको किरोती गाउँमा छ । ,सोनामओ इम च पार्लाक किरात प्रदेशो किरोती लाङ्घाङ ले ।
धने र कमला एउटै गाउँको नभए पनि सिरिजङ विद्यालयमा एउटै कक्षामा पढ्ने साथी पनि हुन् । ,धने अनी कमला काट न लाङ्घौ माल्नाङ ड सिरिजङ विद्यालयाङ काट न कक्षाङ पढीस्च लाफा ड आले ।
"छेवैमा लडिबसेको कोदालो टिपेर तुर्नै लागेको मेलोमा पुगेर म्हारसाङले भनी , ‘लै आमा यो पाँच छ झाङ चाँहि म गोड्छु । ’","छेवाङ खोर्होमङुच कोडाली ढुमार टुर्के पाच मेलोआङ टाहार म्हारसाश्रय डेया , डेलाङ मोइ इसे बाङ्गा टू झाङ च ङै माल्लाङ ।"
लामाहरू मञ्चमा छन् । ,लामाको मञ्चाङ ले ।
हुँदा हुँदा छोरीहरुसँग सँगै बसेर फर्निचरमा काम गर्न थालेछ । ,लेनाङ माझामीजाकठा कठा ङुआर फर्निचराङ काम जाट्के पालेसा ।
ऊ किन रुएको हो । ,होसे हीके राप्चाले ।
थासीहरुलाई ओर्लन साथी गर भनेँ । ,थाहाकोके झाल्के लाफा जाटो ङाडेयाङ ।
उखेलेर फ्याँकेको मुला जस्तै भयो । ,हुटार लोहोच मुला लख छान्हा ।
ढोग गर । ,ढोग जाट्नी ।
हगुवा मुतुवाहरूको कुरा सुन्नु पर्दैन ।,ह्याक्वा मुवाको कुरा सेके मापरीस्ले ।
म केही पनि नभनि चुप लागेर बसि रहेँ । ,ङा हीड ड माडेम चुप लैडीसम ङुम्न ङुआ ।
स्यान्दोसे सुन्दै गयो । ,स्यान्दो सेमन नुहुँआ ।
एकदिन मैले लेखेको कविताहरु ती दाज्युलाई देखाएँ । ,कायाक ङै रीक्च कविताको होस दाजीके टनाका ।
त्यस बेला पनि यस्तै भएको थियो मलाई । ,होस बेला ड इन्चन छान्ह्च लेया ङाके ।
‘के चिज है ? ’,होस नामास चीज आले ?
सासुले हिँड्ने ठाउँमा आँखा तरेर हेर्न थाल्यो । ,सासुय व्हाच ठाउँआङ मीमीक टर्डीम ङोस्के ठाला ।
अगुल्टो चलाउँदै दीपेशले भन्यो  । ,अगुल्टको चलाक्मन दीपेशय डेया ।
ठूलीमैया उनको मायालाग्दो अनुहार देखेर मुसुमुसु मात्र हास्थिन् । ,करङ्चमैया होच्यो मायाग्डीस्च मीटाहा डाङार मुसुमुसु मात्रै हाढेमाङ ङापा ।
"अन्तरे बोम्बो अमिलो बोलीमा बोल्यो , ‘भतिज यो भा“डो तिमीले माझ है । ’","अन्टरे बोम्बोच बीर्च बोलीआङ ङाका , माराङ्च इसे भाडास्च ने छला है ।"
बाटोको तीन चारवटा ढुङ्गा टिपेर भक्काभक बाहुनी बुडीको ढाडमा हानेँ । ,लामो सोम बूलीवटा ल्हुङ ढुमार भक्काभक बाहुनीओ मीचार्डीआङ ङापा ।
केटाहरू चञ्चले हुन्छन् । ,लेन्जाको चञ्चै छान्ह्ले ।
त्यसो गर्यो भने तिम्रो काम बन्छ । ,होट जाटा डैनाङ नो काम बन्डीस्ले ।
"हो , ठ्याक्कै ९ बजे . . . । ","आले , ठ्याक्कै ९ बजे . . . ।"
भाले कुखरा पनि रहेनछ । ,भाल्या ग्वा ड छान्हे ।
निद्रामा म न्यातपोल देवतासँग कुरा गर्दै थिएँ । ,मीमीकराहाङ ङा न्यातपोल डेवटाकठा कुरा जाट्मन ङालेयाङ ।
म पनि झस्याङ्ग बिउँझे झैं भयो । ,ङा ड झस्याङ्ग रीन्ह्च लख छान्हा ।
कान्छाबा कहाँ जानु भएछ । ,कान्छाबोइ कुलाङ नुङलेसा ।
मामाले पनि भान्जालाई टोकेको देख्यो । ,मामाये ड भान्जाके जीक्च डाङा ।
संक्रान्ति बजारमा नाचेको धाननाच र हाक्पारे पालाम मात्र देखेको सुनेको छ । ,संक्रान्ति बजाराङ स्याहाच धानना अनी हाक्पारे म्हुला मात्रै डाङ्म सेम ले ।
सहयोग नगरौं जनकारबाहीको नाममा मारिने सहयोग गरौं घरबार छोडेर हिड्नु पर्ने बाध्यताको बीच उसले काम गर्दै गयो । ,सहयोग माजाट्टार जनकारबाहीओ म्यारमीनाङ साटाक्के सहयोग जाटीङ इमबार डासार व्हाके परीस्केबाढ्यटौ बीचाङ होच्य काम जाट्मन नुहुँआ ।
जन्ती टोलीका ढाँडे परियारको गीतको तुक्काले देवीमायाको टोली हार्ने हार्ने स्थिति भयो । ,जन्टी टोलीओ ढाँडे परियारो ल्हीङो टुक्कै देवीमायाओ टोली हार्डीसके स्थिति लेया ।
यो कुरा मामा माइज्युलाई भन । ,इसे कुरा मामा गुमाके डेनी ।
मेरो मन फोलेर आयो । ,ङौ मीमन फोक्म राहा ।
एक डोको मल बोक । ,काट ढाकर मल बुओ ।
बुढी बज्यैको छोरा चाँहि त्यही समयमा त्यहाँ आइपुगेछ । ,बुढी बज्याओ लेन्जामीजा च होसे समयाङ होलाङ टाराहालेसा ।
उ पनि एक पटक खाओस् भनेर तपेसभरि जाँड बाँडेर दिइ । ,होस ड काट पटक ज्योस् डेम टपासभरी हान पुङ्म याहा ।
कान्छी श्रीमती दुई जीउकी थिइ । ,कान्छी माझा न्हीस ज्यानो लेया ।
एक गिलास पानी ल्याउनु न । ,काट गीलास डी राक्नी च ।
तिम्रो भाइबुहारी कहाँ छे ? ,नो भयाबुहारी कलाक ले ?
मिना पनि राम्रै छात्रा कक्षाकी । ,मिना ड सेहेच्न माझा कक्षो ।
विद्यालयमा प्रार्थनाको लाइन बस्दै थियो बाहुनको बुढाबुढी कराउँदै आयो । ,विद्यालयाङ प्रार्थनाओ लाइन ङुम लेया बाहुनओ बुढाबुढी च्याक्मन राहा ।
पटुकीमा पोको पारेको मासुको सुम्लो एक्ले बुढाले खोस्न खोज्यो । ,पटुकीआङ पोका पाच स्याओ सुम्ला बुढाय खोस्नी पा ।
नाच्ने गाउँने क्रममा देवीमायाको टोली र जन्ती टोलीको बीच दोहोरी चल्यो । ,स्याहाके ल्हीङ्के क्रमाङ देवीमायाओ टोली अनी जन्टी टोलीओ बीचाङ दोहोरी केसा ।
सानैमा । ,मार्ह्नाङन ।
तिमी बाहेक दसजना भएछ । ,नाङ बाहेक चू जना छान्ह्लेसा ।
गुम्बाडाँडाको माइलाको कुरा सुनेर त हो । ,गुम्बाडौ माइलाओ कुरा सेयार च आले ।
"‘यहाँबाट त रिरियन्त्र र लुका मात्र जान्छ । लुकामा एउटा सिट त छ रे त दिदी जानु नि त्यसैमा’ , मैले त्यसो भन्दा ती महिलाको अनुहारमो उज्यालो छायो । ",इलाङीङ च रिरियन्त्र अनी आर्चीक्नाङ मात्रै नुहुँले ।
कार्यक्रम शुरु भैसकेको थियो । ,कार्यक्रम सुरु छान्मभ्याम लेया ।
एक दुई जना भएको पनि अघि नै धपाएर पठायो । ,काट न्हीस जना छान्ह्च ड म्हेनीङ न ढुमार बीर्हीना ।
गुम्बामा ठूलो मेला भयो । ,गुम्बाङ बड्को मेला छान्हा ।
उकोलो ओरालो टाढाको बाटो । ,होच्यो ओरालो लोसाङो लाम ।
गाउँमा जवानहरुलाई सबैले भन्ने गथ्र्यो अब यही गाउँमा बस्नु पर्छ । ,लाङ्घाङ जवानकोके जम्मैय डेच ग्रला अब इसे लाङ्घाङ ङुके पर्ले ।
म एउटा पनि कुरा नफर्काइ जुरुक्क उठेर बाहिर निक्लेँ । ,ङा काट ड कुरा माल्हेटम जुरुक्क सोआर बहीरीङ ङानुआङ ।
बज्यैलाई सम्मान दिने साइत चाँहि यसपालीको नयाँ वर्षका निक्ल्यो । ,बज्याके सम्मान याहाके साइत च छेल्हेसो नयाँ ल्हेसाङ छ्युक्का ।
क्रान्तिकारी विद्यार्थी संगठनको जिल्ला अध्यक्ष  । ,मेरान्तिकारी विद्यार्थी संगठनो जील्ला अध्यक्ष ।
मेरो तलब सबै नदिएकोमा रिसाएको रहेछ उनीहरु । ,ङौ टलब जम्मै मायाहाचय मीरीस जाट्चलेसा होसको ।
"‘धेरै नकराउ कान्छी , तिमीले गर्न सक्ने केहि छैन । ’ ससुरा रिसाएर कराउनु भयो । ","इतेर माच्याकन कान्छी , ने जाट्के य्होक्च हीड माले ।"
तर म आमा र दिदीलाई छोडेर जान चाहन्नँ  । ,टर ङा मोइ अनी डैके डासार नुहुँके मापा ।
मैले यस्तै सम्झेँ । ,ङै होट आर्मीटा ।
"हुन्छ मितबा , हुन्छ । ","छान्ह्ले मीटबोइ , छान्ह्ले ।"
"अग्लो कद , हृष्टपुष्ट शरीर , सेतो र लम्चिलो अनुहार बोकेको गला अनि त्यो गलामाथि पहिरिएको मालाले सा“च्चै उनको झाँक्री व्यक्तित्वलाई बिराट तुल्याउ“थ्यो । ",nan
मैले कविता लेख्छु भन्ने सुनेर सूर्य दाज्यु खुसी हुनुभयो । ,ङै कविता रीक्ले डेम सेयार सूर्य दाजी खुसी छान्हाको ।
जाँड खानुहोस् । ,हान गानी ।
सानै छँदा माथि आकाशमा क्लिक क्लिक भनेर उड्ने ग्वागलिङ देख्दा पानी प्यास लागेर मागेको भनेर बज्युले भन्नु भएको सुनेको थिएँ । ,मार्ह्चन लेनाङ ढेमाङ नामाङ क्लिक क्लिक डेम भुर्च ग्वागलिङ डाङ्नाङ डी सुहुन्म ङीह्च डेम बज्ये डेचको सेम ङालेयाङ ।
गुम्बामा हल्ला भयो । ,गुम्बाङ होयोका ।
ऊ कहिले क्रान्तिकारी विद्यार्थी संगठनले आयोजना गरेको जनकपुरको आमसभामा पुग्थ्यो  । ,होसे सेन क्रान्ति विद्यार्थी संगठे राहाजना जाट्च जनकपुरो आसभाङ टाहाओला ।
"‘हा . . . साँडे ! कति कराईराखेको कानै खानेगरी’ , खोरीया पुच्छारतिर पाँच छ वटा ढुङ्गा हुर्याउँदै म्हारसाङले सरापी , रिस पाखी तिथ्रालाई । ","कानुङ . . . साँडे ! कुडीक च्याक्म ङुच मेनकेपन ज्याकेगरी , खोरीया पुच्छारलाक बाङ्गा टू वटा ल्हुङ ल्हुङ ल्होनाङ म्हारसाङे सरापा , मीरीस पोख्डीया तिथ्राके ।"
सुङ्गुर माऊ पर चउरमा थियो । ,वाक मोइ उलाक चउराङ लेया ।
मान्छेहरु घडी हेर्दै मेरो सास जाने समय पर्खिन लाग्यो । ,भर्मीको घडी ङोस्मन ङौ सास नुहुँच समय वाङ्के पा ।
यसै लोभले रातभरि काम गरी । ,इचै लोभरे नाबीकभरी काम जाटा ।
"कविता लेखे पनि यौन , मुक्तक लेखे पनि यौन , कथा लेखे पनि यौन , हाइकु लेखे पनि यौन , कुथुङ्ग्री लेखे पनि यौन , सिजो लेखे पनि यौन , समालोचना लेखे पनि यौन , ताङ्का लेखे पनि यौन , जे लेखे पनि यौन । ","कविता रीक्नाङ ड यौन , मुक्तक रीक्नाङ ड यौन , कथा रीक्नाङ ड यौन , हाइकु रीक्नाङ ड यौन , कुथुङ्ग्री रीक्नाङ ड यौन , सिजो रीक्नाङ ड यौन , समालोचना रीक्नाङ ड यौन , ही रीक्नाङ ड यौन , ही रीक्नाङ ड यौन ।"
मामा हजुर घरमा हुनुहुन्थ्यो । ,मामा नाको इमाङ लेया ।
ठूलीआमा पो रहेछ । ,झामोइ पो लेसा ।
पर्वते कुरा नबुझे पनि उ र म मिल्ने साथी । ,वते कुरा माव्हारनाङ ड होसे अनी ङा खाट्च लाफा ।
केहि वर्ष अघि म भक्तपुरको बसमा चढेर कार्यलय जाँदै थिएँ । ,हीड ल्हेस अगाडी ङा भक्तपुरो बसाङ काल्ह्म कार्यलय नुहुँमन ङालेयाङ ।
आजकाल यो गाउँमा हालचाल नराम्ररी बिग्रियो । ,छीनीङपीहीङ इसे लाङ्घाङ हालचाल मासेम बीगार्डीसा ।
जन्मदैको लाटी उनी । ,फुन्ह्मनो लाटी होसे ।
गजलकार दाज्यु बाबु त्रिपाठीलाई सबैभन्दा पहिले मैले अनाम मण्डलीको एउटा साहित्यिक कार्यक्रममा देखन पाएको थिएँ । ,गजलकार दाजी बाबु ट्रिपाठीके जम्मैडेनाङ पहीला ङै अण्लीओ काट साहित्यिक कार्यक्रमआङ डीन्ह्च ङालेयाङ ।
ढेँडुबाँदरले बचाएकोले उसले ढेँडुबाँदरलाई देवता ठानेर मान्न थाल्यो । ,ढेँडुबाँडरय बचाक्चय होच्य ढेँडुबाँडरके देवतावटा थाल्म ठाला ।
मामा चाँहि अर्कै थरीको । ,मामा च अर्नीओ थरीओ ।
हामीलाई भाडा माझ्न त लगायो लगायो त्यो माथि खाएको ठाउ“मा पोत्न पनि लगाए पछि झाँक्रीको कन्सेरीमा नराम्ररी पारो चढेको दृष्य देखेँ मैले । ,कानके भाँडा छलाम्के च लैडीया लैडीया होस ढेमाङ ज्याच ठाउँआङ लाक्के ड लैडी प्याक झाँक्रीओ कन्सेरीआङ मासेहेम पारो काल्हच डृष्य डाङा ङै ।
‘होइन त्यसो होइन दाज्यु । तपाईलाई थाहा नै छ म तपाईहरुको गाउँमै नयाँ मान्छे हो । तपाईलाई कसैले भन्नै पर्दैन म प्रदेश नम्बर १ को मान्छे प्रदेश नम्बर ३ को तामाङ गाउँमा आउको छु । मैले यस ठाउँको चलन पनि राम्ररी बुझेको छैन । ’,माहाले होटार माहाले दाजी । नाकोके ठाहा न ले ङा नाकुङ लाङ्घौ नयाँ भर्मी आले ।
महिनाको एक पटक हुने यो कार्यक्रम बारे पोतेलाई केहि थाहा रहेनछ । ,महीनाओ काट पटक छान्ह्के इसे कार्यक्रम बारे पोतेके हीड ठाहा मालेसा ।
उसको मनमा चेतना आयो । ,होसकुङ मीमनाङ चेटना राहा ।
तिमी पासाङसँग जाउँ । ,नाङ पासाङ कठा नुहुँन ।
बजियासे लाबादोना लाजि । ,बजीयार लावानाङ लाजिया ।
खुट्टा र हाततिर अलिकति रगत मात्र आयो । ,मीहील अनी मीहुटलाक अलीजा मीही मात्रै राहा ।
बिहानको घाम झलमल लाग्दा मेरो होमवर्क सकियो । ,गोराकौ नामखान झलमल लैडीस्च ङौ होमवर्क डूमा ।
ह्यामानको ढुंगाको सिलौटामा नुन खुसार्नी पिन्थी  । ,न्यानो धुंगाओ सिलाको लैजास्के खुर्सानी पिन्हा ।
रात धेरै लामो लाग्यो मलाई । ,नाबीक ढेर लोट्च लैडीसा ङाके ।
होइन पो हामी चाँहि छिटो आइपुगेछ । ,माहाले पो कान च झोको टाराहालेसा ।
ऊ अहिले नै आइपुग्छ । ,होसे इनाङ न टाराहाले ।
बुबाले तिब्बती कुरा जान्नु भएको छ । ,बोइय तिब्बती कुरा बार्ह्के लेको ।
ग्लान बाजेको घट्टमा बास बसेर राती खेतको आलिमा दुवाली थापेर माछा माथ्र्यौ । ,ग्लान बाजीओ घट्टाङ बास ङुआर नामबीक गार्हौ आलीआङ डुवाली ठोहोम डीस्या साटोला ।
‘जेसुकै होस् अहिले कर नगर्नुहोस् मामा । ’ मैले फेरि भने । ,आजेकै आलोस् इनाङ कर माटानीको मामा ।
हरिकलाको मन आफ्नै खाल आफ्नै जितौरी भयो । ,हरिकलाओ मीमन मेल्लौ खाल मेल्लौ जीटौरी छान्हा ।
घर छोडेर हिड्ने त हिँडिहाल्यो यहाँ बस्नेले त केहि गुर्न पर्यो । ,इम डासार व्हाच च व्हाकेभ्या इलाङ ङुचय च हीड जाट्के परीसा ।
छोरा पहिलो भएछ । ,लेन्जा मीजा पहीलो छान्ह्लेसा ।
‘तिम्रो घाँटीमा चाईन्जो कसले छुरी रोप्यो हँ मनमाया ? ’ जिमिदारले सोध्यो । ,नो मीडुङ्गाङ चाईन्जो सुय छुरी रोप्डीया हँ मनमाया ? जिमिदारे गीना ।
अनि के भयो ? ,अनी ही छाना ?
अहिले पनि त्यो कुकुरले मलाई नै खाजि बस्छ होला । ,इनाङ ड होस चीऊय ङाके न पाम ङुले ओला ।
"सबैलाई मन पर्ने , सबैको मनमा बस्न सक्ने कविताहरु सुको दाज्युले लेख्दै आउनु भएको छ । ","जम्मैके मीमन परीस्के , जम्मैओ मीमनाङ ङुके य्होक्के कविताको सुको दाजीय रीक्मन राहामन लेको ।"
भर्खरकी । ,भर्खर ।
बेसारे चरा झैं गरि माथि माथि आकाशमा उड्यो खुसी खुसीले । ,बेसारे ग्वा लख जाट्म ढेमाङ नामाङ भुरा खुसी खुसी खुसीय ।
विद्यालयको एकजना राम्रो विद्यार्थी भनेर चिनिन्थ्यो मलाई त्यस बेला । ,विद्यालयाङ काटजना सेहेच विद्यार्थी डेम चीन्हीओला ङाके होस बेला ।
ऊ तामाङ हो ? ,होसे तामाङ आले ?
बुबाको मुनिको एकजना काका चाँहि सानैमा बित्नु भएको रे । ,बोइओ म्हाकाङो काटजना बाबु च मार्ह्र्नाङन सीचको टा ।
बिहानै पिच्छे बाहुनी बुढी घण्टी बजाएर तुलसीको मठ परिक्रमा गर्थी । ,गोराक न पिच्छे बाहुनी बुढी घण्टी ङाहाम तुलसीओ मठ परिक्रमा जाट्ला ।
उसको विचल्लि देखेर मैले घरमा ल्याएर घर व्यवहार सुम्पिदिए“ । ,होच्य विचल्लि डाङ्म ङे इमाङ राक्म इम व्यवहार सुम्पिडीम च्याका ।
दाज्यु सुकोलाई भेट हुनु भन्दा पहिले देखिनै मलाई छोटो कविता लेख्ने कवि भनेर चिनिसकेको थियो । ,दाजी सुकोके डूप्च डेनाङ पहीला व्हारान ङाके टुन्ह्च कविता रीक्के कवि डेम चीन्डीमभ्याच लेया ।
गुरुङ साथी बालाजु नेपालटारमा बस्थ्यो म चाँहि भक्तपुरमा । ,गुरुङ लाफा बालाजु नेपालटाराङ ङुओला ङा च भक्तपुराङ ।
काठमाडौंमा एउटा घर बनाउने मन छ । ,काठमडौ काट इम खास्के मीमन ले ।
केहि वर्ष संकलन गरेको पैसाले घर बनायो । ,हीड ल्हेस संकलन जाटार पैसाय इम खासा ।
"ठूलीमैयाले किताब पढ्न पाउने लोभमा चिल्लो घस्यो , ‘वचनको पक्का मान्छे मलाई मन पर्छ . . . । ’","करङ्चमैयाय कीटाब पढीस्के डीन्ह्च लोभाङ चील्लो लाका , मावचनो पक्का भेमी ङाके मीमन पर्ले . . ।"
एक हात लुगालाई कति ? ,का हाट बन्डीके कुडीक ?
नेवाकोटको डोलमो र काभ्रेको सोनाम त्यहीँ भेट भएको रे । ,नेवाकोटो डोलमो अनी काभ्रो सोनाम होलाङ भेट छान्ह्च टा ।
नौ दस सय जति चाहिन्छ होला । ,नौ चू भोङ्ग जटी चैडीस्ले ओला ।
कान्छाले बेलुकी ठूलीमैयाले फिर्ता ल्याइदिएकी उपन्यास लगेर ओन्छ्यानमा मिल्कायो । ,कान्छै नामार्लाक करङ्चमैयाय फीर्टा उपन्यास ख्योहोके उपन्यास लग्डीस्म ओल्हा ।
मेरो ड्युटी भनेको चुल्होमा आगो फुक्ने । ,ङौ डिटी डेच चुल्हाआङ म्हे म्हुट्के ।
संस्कृति पनि मिल्ने । ,संस्हृति ड डीन्ह्के ।
गाउ“ काभ्रेको केराबारी । ,होयोच काभ्रेओ केराबारी ।
आफू बाँचेको जीवन र समयलाई च्याप्प समातेर कविता लेख्नु दाज्युको चिनारी हो । ,मेल्ला जीवाच जीवन अनी समयके च्याप्प जीम्म कविता रीक्के दाजीओ चीनारी आले ।
सबैको छुट्टि । ,जम्मैओ छुट्टी ।
"अँध्यारो सबै सुतिसकेको समय , अर्को कस्लाई के थाहा ? ","छुम्च जम्मै मीस्मभ्याचौ समय , आस्काट सुके ही ठाहा ?"
०५२ फागुन दोस्रो हप्तातिर गाउँमा गाँइगुँइ हल्ला फिजियो– ‘माओवादीले युद्ध सुरु गर्यो अरे ! ’,०५२ फागुन न्हीसो हप्टालाक लाङ्घाङ गाँइगुँइ हल्ला फीज्डीस्च माओवादीय युद्ध सुरु जाटा टा !
विद्यालय घरमाथि थियो । ,विद्यालय इमढेमाङ लेया ।
चु क्रम अगाडि बढि रह्यो । ,चु क्रम अघेरपट्टी बढीस्मन छान्हा ।
त्यो मान्छे माझी हो । ,होसे भर्मी माझी आले ।
"भूत , प्रेत र धामीप्रति विश्वास गर्नेहरु भन्थे , ‘जहा“ अन्तरे बोम्बोले टेक्छ त्यहा“ बोक्सी त के जस्तोसुकै शक्तिशाली आत्मले पनि नौडा“डा काट्छ । ’","भूट , प्रेत अनी धामीप्रटी विश्वास जाट्के डेमथे , जाहानको अन्टरे बुडाय टेक्डीया ।"
त्यसयता गन्धे झार मेरो पनि आदत बनेको थियो  । ,होलाक गन्धे झार ङौ ड आड बन्डीच लेया ।
मनमा साह्रै नराम्रो लाग्यो । ,मीमनाङ साह्रै मासेहेच लैडीसा ।
लानि क्याम्पस पढ्नेसँगै चाउचाउ कारखानमा काम पनि गर्न शुरु गर्यो । ,लानि क्याम्पस पढीस्चकठा चाउचाउ कारखानाङ काम ड जाट्के सुरु जाटा ।
माग्न त धेरै मान्छे आयो । ,ङीहीके च ढेर भर्मी राहा ।
निमाले लौरो खेल्यो । ,निमाय डाङ्गा गेसा ।
घेवामा प्रशाद के लानु पर्ला ? ,घेवाङ प्रसाड ही नुहुँन्के पर्ले ।
‘आन्टीलाई अस्पतालमा लग्यो भने निको हुन्छ । लैजाउँ बरु अस्पताल नसके पनि हेल्पोष्टमा लैजाउँ । ’ सँगे आएका ती मान्छेले भेने । ,माराहाके अस्पतालाङ नुहुँना डेनाङ गेप्ले ।
रुन्चेचोकसे नरेलाई पनि बिदाइ गर्यो । ,झेर्चोकैडीसनाङके ड बीडाइ जाटा ।
एक दुइ गरेर गन । ,काट न्हीस जाट्म हील्नी ।
हुन त मैले लेखेको सिजो भयो कि भएन मलाई थाहा भएन । ,आल्के च ङै रीक्च सिजो छान्हा की माछान्हा ङाके ठाहा माछान्हा ।
कागको बीचको बकुल्लो जस्तो कान्छा भने आज नयाँ उपन्यासको किताब ल्याएर दोस्रो च्याप्टार सुरु गर्दै रहेछन्् । ,कौवौ बीचाङ बकुल्ला लख कान्छा डेनाङ छीनीङ नया उपन्यासो किटाब राक्म न्हीस च्याप्टार सुरु जाट्मन लेउसा ।
आमाले भन्नु भएको कुरामा मैले केहि भनिन । ,मोइय डेयाको कुराङ ङै हीड माडेया ।
तिन पाथी रक्सी चाहिन्छ । ,सोम पाथी रक्सी चैडीस्ले ।
सिकार खेलने क्रममै बाजे मरेको रे । ,सीकार गेस्के क्रममाङ बाजी सीच टा ।
घरमा चार जना पाहुना छन् । ,इमाङ बूली जना पाहुना ले ।
म थु थु गर्दै उनीहरुलाई थुक्दै र मन्छाउ“दै भूत पन्छाउन हामी दुई बाहिर कुद्यौँ । ,ङा ठु ठु जाट्मन होसकोके ठुक्मन अनी मन्छडीमन भूट पन्छडीके कान न्हीस बहीरीङ ख्योरा ।
छोइछिटो प्रचलन यथावत थियो तर लुङगेली परिवारले किनेपछि भने सबै बटुवाको साझा चौतारो जस्तो थियो पानीको लागि यो घर । ,छेउको प्रचलन इसे लेया टर लुङगेली जाहाने लोट्च डेप्याक जम्मै बटुवाओ साझा कूली इसे इमो लागी डी चारो लागी ।
यति भन्दै उ आफ्नै बाटो हिड्यो । ,इटार डेम होसे मेनो लाम व्हा ।
अघि मरिचजस्तो खुम्चेको उ फुलेर बेलुन बन्यो । ,म्हेनीङ मरिचेलख खुस्च होसे फुक्म नामारन बन ङापा ।
कठ परिक्रमा गर्ने बेलामा केटाकेटीहरु नजिक गयो भने काँडाले घोचे झैं घोच्ने गरी सराप्थ्यो बाहुनकी बुढी । ,कठ परिक्रमा जाट्च बेलाङ जजाको खेरेप नुहुँआ डेनाङ जुय डुम गरी सराप्डीओला बाहुनो बुढी ।
पुरानो मैलोले कालो तीन चार ठाउँ टालेको लुगा लगाउँथ्यो उसले । ,पुरानो रीस्च कालो सोम बूली ठाउँ टाल्डीच कपडा बीलोला होच्य ।
भेट हुने बेलामा साथीको नाम ‘अग्निपुष्प’ थियो । ,डूप्च बेलाङ लाफौ म्यारमीन माग्निपुष्पाङ्म लेया ।
तर श्रीमान श्रीमतिको सम्बन्ध कहिल्यै रहेन । ,टर लेन्जा माझौ सम्बन्ध सेनर माछान्हा ।
दिउँसो अलि तातो भएपनि साँझ र बिहान चिसोले आफ्नो स्वभाव देखाइसकेको थियो । ,नामसीन अली जोस्म लेनाङर नाबीकलाक क्योक्च मेनो स्वभाव टनाक्मभ्याम लेया ।
कसै कसैले त्यसै भने । ,सु सुय होटन डेया ।
पेमा घरतिर आउँदै छ । ,पेमा इमलाक राहामन ले ।
उता सहरमा छोरीहरुलाई तन्नेरीहरुले दुःख दिन्छा भन्ने कुरा सुन्नमा आयो । ,होलाक सहराङ माझामीजाकोके र्हेन्जाकोइ डुखा याहाले डेच कुरा सेके राहा ।
चार महिना पछि तलब आएपछि त मैले मेरो तलब सासु र ससुरालाई ल्याएर दिएँ । ,बूली महीना न्हुनीङ टलब राहाप्याक द्ब ङै ङौ टलब सासु अनी ससुराके राकार ङायाहाङ ।
झलझली अघि मलाई गिज्याउने साथीहरु सम्झ्यो । ,झलझली म्हेनीङ ङाके खेरेहेच लाफाको आर्मीटा ।
दमिनीले हात हालेर लगेछ । ,दमिनीय मीहुट कार नुहुँन्लेसा ।
ऊ पो त्यस्तो । ,होस पो हुन्च ।
तिमी उतातिर जाऊ । ,नाङ होलाक नुङ्न ।
संकटकालको समय सबैले सम्झ्यो साँचिकै उनी आतंककारी होला । ,संकटकालो समय जम्मैय आर्मीटा साँची न होसे आटंककारी ओला ।
हिजो दिनभरि हिडेको थियो छेपारी दुखेछ । ,टीसीनीङ याकभर व्हामन्या छेल्हेस डुखे ।
सधैँ जाँच सकेपछि रिजल्ट हुने दिन म आफ्नो नाम फस्ट घोषणा भएको सुन्न उत्सुक भैरहन्थेँ । ,सेनडसेन जाँच भ्याट्प्याक रिजल्ट छान्ह्च याक ङाल्लौ म्यारमीन फस्ट घोषणा छान्ह्च सेके उट्सुक छान्ह्मनङुओला ।
ढिला नभएकोले छिटो भयो । ,ढिला माछान्ह्चय झोको ।
एक्दे बाजेले मासु तानेर कुकुरतिर फ्याँक्नु भयो । ,एक्दे बाजीय स्या टन्डीम चीऊलाक लोहा ।
कसैले केहि कुरा बोलेन । ,सुयर हीड कुरा माङाका ।
जुवा खेल्न झरे उनीहरु । ,जुवा गेस्के झाला होसको ।
जैबारी डाँडामा थापेको पिङ उखेलेकै थिएन । ,जैबारी डाँडाङ ठाल्च पीलौनी माहुट्मन लेया ।
सिबिरमा बस्नेहरु सबैको यस्तै । ,सिबिराङ ङुके जम्मैओ इन्चन ।
म भए ठाउँसम्मै आए । ,ङा लेठाङ ठाउँसम्मन राहा ।
यति भनेर लप्टन बाजे चुप बस्नुभयो । ,इटार डेयार लप्टन बाजी चुप ङुआको ।
‘पक्कै मलाई तिनले गाली गरेकी हुनुपर्छ . . . । ’,काटपक्कै ङाके होच्य नार्च छान्ह्केपर्ले . . . ।
"कान्छाले पनि आँखा जुधाउने हिम्मत गर्न सकेन र कम्पित स्वरमा भन्यो , ‘माफ पाउँ ! दुखी बनाएकोमा . . . । ’","कान्छै ड मीमीक डापाक्के हिम्मट जाट्के माय्होका अनी होयोच स्वराङ डेया , नेमा याहानी ! डुखी खास्चय . . ।"
अहिले मलेसियाबाट  । ,इनाङ मसियाइङ ।
मलाई त राम्री लागेन । ,ङाके च सेहेच मालैडीसा ।
हग्नु मुत्नु जानुलाई पाखा जानु भन्दो रहेछ । ,बेन र्होस नुहुँके पाखा नुहुँनी डेके लेसा ।
त्यसपछि देख्ने भेट्ने भएन तिनीहरुसँग । ,होटीङ डाङ्के डुप्के माछान्हा होसकठा ।
त्यो आइमाईस“गै गएको उनको होटले चिनजाने साथी गायब थियो । ,होसे माझा मीजाघाट्म न नुहुँनो होटनो होटै चीनजान लाफाले गाह्याब लेया ।
त्यहीँ बस्थेँ । ,होलाङ ङुओला ।
"उसको भाइले के के भन्यो , के के गर्ने भयो जस्ता अनेक शब्दहरु सोधिए । ","होच्यो भय ही ही डेया , ही जाट्के छान्हा लख अनेक शब्दको गीना ।"
उत्तरमा फलाँटे स्याउरिथलिको डाँडा । ,उट्टराङ फलाँटे स्याउरिथलिओ डाँडा ।
तीनवटा जति केराको बोट । ,होमवटा खाल मोचौ मीम ।
हुरी जसरी आयो  । ,आतरी लखन राहा ।
ताम्बा बुढापाका बाजेहरुले दशैं त हामीले मनाउनु पर्ने होइन रहेछ भनेपछि छोडेको । ,ताम्बा बुढापाका बाजीकोय दशैं च कानकोइ मन्डीके पस्च माहाले लेसा डेप्याक डास्च ।
‘हाम्रो आमालाई के खुवाउन लागेको ? बिष खुवाउन लागेको हो ? ’ उनले भनी । ,कानुङ मोइके ही कास्के पाच ? बीष कास्के पाच आले ?
तिमीहरू नर्स हौ ? ,नाको नर्स आले ?
सरासर गोठतिर गएँ  । ,सरासर बरसाल नुहुँआ ।
"‘आच्छु ! कति कठ्याङ्ग्रीएको पानी’ पानी धेरै चिसो थियो , ‘मन मनै मैले भने । ’","आच्छु ! कुडीक क्ठ्याङ्ग्रडीस्च डी च ढेर क्योक्च लेया , होयोम मीमन न ङै डेया ।"
मैले खाँदै गर्दा सम्म कोहि साथीहरु आइपुग्यो भने हेर्नु पर्ला । ,ङै खाँम जाट्नाङ सम्म सु लाफाको टाराहा डेनाङ ङोस्के परीस्के ।
‘नयाँ साल २०५६ को हार्दिक मंगलमय शुभकामना  । ’ मैले ओछ्यानमुनिबाट पोस्टकार्ड झिकेर हेरेँ  । ,सोमयाँ साल २०५६६ ओ हार्दिक मंगलमय शुभकामना ।
मैले कुरा बोल्न सकिन । ,ङै कुरा ङाक्के माय्होका ।
झन धेरै रुन मन लाग्यो । ,झन ढेर राप्के मीमन लैडीसा ।
हिजोदेखि मलाई नछोडेको बज्यै खाना पकाउन जानु भयो । ,टीसीनीङलाकीङ ङाके माडास्च बज्या छो ठोहोके नुहुँआको ।
"साँच्चै मैले उनैको नाम दिएर लेखेको कविता समेत दिन पाईन , दिन मन लागे पनि । ","साँच्चै ङै होसकुङ म्यारमीन याहाम रीक्च कविता समेत याहाके माडीन्हा , याहाके मीमन लैडीसनाङ ड ।"
सानो लगेज झोला बोकेको भाइ पनि थियो सँगै । ,मार्ह्च लगेज झोला बुच भया ड लेया कठा ।
डाजाङमा मेरो साहित्कि यात्रा मुक्तकबाट शुरु भएको थियो । ,डाजाङाङाङ ङौ साहित्य सात्रा यात्रा मुक्तकीङ सुरु छान्ह्च लेया ।
"‘ए . . . हो , हुन्छ नि जागिर खान त’ आमाले फुरुङ्ग हुँदै भन्नु भयो । ","एई . . . आले , छान्ह्ले नी जागीर ज्याके च नो मोइय फुरुङ्ग छान्ह्मन डेयाको ।"
म मर्ने नै भैगो । ,ङा सीके न भैसा ।
हिजो फापरबारीमा शाही सेना र जनमुक्ति सेनाको भिडन्तमा दीपेश मारिएछ  । ,टीसीनीङ फापबारीआङ शाना अनी जनमुक्ति सुन्तओ भिडन्टाङ दीपेश गालेसा ।
सन्तवीर पाख्रिनको पुस्तक यिनीहरू हुन् - ' ताम्बा काइतेन व्हाइ रिमठिम ' र ' स्येबुस्येमु व्हाइ रिमठिम ' । ,सन्तवीर पाख्रडीओ पुस्तक इतारनीको आले- ' टाम्बाइटे काइते हिड्ठि अनी 'ङा स्यौं । '
सुकुल माथि राडी ओछ्याएको थियो । ,सुकुल ढेमाङ राट्च लेया ।
हिले बजार लेकको ठाउँ हो । ,हीले बजार लेकओ ठाउँ आले ।
त्यसबेला मसँग अतिरिक्त विषय गणित लिएर पढ्ने साथीहरु दशजना पनि थिएन । ,होसबेला ङाकठा अतिरिक्त विषय गणित लाम पढीस्के लाफाको चूजना ड मालेया ।
आज तरकारीहरू केही किनेको छैन । ,छीनिङ मेटको हीड मालोमने ।
किताब नयाँ किन । ,किटाब नयाँ ल्होनी ।
केहि समय पछि आइओएमले हेरे । ,हीड समय न्हुनीङ राहाकोइ ङोसो ।
चाहिने नचाहिने खर्च गर्यो । ,चैडीस्च माचैडीस्च खर्च जाटा ।
रङ्गे दमाइले आफ्नो परिचय यमलाल क्षेत्री भनेर दियो । ,रङ्गे दमाइय मेनो परिचय यमलाल क्षेत्री डेम याहा ।
जन्तीलाई दिने जाँड सारै छिप्पेको रहेछ । ,जन्टीके याहाके हान सारै माराङ्च लेसा ।
बाहुनी मलाई सराप्दै थिइ । ,बाहुनी ङाके सराप्डीम लेया ।
यो घरतरुल होइन । ,इसे इम इम आर्ल माहाले ।
घरमा हाँसो खुसी नै थियो । ,इमाङ रेट्च खुसी न लेया ।
गाउँका बुढापाका भेला भएछन् । ,लाङ्घाओ बुढापाका भेला छान्ह्लेसा ।
मैले सम्झेदेखि बुबालाई देखिनँ  । ,ङै आर्मीटनाङ बोइके माडाङा ।
एक बोरा चामल लैजाऊ । ,काट बोरा छुरु नुन्नो ।
ताप्के कालो हुन्छ । ,टाप्के कालो छान्ह्ले ।
पछि उनीहरुले केटी माग्न आएको भनेर भने । ,न्हुनीङ होसकोइ माझा ङीहीके राहाच डेम डेया ।
विचर धेरै पाप गर्यो क्यार धेरै गाह्रो भयो । ,वीचरा ढेर पाप जाटा क्यार ढेर गाह्रो छान्हा ।
भोलीपल्ट गोठोलो जाँदा सँगै लिएर गयो । ,पीहीनपल्ट मार्हा नुहुँनाङ कठान लामन नुहुँआ ।
ऊ को हो ? ,होसे ही आले ?
साङमोले अहिलेसम्म दुध खादै छे । ,साङमोय इनाङसम्म दुध गामन ले ।
लौ है भोली बिहान त चाँहि खाँदबारी जानु पर्ने रहेछ । ,लौ है पीहीन गोराक च खाँदबारी नुहुँके पस्च लेसा ।
भिन्न मान्छे दुःख एउटै । ,भाहाच भर्मी डुखा काट्च ।
"मैले भात खाए , तरकारी खाए , मासु खाए । ","ङै छो ज्या , मेट ज्या , स्या ज्या ।"
त्यो बुढी को रहेछ ? ,होसे बुढी सु लेसा ?
एक दिनको यो चोला । ,काट याको इसे बोला ।
नाङ्सालको अध्यक्ष बज्यैले भने जस्तै गाउँ बनाउनु पर्छ । ,नाङ्सालओ अध्यक्ष बज्ये डेच लख लाङ्घा खास्के पर्ले ।
फेरिको जुनीमा तिमी मसँगै जन्म लेउ । ,फेर्डीस्च जुनीआङ नाङ ङाकठान फुन्हीङ ।
‘तिमीलाई के भयो ? ’ छोरालाई कराए बुढी बज्यैले । ,नाङके ही छान्हा ? ? छान्ह्मन लेन्जामीजाके च्याका बुढी बज्ये ।
मैले कुरा बोल्न सक्दैन भन्ने कुरा उनीहरुलाइै थाहा भैसक्यो । ,ङै कुरा ङाक्के माय्होकले डेच कुरा होसकोके ठाहा छान्ह्मभ्या ।
नमारे उसको मित बुहारीलाई हेर्ने मान्छे हुने छैन भन्ने कुरा उसले थाहा पाइसकेको थियो । ,मासाटनाङ होच्यो मीट बुहारीके ङोस्के भर्मी माछान्ह्ले डेच कुरा होच्य ठाहा डीहीन्मभ्याम लेया ।
आँसु बगाएँ बुझेन । ,मीमीकडी बगडीया माव्हारा ।
यहाँ बस न । ,इलाङ ङुन न ।
कुखरा नमार । ,ग्वा मासाटो ।
मेरो गाला पुनः रातो भयो ती साथीको कुरा सुनेर । ,ङौ मीगाला फेरीः ग्याच छान्हा होस लाफौ कुरा सेयार ।
त्यो कुकुर कालो वर्णको थियो । ,होस चीऊ कालो वर्णओ लेया ।
तिमी तलतिर जाऊ । ,नाङ म्हाकाङलाक नुङ्न ।
रूखबाट पात झर्यो । ,वुटीङ पार्लाक झाला ।
यो भन्दा छ वर्ष पहिलेको कुरा हो । ,इसे डेनाङ ले ल्हेसो पहीला कुरा आले ।
म ताम्बा हुँ । ,ङा टाम्बा आले ।
केहि गर्न नहुने । ,हीड जाट्के माछान्च ।
कति ठाउ“मा त त्यही हात धुने भाडा ल्याएर जबरजस्ति हातै धोइ दिन्थे । ,कुडीक थाउआङ च होसे मीहुट हुर्के भाडा राक्म जबरजस्टि मीहुटन हुर्म योहोला ।
"मलाई त्यसो भनेर माया दिने सिस्टर कोहि नभएर , वन्दना पोखरेल सिस्टर नै थिई । ","ङाके होसे डेम माया याहाच सिस्टर सु माहल्म , वन्दना पोखरेल सिस्टर न लेया ।"
‘मेरो छारी खोइ ? ’ उनले आउने बित्तिकै सोधे । ,होसे माझामीजा खै ? होच्य राह्च बीट्टीकै गीना ।
उनको आफ्नो नामको केही थियो त उनकै बाटो कुरेर बसेको त्यही ठूलो बुर्जावाला घर थियो । ,होच्यो मेनो म्यारमीनो हीड लेया च होच्यो लाम वाङ्म ङुच होसेन करङ्च बुर्जावाला इम लेया ।
मसँग एउटा टोपी छ । ,ङा कठा काट टोपी ले ।
लानि दिनि होमवर्क गर्दै थिए । ,लानि दिनि आलेमवर्क जाट्मन लेया ।
सानी छोरी चार वर्षकी भइन् । ,मार्ह्च माझामीजा बूली ल्हेसो छान्हा ।
मैले अघि झाँक्रीस“ग टाउकोमा हात राखेर खाएको कसम झण्डै बिर्सएको । ,ङे मेनीङ झाँक्रीसराङ मीटालुआङ मीहुट डाम ज्याच कमय झण्डै म्याक्च ।
उनी भने मसँग नडराउँने नलजाउने भैसकेकी थिई । ,होसे भर ङाकठा माबीरीके माकराके छान्ह्मभ्याच लेया ।
मैले केहि भनिन चिना साथीलाई । ,ङै हीड माडेया चिना लाफाके ।
माछाको खुट्टा हुँदैन । ,मोइओ मीहील माछान्ह्ले ।
म र ऊ जात्रामा गयौं । ,ङा र होसे जात्राङ नुहुँआ ।
बुहारीहरू घाँस दाउरमा गएकी छिन् । ,बुहारीको घाँस सीङाङ जाट्के नुङ्मने ।
अहिले जस्तो जुनसुकै बेला जान आउन नसक्ने थियो रे । ,इनाङ लख जुनसुकै बेला नुहुँके राहाके माय्होक्के लेया टा ।
‘भए पनि यसलाई एउटा चिजको खाँचो छ’ अर्को एकजनाले भने । ,डेनाङ ड इसके काट चीजो खाँचो ले आस्काट काटजनाय डेया ।
‘ल हिँड । ’,होसे व्हान ।
तिनले छोरोलाई फेरि फकाउन खोजिन् । ,होच्य लेन्जामीजाके फेरी होम्के पा।
"भाँडा माझ्ने छ्याङ्माहरुले कसैले भाउजु , कसैले के के साइनो लाएर कुरा बोले । ","भाँडा ठुट्च ले्याङ्माकोके सुय भजी , सुय ही साइनो लैडीम कुरा जाटा ।"
होस फिर्दा थाहा भयो कि स्वयम्भूनजिकैको गेष्टहाउस रहेछ । ,होस फिर्नाङ ठाला छान्हा की स्वयम्भूजिकै गेष्टहाउस लेसा ।
मेरो श्रीमतिको त्यो क्रियाकलाप अनि मैले श्रद्धा गरेको त्यो आइमाइको चरित्र देखेपछि भने ममा उल्टो सोँचको विकास भयो । ,ङौ माझौ होस क्रियाकलाप अनी ङै श्रद्धा जाट्च होस माझौ चरित्र डाङ्प्याक डेनाङ ङाङ उल्टो सोँचो विकास छान्हा ।
मसँग नलजाइकन । ,ङाकठा माकराम ।
उसको छोरो पास होस् । ,होच्यो लेन्जा मीजा पास अटछानोस् ।
जोडि मिलिरहेको थिएन । ,जोडी माखाट्मन लेया ।
पाल्मो नाची । ,पाल्मो स्याहा ।
मलाई आफ्नो नाम पत्रिकामा छापेको हेर्न आत्तुर भयो । ,ङाके ङाल्लौ म्यारमीन पत्रिकाङ छाप्डीम ङोस्के आटुर छान्हा ।
केही वर्षपछि नै सुन्तला गज्जबले फल्न थाल्यो । ,हीड ल्हेस न सुन्टला गज्जै स्यास्के ठाला ।
सासु मनमायासँग कहिले काही हासिमजाक गर्थिन् । ,सासु मनमायाकठा सेन काके नामसुय जाट्ला ।
प्रधान बुढा देख्ने बित्तिकै बाहुनी बुढी रुन थाली । ,प्रधान बुढा डाङ्च बीट्टीकै बाहुनी बुढी राप्के ठाला ।
ठूलो ठूलो स्वार निकाली निकाली रोएको । ,बड्को करङ्च स्वार छ्युक्का राप्च ।
के के खोजे झैं यता उता हिँडिरहेको थियो उ । ,ही ही पानाङ लख इलाक आलाक व्हामन लेया होसे ।
"‘साथी हो बाँचे आईन्छ , मरे राईफल सिरानीमा’ सधैं छुट्टिने बेलामा ठट्टा गर्दै उनी भन्ने गथ्र्यो । ","लाफा आले जीवानाङ राहाले , ङारे राईङ पाहाम सिरानी साँढसेन छुट्डीस्च बेलाङ ठट्टा जाट्मन होस डेम ग्रडीओला ।"
ड्राइभरको पछिको सिट । ,ड्राइभरो न्हुलाकौ सीट ।
दाज्युका सिजोका शब्द शब्दमा यौन बाँच्छ । ,दाजीओ सिजोओ शब्द शब्दाङ यौन ङाहाले ।
"वान्तवा रार्ईहरु बाख्रा नकाट्ने , नखाने । ","वान्च राईको र्हा माचेके , माज्याके ।"
हिमाल भनेको देवी बस्ने डाँडा हो । ,हीमाल डेच देवी ङुच डाँडा आले ।
ऊ कहिले आउँछं ? ,होसे सेन राहाले ?
अरु बेला त पारी पाखातिर बाख्रा गाई चराउने र मोथिको भेँडागोठ हाँडीखर्कको गोठालो मात्र आइपुग्ने । ,अरु बेला च पार्लाक पाखालाक र्हा हेट आर्छाके अनी ढेमाओ लूकबरसाल हाँडीखर्कओ बरसाल्या मात्रै टाराहा ।
दाज्युलाई मन पर्यो । ,दाजीके मीमन परीसा ।
त्यसो भने म जान्न । ,होट डेनाङ ङा मानुहुँले ।
यिनीहरू त माओवादी होइनन् र  ? ,होसको च माओवादी माहाले र ?
जात्रामा को को गए ? ,जात्राङ सु सु नुहुँआ ?
यिनीहरूले केरा खाए । ,इसकोइ मोचा ज्या ।
हामीहरू तामाङ हौं । ,कानको तामाङ आले ।
यस्तो कविताहरु सुको दाज्युले धेरै लेख्दै आएनु भएको छ । ,इन्च कविताको सुको दाजीय ढेर रीक्म राहामन लेको ।
बुढाले चाउरिएको गालामा बसेको झिँगालाई पाट्य हान्यो । ,बुढोय रुहुच मीगालाङ ङुच जीम्माह्ङके पाट्य ङापा ।
तिमीहरू मोक्तान हौ । ,नाको मोक्तान आले ।
"मेरो त्यो कविता पढेपछि कवि दाज्यु नरेश शाक्यले पनि भेट हुने बेलामा मलाई भन्नु भएको अहिले झैं लाग्छ , ‘ईश्वर भाइ , मैले तिम्रो एउटा कविता एकेडेमीबाट निक्लने कविता नामको पत्रिकाको एउटा अंकमा पढ्न पाएको थिएँ । त्यो कविता मलाई औधी मन पर्यो । भाइलाई शुभकामना छ । सधैं यस्तै मन छुने कविताहरु लेख्दै जानु है । ’","ङौ होस कविता पढीस्प्याक कवि दाजी नरेश शाक्ये ड डुप्च बेलाङ ङाके ड डूप्च बर्लाङ ङाके डेच इनाङ लखन लैडीसले , ङाके नो काट कविता एकेडेमीईङ छ्युक्च कविता म्यारमीनो पत्रिकाङ पढीस्के डीन्ह्च ङालेयाङ ।"
कुखराले माटो खोस्र्याउदै थियो । ,ग्वाय झा खोस्डीमज लेया ।
"‘मलाई धेरै टेन्सन भयो’ उसेल भन्यो , ‘म विदेश जानु पर्यो । ’","होडीकके ढेर टेन्सन छान्हा होसेन डेया , 'ङा विदेश नुहुँके परीसा ।"
भागमा पनि छोयो । ,भागाङ ड डासा ।
मैले सम्झने बेलादेखि उसलाई प्रधान बुढा भन्दो रहेछ । ,ङै आर्मीटच बेलीङ होसके प्रधान बुढा डेके लेसा ।
अरु पाहुनाले खाएको भाँडो आमाले पखाल्न हुँदो उसको चाँहि किन भएन ? ,अरु पाहुनाय ज्याच भाँडा मोइय हुर्के छान्हाङ होच्य च हीके माछान्हा ?
कमरेड ओखटे उनीहरुले लगेपछि कहिल्यै फर्केर आएन । ,कमरेड ओखटे होसकोइ लगेप्याक सेनर माराहा ।
फूलबाट निस्केको हरक मेरो श्वासनली हुँदै फोक्सोमा पुग्यो  । ,सारीङ ख्योहोच हरक ङौ स्वासनली छान्ह्मन फोक्सोआङ टाहा ।
दिदीहरू खेतबाट आउँदै छन् । ,डैको गार्हा लेकीङ राहामन ले ।
जुवामा त हारियो हारियो घर पनि बिटुलो पारिदियो । ,जुवाङ च हार्डीसा हार्डीसा इम ड बिटुलो पार्डीया ।
ओते बिसि ङा तिसारि निजि । ,ओते बीसि म तिहार निसाराङा ।
सोचेको जस्तो होस् । ,आर्मीट्च लख छानोस् ।
अघि खुट्टै ढोक्ने जाबोले हामीलाई भाडा माझ्न र लोट्न लगाउने ? ,मेनीङ मीहीलाङन झोर्के जाबोय कानके भाँडा छलाम्के अनी लाक्के लैडीके ?
उनीहरुले पानी नै नपुगेर त्यसो भएको पनि भने । ,होसकोइ डी न माओल्म हुन्च छान्ह्च ड डेया ।
त्यो कुकुर कता छाडेको त्यहीँ होला ठानेर म न्यातपोल मन्दिरमा पुगरे कुकुरलाई नियालेँ । ,होस चीऊ कुलाक डास्च होलाङ ओला लोक्म ङा न्यातपोल मन्दिराङ टाहाम चीऊके ङाओसाङ ।
कसरी धोकेँ थाहा छ ? जसरी फिल्ममा हिरोले हिरोइनको विछोड पछि वा हार्दै गरेको गुण्डाले रिसको रागमा पिउ“छन्् नि हो त्यसैगरी । ,कुटरी ढोक्न ठाहा ले ? जसरी फिल्माङ हिरोय हिरोइनो विछ वार्ह्मन जाट्च गुण्डाय मीरीसो रागाङ गाले नी होडीको ।
दिन्हु दाँत माझ । ,डीन्हु मीस्याक ठुटो ।
उसले चाँहि मलाई देख्यो कि नजिकै तान्न खोज्ने । ,होच्य च ङाके डाङा की खेरेप न टन्डीके पाके ।
‘साथीलाई । ’ मैले औपचारिकताभन्दा पनि बुढोस“ग गफिएर समय कटाउन मात्र खोजें । ,लाफाके । ङे औपचारिकताडेनाङ ड बुढोस च बुढो गीन्म समय चेके मात्रै ङापाङ ।
माउभैसीको नाकमा जुका पसेछ । ,मोइभैसीओ मीनाङ लावाट पहीसा ।
बाँधुवा भैंसी फुक्न पाएकोमा चर्नुको सट्टा आँइ आँइ उँइ उँइ गर्दै बाँदरे जाने तेर्सोमा खुब मच्चि मच्चि उफ्रँदै थियो । ,बाँढुवा भैंसी फसाके डीन्हाङ स्वास्चौ सट्टा आँइ उँइ उँइ उँइ जाट्मन बाँडरे नुहुँके टेर्स्रोआङ खुब मच्चि मच्चि फोर्होजोमन लेया ।
तिमी पनि हिरो नै देखिन्छ नि हो । ,नाङ ड हिरो न डाङ्मले नी हो ।
रातभर हराईो । ,नाबीकभर म्हाटालेसा ।
वार्डभित्र एकजना सिस्टर थिई वन्दना पोखरेल नामको । ,वार्डभीट्री काटजना सिस्टर लेया वन्दना पोखरेल म्यारमीनो ।
हामी योन्जन हौं । ,कानको इसेन्जन आले ।
जोडी बाँध्यो । ,जोडी बाँढ्डीसा ।
घाम ओइलाएर गयो  । ,नामखन ओइलडीस्म नुहुँआ ।
"त्यो पुस्तक छापेपछि एकदिन म बाबु दाज्युलाई भेट्न गएँ , काठमाडौंमा । ","होस पुस्तक छाप्डीप्याक कायाक ङा बाबु दाजीके डूप्के ङाङुआङ , काठमाडौंआङ ।"
उहिले उहिलेको कुरा गर्नु पर्दैन । ,उहीले उहीलेओ कुरा जाट्के मापरीस्ले ।
नाङ्लो जत्रो आँगन । ,नङ्घली टरको आर्भा ।
यसपासी गुम्बाडाँडामा माने बनाउने रे । ,छेल्हेस गुम्बाडाँडाङ आर्जुके खास्के टा ।
फुर्साङको आमाले चाँहि दूधमा भिजाएको चामलको अछेता लिएर आयो । ,फुर्साङो मोइय च डुढाङ छीमीक्च छुरुओ अछेटा लाम राहा ।
साथीहरुबाट सुन्दै आएको थिएँ । ,लाफाकोईङ सेमन राहाच ङालेयाङ ।
म नै गएर भनेँ । ,ङा ज नुहुँआर डेआ ।
उनले मन मनै मुटुको मायालाई अङ्गालो हाली । ,होच्य मीमन न मीगीनो मायाके अङ्गालो काली ।
तामाङ लवजमा उनको विनम्रतालाई खासै वास्त नगरी बिचैमा बोल्यो अन्तरे झाँक्रीले । ,तामाङ लवजाङ होच्यो विनम्रटाके खासै वास्त माजाट्म बीचाङन ङाका अन्टरे झाँक्रीय ।
दाज्युले त्यसो भन्ने बेलामा गुरुङ साथीले मलाई एकपटक पुलुक्क हेर्यो । ,दाजीये होट डेच बेलाङ गुरुङ लाफाय ङाके काटपटक पुलुक्क ङोसा ।
छोराछोरी सानै थिए । ,मीजाको मार्ह्चन लेया ।
मलाई तिम्रो घर जाने मन छ । ,ङाकी नो इमाङ नुङ्के मीमन ले ।
बिहानै काममा आउनु परेकोले अघिदेखिनै रिस उठिराखेको म्हारसाङ अब चिढचिढ भई । ,गोराकन कामाङ राहाके परीस्चय म्हेनीङव्होरान मीरीस ख्योहोच म्हारसाङ अब चीढ छान्हा ।
छि एक्कासी कसरी तर्साउन सकेको प्रेममा पनि ब्वाँसोलेजस्तो . . . । ,छी एक्कासी कुटरी गनाक्के य्होकच प्रेमआङ ड ब्वाँसोयलख . . . ।
मन होस हवास सबै माइती घरमै थियो । ,मीमन होस हवास जम्मै माइटी इमाङ न लेया ।
ज्ञानु सिक्न पढ्न सिपालु । ,ज्ञानु पाहाके पढीस्के सिपालु ।
काक्रो सिङ्गै लैजाऊ । ,ङे पुरै नुन्ही ।
रूखमा चढ । ,वुटाङ काल्न ।
भाइ घरभित्र छ । ,भया इम भीट्री ले ।
पुसा फासफुस भन्छन् । ,फासफुस छान्ले ।
पिउने पानी छैन । ,गाच डी माले ।
मैले सकिनसकि पचाउन खोजे । ,ङै य्होकमाय्होक पैडीके पा ।
यो दुई पुस्तकको शब्द शब्दमा मेरो आँशुको ढिका बाँचेको छ । ,इसे न्हीस पुस्तकओ शब्द शब्दाङ ङौ मीमीकडीओ ढिका जीवाम ले ।
साह्रै नराम्रो लाग्यो । ,साह्रै मासेहेच लैडीसा ।
"कहिले ससुरा कहिले सासु , कहिले बाजे ससुरा , कहिले सौताको मितबुबा आएर मलाई घर बारी खेत सौताको नाममा गरिदिनु पर्छ भनि नै रह्यो । ","सेन ससुरा सेन सासु , सेन बाजी ससुरा , सेन सौटौ मीटबोइ राहार ङाके इम बारी गार्हा सौटौ म्यारमीनाङ जाट्मयाहाके पर्ले डेम न ङुआ ।"
दिपेश भन्ने गर्थ्यो  । ,दिपेश डेके जाटोला ।
"बाहुन , मगर अनि नेवारनीहरु माइतीघर जाने आउने लस्कर नै देखिन्थ्यो । ","बाहुन , मगर अनी नेवारनीको माइटीइम नुहुँके राहाके लस्कर न डाङोला ।"
"‘बस्नुस् न बस्नुस् मित्रजन’ बुबाले भन्नुभयो , ‘मान्द्रो बिछ्याउनुस् न मामाहरुलाई । ’","सोमनुहुँनी न ङुनी लाफाकोय डेयाको , 'गुन्ड्री टाङ्नीस न मामाकोके ।"
भेँडेटारला टर्निन पनि काट्यो । ,भेँडेटारला घम्टी ड चेसा ।
नभागेको भए मार्ने रहेछ । ,न भागेओ डेनाङ साट्के लेसा ।
म माया नै माया बीच खुसीमा हुर्केँ । ,ङा माया न माया बीचाङ खुसीआङ होर्आ ।
कराएपछि त ससुरा रिसाउनु भयो । ,च्याक्प्याक च ससुरा मीरीस जाटाको ।
आधा रात जति भयो होला । ,आढी नाबीक जटी छान्हा ओला ।
ऊ पेमा होइन । ,होसे पेमा माहाले ।
तिमी शिक्षक हो कि होइन ? ,नाङ शिक्षक आले की माहाले ?
विद्यालय जाने र बाटामा हिड्ने बच्चाहरुले जो कसैको काँक्रो टिपेर खाने । ,विद्यालय नुहुँके अनी लामाङ व्हाच जजाकोय जुस सुयर ङे ढुम्म ज्याके।
जीवन भर साथ दिन्छु भनेर ताम्बाको अगाडि कसम खाएको मान्छेले त पहिले नै छोडेकोले होला अनुहार अँध्यारो देखिए पनि बाँचोस भन्ने लागेको देखिएन । ,जीवन भर साठ याहालाङ डेम झ्याबोइओ अगाडी कसम ज्याम भर्मीय च पहीला न डास्चय ओला मीटाहा छुम्च डाङनाङ ड जीवाओस् डेम लैडीस्च माडाङा ।
के भएछ भन्ने म पनि त्यहाँ पुगे पछि पो थाहा पायो । ,ही छान्ह्लेसा डेम ङा ड होलाङ टाहा प्याक पो ठाहा डीन्हा ।
सिक्ने पढ्ने गरेको । ,पाहाके पढीस्के जाट्च ।
चन्द्रकलाको मनमा लाग्यो यो मान्छे राम्रो रहेछ । ,चन्द्रकलाओ मीमनाङ लैडीसा इसे भर्मी सेहेच लेसा ।
एक्ली भएकोले आफूलाई अलमलाउन तिनी बुढीले तान बुन्न भने कहिल्यै छोडिन । ,मेल्लाहा लेचय मेनके अलमलाडीके होसे बुढीय टान जाहाके डेनाङ सेनर माडासा ।
दाज्युलाई सबै भन्दा पहिले भेट्न पाएकोमा मलाई खुसी लाग्यो । ,दाजीय जम्मै डेनाङ पहीला डूप्के डीन्ह्चय ङाके खुसी लैडीसा ।
म एक्ले मर्नु र बाँच्नुको दोसाँधमा बसिरहेँ । ,ङा ङाल्ला सीके अनी जोवाचओ डोसाँढाङ ङुमनङुआ ।
दाज्युको सिजो मलाई औधी मन पर्छ । ,दाजीओ सिजो ङाके ढेर मीमन पर्ले।
भूँइमा रगतको पोखरी जमेको थियो । ,झाङ मीहीओ पोखरी जम्डीस्म लेया ।
माझ घरे कान्छोले बुहारी ल्याएछ । ,माझे कान्छाय बुहारी राक्लेसा ।
मन ठूलीआमासँगै उडेर गयो । ,मीमन झ्यामोइकठा भुर्म नुहुँआ ।
त्यस गाउँमा प्रधान बुढाले भनेको कुरा काट्न सक्ने मान्छे निस्किएको थिएन । ,होस लाङ्घाङ प्रधान बुढाय डेच कुरा चेके य्होक्के भर्मी माख्योहोम लेया ।
नयाँ गिलास फुट्यो । ,नयाँ गीलास फुट्डीसा ।
सागपात राम्रोसँग केलाऊ । ,गनपट सेमकठा ङोसो ।
"दमिनीले फरियाभित्र मासु लुकाइछिन् , जमानी भाग । ","दमिनीय फरीयाभीट्री स्या आर्चीक्लेसा , जमानी भाग ।"
उसले जाँड खाएको छैन । ,होच्य हान मागामने ।
पछि पुलिसले बुबा र बुबाका साथीहरुलाई धुँइ धुँइती खोज्न थालेकाले भक्तपुरमा बस्न सक्नु भएन । ,न्हुनीङ पुलिसे बोइ र बोइओ लाफाकोके ढुँइ ढुँइटी पाके ठाल्चय भक्तपुराङ ङुके माय्होकाको ।
बिरे र हरि यही सपना बोकेर कतारको अलसाफी कम्पनीमा काम गर्न पुग्यो । ,बिरे अनी हरि इसेज मङ्नाम ब्म कतारो अलसाफी कम्पनीआङ काम जाट्के टाहा ।
ऐनामा अनुहार हेर । ,ऐनाङ मीटाहा ङोसो ।
तिमी ठुलो मान्छे । ,नाङ बडा भर्मी ।
धाननाच र डम्फुनाच हेरेर खुसी भएकी थिई । ,छोसाना अनी डम्फुना ङोस्म खुसी छान्ह्म लेया ।
कहिले पनि बिर्सना सक्दिन । ,सेन ड म्हाक्के माय्होक्ले ।
पाल्मो ढुङ्गामा ठेस लागेर लडी । ,पाल्मो ल्हुङाङ ठोका र खोरोहा ।
अन्तरे बोम्बोको अनुसार मानेखोलाको ‘जागित्रा’ले भेटेको थियो । ,अन्टरे बोम्बोच अनुसार मानेखोलौ चारिजागिय डुप्च लेया ।
‘के ऊ आफ्नो एक्लो आमालाई छोडेर जान सक्छ  ? ’,होसे होस मेनो एक्लो मोइके डासार नुहुँके य्होक्ले ?
बहिनी घर जाओस् । ,नानी इमाङ नुङोस् ।
"‘ऊ भाग्यो भाग्यो . . . , समा समा उसलाई . . . ’ , बेहुलीको बुबा कराउँदै थियो । ","होसे जोहा जोहा जोहा . . , घोओ घोओ होसके . .' , दुलहीओ बोइ च्याक्मन लेया ।"
"मनमा प्रश्न उठ्यो , के मेरो ला िर दिनि साँच्चै चन्द्र र सूर्य जस्तै उदाउन सक्ला त ? ","मीमनाङ प्रश्न सोआ , ही ङौ लार दिनि साँच्चै ग्वोट अनी नामखन लख ख्योहोके य्होक्ले च ?"
हिउँ सेतो हुन्छ । ,हीँउ बोच छान्ह्ले ।
आँसु बगेकै थाहा भएन । ,मीमीकडी बाङ्गेकै ठाहा माछान्हा ।
गुरुङ साथीलाई त्यसो भनेको तीन महिना पछि मेरो ‘पिङ्गाइ’ प्रकाशन भयो । ,गुरुङ लाफाके होट डेच सोम महीना न्हुनीङ ङौ रुपीङ्गाइ छ्युक्के छान्हा ।
दुई दिनसम्म घरमा फर्केन । ,न्हीस याकसम्म इमाङ ल्हेस्के ।
"‘लै भदा राम्ररी हेरिदिनुहोस् , भएन भने औषधी गर्न अस्पताल लानु पर्छ । ’ बुढी बज्यैले भनिन् । ","लै भडै सेहेम ङोस्मयाहानी , माछान्ह्ले डेनाङ उषा जाट्के अस्पताल नुहुँके पर्ले ।"
"के कुरा छ , भन न । ","ही कुरा ले , डेनी न ।"
साङमोले भन्छे । ,साङमोय डेले ।
बुबाको कुरामा लानिले केहि प्रतिक्रिया देखाइन । ,बोइओ कुराङ लानिय हीड प्रतिक्रिया माटानाका ।
दुम्जाडाँडामा पढ्ने बेलामा मलाई विमल सरले गर्नु भएको मायालाई मैले बिर्सन सक्दिन । ,दुम्जाडाँडाङ पढीस्के बेलाङ ङाके विमल सरय जाट् मायाके ङै म्हाक्के माय्होक्ले ।
माथिबाट डारी हो की लहरा हो तुर्लुङ झुन्डेको देख्यो । ,ढेमलाकीङ डानी की लहरा आले टुर्लुङ चेलोहोच डाना ।
ऊ त्यस रात केही नखाई निस्कियो  । ,होसे होस नाबीक हीड माज्याम नीस ।
दाज्युले हामी तीनजनालाई रत्न पुस्तक भण्डार सँगैको एउटा होटलमा लानुभयो । ,दाजीय कान सोमजनाके रत्न पुस्तक भण्डार कठौन काट होटलाङ नुहुँनाको ।
निमा घर गयो । ,निमा इमाङ नुहुँआ ।
सौताको छोरी हुर्किदै गयो । ,सौटाओ माझामीजा होर्मन नुहुँआ
तर मलाई जान मन छैन  । ,टर ङाके नुहुँके मीमन माले ।
मेरो जीवनकै पहिलो किताब ‘काली’ त्यही समयमै लेखिएको पुस्तक थियो । ,ङौ जीवनोन पहीलो किटाब छान्ह्मन समयाङन समयाङन रीक्च पुस्तक लेया ।
तपाईहरूले खाना खानु भयो । ,नाकोइ छो ज्याको ।
मलाई त उरमाइले भनेकी हो । ,ङाके च उराङ्चय डेनाङकी आले ।
आफ्नो दुख बिसाउ । ,मेनो डुखा बाट्नी ।
दिनभरि उसको काम गरे मलाई के न के । ,याकभरी होच्यो काम जाटा ङाकी ही न ही ।
बस्तुभाउ लिएर मरिणखोलाको काँसे बगरे मैदानमा आफूभन्दा साना उमेरका भाइ बहिनीहरु सँगसँगै गोठाला जन्थिन् । ,बस्तुभाउ लाम मरिणखोला काँसेन बगरे ङै ङाल्नाङ मेल्लाडेनाङ उमनासो कठान मार्ह्च भया कठान मार्हा ।
तामिङको बाटोघरे साँहिला र धनबहादुर लामाले पनि हेर्यो । ,तामिङको लामाइमो साँहीला र धनबहादुर लामाय ड ङोसा ।
मानिसले के के पिउने गर्छ ? ,भर्मीय ही ही गाकी जाट्ले ?
‘अँ . . . अँ . . . ’ उसले भन्न खोजेको कुरा भन्नै सकेन । ,होलाङ . . . . अँ . . . होच्य डेके पाच कुरा डेकेन माय्होका ।
डेक्स बेन्च पनि नहँुदो रहेछ बस्न । ,डेक्स बेन्च ड माछान्हँके लेसा ङुके ।
पासाङ खोक्यो । ,पासाङ खोरोआ ।
यो भन्दा पहिले कसैले पास नगरेकोले उनीहरुलाई सम्मान गर्ने कार्यक्रम राख्यो । ,इसे डेनाङ पहीला सुयर पास माजाट्चय होसकोके सम्मान जाट्के कार्यक्रम डा ।
छोरीहरु सम्झेर बसिरहेँ । ,माझामीजा आर्मीटम ङुमनङुआ ।
घर थियो । ,इम लेया ।
त्यसो भएर मैले बाजेको माया पाउन सकिन । ,होटार छान्ह्म ङै बाजीओ माया डीन्ह्के माय्होका ।
एउटा पहेंलो फुल टिपेर लैजाऊ । ,काट ओर्च सार ढुमार नुन्ह्नी ।
उनिरहनु भयो । ,होसेङुआको ।
वेश्या भनेर भयो त । ,वेश्या डेम छान्हा च ।
गुम्बामा लामाले प्रणिधाम गर्यो । ,गुम्बाङ लामाय प्रणिधाम जाटा ।
खुसीले फेरि मेरो मन माथि माथि आकाशमा नाच्यो । ,खुसीय फेरी ङौ मीमन ढेमाङ ढेमाङ नामाङ स्याहा ।
मेरो दुःखमा खुसी भएर बस्ने मन बोकेर आएको होइन होला सोचेँ । ,ङौ डुखाआङ खुसी छान्ह्म ङुके मीमन बुम राहाच माहाले ओला आर्मीटा ।
घामजुन जस्तै होस् । ,नाङखानग्योँहोट लख छान्होस् ।
आजा पनि बुबा र कान्छीआमा उफ्रिन लाग्यो । ,छीनीङ ड बोइ अनी कान्छीमोइ फोर्जोहोके पा ।
सगरमाथा कति अग्लो छ ? ,सगरमाथा कुडीक करङ्च ले ?
यहाँ कसैले केही नेपारेको छैन । ,इलाङ सुयर हीड माडास्मने ।
"लु आउ , कि तिमी मर्यो कि म मरे । ","लु राहान , की नाङ सीया की ङा सीया ।"
फरियामा पोको पारेर पटुकीले बाँधेछ । ,फरियाङ पोका पार्डीम पटुकीय छ्याक्लेसा ।
हात धोएपछि खानपनि गर्यो । ,मीहुट हुरप्याक ज्याकेगाके जाटा ।
दमिनीले एक भाग मासु डोकाबाट निकाली । ,दमिनीय काट भाग स्या ढाकारीङ छ्युक्का ।
खोज्दै हजुरको घरसम्म पुगेँ र यहा“ हुनुहुन्छ भन्ने थाहा पाएर . . . । ,पामन नाकुङ इमसम्म टाहा अनी इतार लेको डेम ठाला डीन्ह्म . . ।
बाख्रालाई घाँस हाल । ,र्हाके घाँस कौ ।
जति नै दार्शनीक भन्नेहरु भए पनि उसलाई त्यो चलनले छोएकै छ । ,जटी न डार्सनीक डेचको ड होसके होस चलने छुमन ले ।
मातेर हिड्नेलाई पनि किन राम्रो भनेको होला ? ,म्होर्म व्हाचके ड हीके सेहेच डेच ओला ?
सहरको ठाउँ सबै किन्नु पर्ने । ,सहरो ठाउँ जम्मै ल्होके परीस्च ।
"खुकुरी , हँसिया , कोदालो , बन्चरो अर्जाउन जानुपरे पनि त्यही गाउँ । ","खुकुरी , हँसिया , कोडाली , आरोवा आर्जापके नुङकेपरीस्नाङ ड होसेन लाङ्घा ।"
त्यो घरको कुकुर र त्यो न्यातपोल मन्दिरमा भेटेको कुकुरमा रङ केहि भिन्न थिएन । ,होस इमो चीऊ अनी होस न्यातपोल मन्दिराङ डूप्च चीऊ अनी हीड भीन्न मालेया ।
चोरेको मासु खोज्ने क्रममा बाजेले दमिनीको फरिया उचाल्नु भयो । ,खुसो स्या पाच बेलाङ बाजीय दमिनीओ फरिया गराङलेसा ।
"म पट्टि फर्केर दाज्युले सोध्नुभयो , ‘के खाउँ ईश्वार ? ’","ङा पट्टी ल्हेस्म दाजीय गीनाको , 'ही ज्याईङ ईश्वार ?"
ऊसँग खादाबस्दा मन पर्यो । ,होसकठा ज्यानाङ र ज्याके मीमन परीसा ।
"बसे बस , गए जाऊ । ","ङुनाङ ङुन , नुङ्नाङ नुङ्न ।"
आँखा पनि ठूलो ठूलो गरेर हेर्ने । ,मीमीक ड करङ्च करङ्च जाट्म ङोस्के ।
बाहिर किरा मात्र कराइरहेको सुनिरहेको थियो । ,बैरीङ डू मात्रै च्याकमनलेच सेम लेया ।
मैले के के खाने उसले पनि त्यही त्यही खान्थ्यो । ,ङै ही ही ज्याके होच्य ड होस ज्याओला ।
बुहारीले के कुरा सुनाइ रिसाए जस्तो भयो । ,बुहारीय ही कुरा सेटाक्म मीरीस्च लख छान्हा ।
‘गडीडाँडा चौकी त ध्वस्त पारे छन्् रे ! ’ बटुवाहरु तुक मिलाई मिलाई कुरा सुनाउँथे । ,होसेडाँडा चौकी च ढवस्ट पार्डी लेसा टा ! बटुवाको टुक खास्म खास्म कुरा सेटाकोला ।
उनीहरु भित्र पसे भने घरको देवता रिसाउँछ रे त्यस्तै मात्र भन्नुहुन्थ्यो आमाले । ,होसको भीट्री पैडीस्च डेनाङ इमो देवटा रीक्लेसा टा हुन्चन मात्रै डेच मोइय ।
कुखरामाउ यहाँ छ । ,गोमोइ इलाक ले ।
मान्छे नै निल्ला जस्तो आँखा बनाएर जिमिदारले उसलाई हेर्दै भन्यो । ,भर्मी न मेल्ले लख मीमीक खास्म जिमिन्दारे होसके ङोस्मन डेया ।
"‘लै सोल्टिहरुलाई सगुन दिनु है चेलीहरु’ , यति भनेर साम्पाङे जेठा आँगनमा निक्ल्यो । ","ङाल्टी सोल्टीकोके सगुन याहानी है नानीको , इटार डेयार साम्पाङे मीझार आर्भाङ ख्योहा ।"
"ङाए नोन तिसारि प्लिङ ताजि , आले उमेशह्राङ लासिन । ","म तिम्रो तिम्रो सोम प्लिङ चाजी , होयोम उमेह्रमा लाके ।"
मन रमाउँछ दाज्युका सिजोहरुले । ,मीमन मराङले दाजीओ सिजोकोय ।
ठूलो रुखको टुप्पोमा बछ्युँले गुँड लगाएको रहेछ । ,बड्को मीमो सीरानाङ बछ्युँय म्यूम काच लेसा ।
चिसो समय । ,क्योक्च समय ।
"खै मनमा के कुरा खेलाउँदै थिईन् कुन्नि , एक्कासी पहलमानले लाठी हल्लाएझैं दाहिने हातले पक्डिरहेको खुर्पालाई हावामा बेस्सरी फनफनी नच्चाईन् । ","खै मीमनाङ ही कुरा गेट्मन लेया छेउ , एक्कासी पहलाङने बीठी हल्लाइ माङ्मन डासा ।"
खेताला गएर घरपरिवार पाल्थ्यो आमा छोराले । ,ह्यामी नुहुँआर इमजाहान कोकोला मोइ लेन्जामीजै ।
साँहिलो चाँहि छिट्टै बुझ्ने थियो । ,साँहिला च छीट्टै व्हार्के लेया ।
उसको लोग्ने छ । ,होच्यो लेन्जा ले ।
विमल सर मेरो जेठा मामाको औधी मिल्ने साथी थियो । ,विमल सर ङौ मीझार मामौ ढेर खाट्च लाफा लेया ।
"मलाई पिलिक्क हेर्दै उसले भन्यो , ‘राम्रो भयो दाज्यु । ’","ङाके पिलिक्क ङोस्म होच्य डैया , मासेहेच छान्हा दाजी ।"
केरा पाकेको छैन । ,मोचा माम्हीनमने ।
टल्के लिम्बू भैंसीको टाउकोको मासु तारदै थियो । ,हुन लिम्बू भैंसीओ मीटालु स्या टारडीमन लेया ।
सगुन लग्यो कुरा मिल्यो । ,सगुन नुहुँआ कुरा खाटा ।
तलमाथि हेर । ,म्हाकाङढेमाङ ङोसो ।
"साथीलाई मसँग भएको कविता दिँदै मैले एकै सासमा सोधेँ , ‘कुन चाँहि पत्रिका निक्लिन्छ त मेरो यो कविता ? कहिले निक्लन्छ ? ’","लाफाके ङाकठा लेच कविता याहाम ङै काटन सासाङ गीना , गेस्के च पत्रिका ख्योहोले च ङौ इसे कविता ?"
तपाईहरूलाई पिरोमिठो कस्तो भयो ? ,नाकोके ठुक्चजीज कुन्च छाना ?
झिसमिसेमा लामो पाइला चाल्दै ऊ आउँथ्यो  । ,झीसमिसेआङ लोट्च पाइला चाहमन होसे राहाओला ।
‘तिमीलाई पनि छ सबै दिदीलाई मात्र दिएको छैन त’ लोग्नेले भने । ,नाङके ड ले जम्मै डैके मात्रै याहाच माले च कानुङ लेन्जाय डेया ।
"यति बेला मैले एकजना ड्राइभरलाई सम्झेँ , दाज्युले गाउँनुभएको गीत सुनेर । ","होस बेला ङै काटजना ड्राइभरके आर्मीटा , दाजीय ल्हीङच ल्हीङ सेम ।"
खाएर पिएर सकेपछि भाँडा उसैलाई पखाल्न लाउँदो रहेछ । ,ज्याम गाम भ्याट्प्याक भाँडा होसके परीस्के लेसा ।
पोखिएको तरकारी उठाएर फ्याके । ,पोखाट्च मेट सोट्के फ्याक्डीसा ।
यो रूख आज भोलि लड्छ । ,इसे वुटा छीनीङ पीहीन नुहुँले ।
बरु बाजेको सिकार खेल्ने काम नै गरेको भए कालिजको भुटेको मासु र रक्सी त खाना पाउँथ्यो । ,बरु बाजीओ सीकार गेस्च काम न जाट्च लेनाङ कालिजो भुट्डीच स्या अनी रक्सी च ज्याके डीन्ला ।
मेरो भने दुई जना माइती मात्र देखेँ । ,ङौ न्हीस जना माइटी मात्रै डाङा ।
मन कता कता दैडिना थाल्यो । ,मीमन कुलाक कुलाक ड व्हाके ठाला ।
तर आज यी दुई दम्पतीले जुठो नै नहाली यतिकै थन्कियो भान्सा । ,टर छीनीङ इसे न्हीट्ठ डम्पतीय जुठो न माकाम इटन ठन्कडीसा भान्सा ।
सबै सदस्यहरुले साँहिलालाई साथ दिने सहमति गर्यो । ,जम्मै सदस्यकोय साँहिलाके साथ याहाके सहमति जाटा ।
"ड्राइभरले हाँस्दै भन्यो , ‘मैले लेख्नु पर्ने पुस्तक तपाईंले लेख्नु भएछ , तपाईं सयौं हजारौं धन्यवाद ! ’","ड्राइभरे रेट्म डेया , होटै रीक्के परीस्च पुस्तक नाकोइ रीक्लेसा , नाकोके भोङ्गौ व्हाङौ धन्यवाद !"
अहिले आउने चाँहि सरकारी सेनाको मान्छे रहेछ क्यारे । ,इनाङ नुहुँच च सरकारी सेनौ भर्मी लेसा क्यारे ।
सोनामले भने अनुसार खेप्पास्हुङ मनाउन बाजेहरुले गुरुचेन्जेनको सोल्मो बनाएर मट्याउन थालेको रहेछ । ,सोनामे डेच अनुसार खेप्पास्हुङ मन्डीच बाजीकोय गुरुचेन्जेनो सोल्मो खासार फलाक्के ठाल्च लेसा ।
हामी योन्जन हौं । ,कानको इसेन्जन आले ।
आउँदै आएन । ,राहाड माराहा ।
छोरो ढिपी गर्ने तिनी हुँदैन भन्ने क्रम लामै चल्यो । ,माझामीजा ढीपी जाट्के होसे माछान्ह्ले डेम क्रम लामाङ न केसा ।
"गीता दिदीलाई पिलिक्क हेर्दै मैले भने , ‘खोइ ? देखिएन दिदी । ’","गीता डैय पिलिक्क ङोस्म ङै डेया , वोइ ? माडाङा डै ।"
रूखहरू सुकेछन् । ,वुटाको छोक्लेसा ।
पुलिसनीहरू आउँदै छिन् । ,पुलिसनीको राहामन ले ।
गर्दन छेडिने गरी छप्काएछ । ,मीडुङ्गा ख्याके गरी छप्कडीलेसा ।
गाउँका तन्नेरीहरु अब काम खोजेर बजार बजार डुल्नु परेन । ,लाङ्घौ टन्नेरीको अब काम पार बजार बजार बजार छर्याके मापर्ले ।
"म्यासेजमा लेख्नु भएको थियो , ‘ईश्वार भाइ , सुन्दरीजलमा भोली एउटा साहित्यिक कार्यक्रम छ । त्यहाँ भाग लिन आउनुपर्यो । ’","म्यासेजाङ रीक्म लेयाको , 'ईश्वार भया , सुन्दरीजलाङ पीहीन काटसाहित्यिक कार्यकरम ले । होलाङ भाग लाके राहाकेपरीसा ।"
माइला घर जान्थ्यो । ,माइला इमाङ नुङोला ।
तेन्जिङ नोर्केले सबैभन्दा पहिले सगरमाथा चढेको थियो । ,तेन्जिङ नोर्केले सबैभन्दा पहिला सगरमाथा काल्च लेया ।
मेरो कुरा भन्दा सुन्ने कोहि थिएन । ,ङौ कुरा डेनाङ सेके सुर मालेया ।
उनले मासु पाइनन् । ,होच्य स्या डीन्हा ।
"बाबु हाँस्यो , छोरा चाहिँ रोयो । ","बोइ रेटा , लेन्जामीजा चैडीसा ।"
"भएभरको कमाइ , ङेमाङेङ्गोर , नानीहरुको पढाइ , जागिर , व्यापार सबै छोड्नु पर्यो । ","लेचभरो कमाइ , बसेकोङ्गर , नानीकुङ पढाइ , जागीर , व्यापार जम्मै डास्के पर्सा ।"
मसँगै खाना थाल्यो । ,ङाकठा छो ज्याके थाला ।
एक्ले बाजेले दमिनीको फरिया तान्यो रे । ,एक्ल्या बाजीय दमिनीओ फरिया टन्डीया टा ।
"आफ्नो प्राणभन्दा प्यारी श्रीमतिमाथि जिमिदारको दबाबमा सौता हाल्नु पर्ने परिस्थिति सिर्जना भएर दिनभरी अनकन्टारमा लुकेर राती घर फर्केका हरीलालले भने न श्रीमती भेट्यो , न आफ्नो बस्तुभाउ नै देख्यो । ","मेनो प्राणडेनाङ प्यारो माझाढेमाङ जिमिदारो डबाबाङ सौटा काके परीस्च परिस्थिति सिर्जना छान्ह्म याकभरी अनकन्टाराङ आर्चीम नामबीक इम ल्हेस्च हरीलाले डेनाङ न माझा डुपा , न डाङा ।"
कसलाई के आरोप लगाउँ खै यो मानिसहरुको चलन । ,सुके ही आरोप लैडीके खै इसे भर्मीकुङ चलन ।
"‘किन हुनु बहिनी , तल चौतारा मुनिको साँहिली आमाको काँक्रो चोरेको भनेर दोस आएको नि । ’ आमाले रिस देखाउँदै भन्नुभयो । ","हिके छान्ह्के नानी , म्हाकाङ चौटारा म्हाकाङो साँहीली मोइओ ङे खुस्च डेम डोस राहाच नी ।"
बाहुनी बुढी मलाई समात्न आउँदै थिइ मेरो पालो अर्को ढुङ्गाले ड्याम्म बज्रिने गरेर हानेर मिर्गा झैं दैडिएँ । ,बाहुनी बुढी ङाके जीम्के राहामन लेया ङौ पालो आस्काट ल्हुङे ड्याम्म बजार्डीस्च गरी ङाप्ङ मीर्गा लख खेरा ।
उसलाई कहिल्यै भने जस्तो नहोस् ! ,होसके सेनड डेनाङ लख माछानोस् ।
हराउने सकिने भएर जानेछ । ,म्हाटार डुमार नुङ्ले ।
"बुबाले भन्नु भए झैं त्यो लक्षणको कुकुरलाई सम्झेँ , झल्याँस्स सम्झेँ । ","बोइय डेच लखन होस लक्षणो चीऊके ङाआर्मीटाङ , झल्याँस्स आर्मीटाङ ।"
म लगलग कामेँ । ,ङा लगलग होयोआ ।
‘जून घाम जस्तो उदाएर यो गाउँलेहरुलाई जागरणको उज्यालो दिन नाम मिलाएको हो त ? ’ मनमनै सम्झेँ । ,क्योक्च नामखन लख ख्योहोम इसे लाङ्घालीकोके जागरणो ट्याङ्च याक म्यारमीन खाटाक्च आले च ? मीमन न आर्मटा ।
एकदिन वार्डभित्र वन्दना सिस्टरसँगै अरु सिस्टरहारुले पनि मेरो कविता सुन्ने मन गरे । ,कायाक वार्डभीट्री वन्दना सिस्टरकठान अरु सिस्टरे ड ङौ कविता सेके मीमन जाटा ।
एक क्षण पर्ख म पनि जान्छु । ,कपाङ वाङार ङा ड नुङ्ले ।
गाउँलेहरुले कुरा काट्न थाले । ,लाङ्घालीकोइ कुरा चेके ठाला ।
हरिकलाको मनको खालमा यमलालको मार्रा हुँदै गयो । ,हरिकलाओ मीमनो बनालाङ यमलाओ सरा छान्ह्मन नुहुँआ ।
रामाइलो हुन्छ भने म पनि जान्छु नि । ,मीमराङ्च छान्ह्ले डेनाङ ङा ड नुङ्लाङ नी ।
मार्रा भन्ने बेलामा अब हेर रङ्गे दमाईको कमाल भनेर उफ्रेछ । ,मार्रा डेच बेलाङ अब ङोसो रङ्गे दमाईओ कमाल डेम फोर्जोहोलेसा ।
"कुनै पनि लेखकहरुले समीक्षा गरेन , छलफल गरेन । ","सु ड लेखककोय समीक्षा माजाटा , छलफल माजाटा ।"
कुचोले घर बटार । ,बढनीय इम सीटो ।
"तिमी जाउ मात्र , मैले जानेको छु । ","नाङ नुङ्न माट्टै , ङै व्हारमलाङ् ।"
लाटी भने आफ्नो पेट मुसार्दै यही गाउँमा उनको पेटमा हुर्किराखेको बच्चाको बाउको अनुहार खोज्दै थियो । ,लाटी डेच मेनो मीटुक मुरार्डीम इसे लाङ्घाङ होच्यो मीटुकाङ हर्मनलेच मीजौ बोइओ मीटाहा पामन लेया ।
भन्नुस् न सायद बुझ्ने कोसिस गरुला । ,डेनी न सायड व्हार्के कोसिस जाट्लाङ ।
बच्चालाई जाडोमै पुरै शरीर नुहाइदियो । ,मिजाके जुम्ह्चन पुरै ज्यान लैजास्मयाहा ।
रामले मेरो भाग खाइदियो । ,रामय ङौ भाग ज्याम्याहा ।
"त्यसेको भोलिपल्ट उ मकहाँ आएर भन्यो , ‘यो घर , बारी , खेत तिम्रै नाममा होस । ’","होच्यो पीहीनपल्ट होसे ङालाक राहार डेया , 'इच इम , बारी , गार्हा नोन म्यारमीनाङ लेओस् ।"
"डुकुलेले खाने , छोएको भाँडो मात्र किन उसैलाई पखाल्न दिन्थ्यो ? ","डुकुलेय ज्याके , छुच भाँडा मात्रै हीके होसके हुर्के योहोला ?"
के गरौं बाजे बराजुको ठाउँ छोडेर यहाँ आइयो । ,ही जाट्के बाजी बराजुओ ठाउँ डासार इलाङ राहा ।
आमाबुबा घरमा जानुभयो । ,मोइबोइ इमाङ नुहुँआ ।
तँले भात घिचिस् । ,ने छो नाज्यास् ।
म साम्देन मोक्तान  । ,ङा साम्देन मोक्तान ।
मलाई के थाहा ? ,ङाके ही ठाहा ?
‘हाम्रो हातमा सीप छैन के गरौं अब’ अरुले थपे । ,कानुङ मीहुटाङ सीप माले ही जाटीङ अब अरुय अरु ठप्डीया ।
मामाहरुले मलाई नै भनेर पठाउनु भएको रे । ,मामाकोय ङाके न डेम बिर्हीन्चको टा ।
मन भित्र मात्रै भने मैले । ,मीमन भीट्री मात्रै डेया ङै ।
पेमा आघौं घर जान्छ । ,पेमा राहानाङ इमाङ नुङ्ले ।
कोहि अनुहार अँध्यारो देखियो । ,सु मीटाहा छुम्च डाङा ।
जाने नै भए जाउँन त । ,नुङ्के न डेनाङ नुङ्न च ।
तिमी नै त्यस्ता रहेछौ । ,नाङ न हुन्च लेसा ।
पुलुक्क पुलुक्क हेर्दै एउटाले छोडेकै छैन । ,पुलुक्क पुलुक्क ङोस्म काटय माडास्म ले ।
म मर्दिन भनेर टाउको हल्लाएर भएपनि ल्हादब गरौं भनेर खोजेँ । ,ङा मासीले डेम मीटालु होयोक्म डेनाङड ल्हाडब जाटीङ डेम पा ।
अघि कराइरहेका गाइबस्तुहरु घाँस पानी पाएर आफ्नै धुनमा उँघ्न थाल्यो । ,म्हेनीङ च्याक्मलेच हेटबस्तुको घाँस डी डीन्ह्म मेल्लौ ढुनाङ उँघ्न ठाला ।
लोकन्त भागे के भन्ला । ,लोकन्ट जोहोनाङ ही डेओला ।
हाम्रो हजुर बुबा कहाँ हुनुहुन्छ ? ,कानुङ ज्यू बाजी कुलाक लेको ?
ठूलीमैयाले सधैं जुधाउने आँखालाई भुँइतिर घोप्ट्याएरै उपन्यास फिर्ता गरिन् । ,करङ्चमैयाय सेनडसेन डापाक्के मीमीके झालाक घोप्ट्डीमन उपन्यास फीर्टा जाटा ।
पहिले पहिले लानि दिनिलाई दिएको दुःख उसले दिने ठाउँ पाएन । ,पहीला पहीला लानि दिनिके याहाच डुखा होच्य याहाके ठाउँ माडीन्हा ।
पासाङ तिनवर्षको भयो । ,पासाङ सोमवर्षो छाना ।
मान्छेको मन हो हेर्दा माया नि लाग्दो रहेछ । ,भर्मीओ मीमन आले ङोस्नाङ माया नी लैडीस्के लेसा ।
पानी मेरो मुखमा हाल्नु भयो । ,डी ङौ मेङ्गेराङ काको ।
कसैले पनि जवाफ फर्काएन । ,सुय ड जवाफ माल्हेटा ।
यसरी डुलेर नहिड । ,इतरी डुल्डीस्म माव्हानी ।
आमाको पेवा छोरीको हुन्छ । ,मोइओ पेवा माझा मीजौ छान्ह्ले ।
ठेल्यो मानिन । ,गेसा मामन्डीया ।
पासाङले उसको बुबाको दुइ रातको घेवा गर्यो । ,पासाङय होच्यो बोइओ न्हीस नबीओ घेवा जाटा ।
मलाई प्रेम प्रस्ताव राख्ने मेरा ती विद्यार्थीले पनि मिनाले झैं यस्तै सम्झे कति रामो हुने थियो । ,ङाके प्रेम प्रस्ताव डाच ङौ होस विद्यार्थीय ड मिनाय लखन होट्म आर्मीट्नाङ कुडीक सेहेच छान्ह्के लेया ।
बटुवाको कुरा बिचैमा काटेर माईला बोल्थ्यो–,बटुवो कुरा बीचाङ चेम माईला ङाका।
"झाँक्रीले काइसल राख्यो , ‘तिमीलाई . . . भूतको छाया“ परेको छ । त्यसलाई . . . ’","झाँक्रीय काइल डासा , 'नाङके . . . भूटके . . हूटओ छाप्डीस्च ले । होटै . . ।"
मैले उसको पैसा थापेको छैन । ,ङै होस्यो पैसा माठोमने ।
नानीको हातमा घाउ निस्केछ । ,नानीय मीहुटाङ म्हा ख्योहोलेसा ।
यति भनि राखेर ठूलीआमा जानुभयो । ,इटार डेम डार झ्यामोइ नुहुँको ।
यसरी म बिरामी भएको पनि पटक पटक गरि तीन पटक भएको थियो । ,इटरी ङा छाच छान्ह्च ड पटक जाट्म सोम पटक छान्हम लेया ।
नमान्दा नमान्दै मलाई ती मानिसहरुले एम्बुलेन्सभित्र थपक्क राखे । ,मामन्डीनाङ मामन्डीनाङन ङाके होस भर्मीकोय एम्बुलेन्सभीट्री ठपक्क डा ।
लामा हातगोडा थियो उसको  । ,लामा मीहुट बाङ्गा लेया होच्यो ।
खानेकुराहरू के के छन् देऊ । ,ज्याके कुराको ही ही ले याहानी ।
मलाई सुको दाज्युका कविताहरुले मेरो औधी मन छोएको छ । ,ङाके सुको दाजीओ कविताकोय ङौ ढेर मीमन ले ।
उही ठाउँ । ,होस्न ठाउँ ।
यस्तै हो भने आउने वर्षमा त नआए पनि हुन्छ । ,इन्च आले डेनाङ राहाच ल्हेसाङ च माराहानाङ ड छान्ह्ले ।
बाबु उ त्या“ लोहोटो छ । ,बोइ होसे च्यामो लोहोटो ले ।
मानिसहरुले घडी हेर्दै मलाई हेर्दै गर्यो । ,भर्मीकोइ घडी ङोस्मन ङाके ङोस्मन जाटा ।
अनि त म उसको घरमा जान्न । ,अनी च ङा होच्यो इमाङ मानुङ्ले ।
एक दिन बेलुकीपख बागबजारतिर छम गुरुङ थासी र म एता उटा हिँडिरहेको थिएँ । ,का याक नामार्लाक बागबजारलाक छम गुरुङ लाफा अनी ङा इलाक आलाङ व्हामन लेया ।
साइत बनेर आएछ । ,साइट छान्म्ह राहालेसा ।
मलाई लागिरहेको थियो छोरीमान्छेले किन आमाबुबा र माइतीघर छोड्नु पर्ने ? ,ङाके लैडीस्मन लेया माझाभर्मीय हीके मोइबोइ अनी माइटीइम डास्के पस्के ?
बाँचुञ्जेल खाना पुग्छ । ,जीवाटार ज्याकी ओल्ले ।
जन्मदा अनि मदा एउटै हुन्छ जस्तो लाग्यो । ,फुन्ह्नाङअनी सीनाङ काटन छान्ह्ले लख लैडीसा ।
तिनवटा बटुका देऊ । ,सोम वटा बटुका याहानी ।
बहिनी बाहिर छ । ,नानी बैरीङ ले ।
आँखा नै ढाक्नेसम्म निधार भरि भरि । ,मीमीक न हुर्केसम्म निधार भरी छान्हा ।
गाला वाइन आँसुको खोलो बगेको देखेर बज्यै पनि रुनुभयो । ,गाला वार्लाक मीमीकडीओ खोला बगडीस्च डाङार बज्या ड रापाको ।
त्यस्तो भए पनि उसले मागेर खाएन । ,होटे छान्ह्म ड होचे ग्हीम ज्या ।
लानिदा सोध्दै नसोधी उनीहरुले मिलेर दिने कुरा गर्यो । ,लानि गीन्म मासीम होसकोइ खाट्म याहाके कुरा जाटा ।
कामेको उनीहरुले देखे । ,होयोच होसकोइ डाङा ।
के भनेर उनीहरुको यसपालिको फूलपाती बिग्रिएन । ,ही डेम होसकुङ छेल्हेसो फूलपाटी माबीगार्डीसा ।
‘हजुर नमास्कार मामाहरु ! ’,हजुर झोर्ले मामाको !
"एक पटक मञ्जुल दाज्युलाई मैले भनेको थिएँ , ‘दाज्यु , कहिले काँही म आफूले आफैंलाई एक्लो महशुस गर्छु । ’","काट पटक मञ्जुल दाजीके ङै डेच ङालेयाङ , चाजी , सेनड सेन ङाल्लै ङाल्लाके ङाल्ला महशुस जाटलाङ ।"
सामुन्ने केहि छैन । ,सामुन्ने हीड माले ।
हेरेर मात्र बसिरहेँ । ,ङोसो मात्रै ङुमनङुआ ।
रक्सी जाँड मात्नेसम्मै खान थालेको थियो । ,रक्सी हान म्होरकेसम्मन गाके ठाल्म लेया ।
हुन त प्रेमबहादुर सरले मलाई एक पटक अलिकत पनि छोएको थिएन । ,आल्के च प्रेमबहादुर सरय ङाके काट पटक अलीकत ड छुच मालेया ।
"उ किताब पढ्दा कहिले मुसुमुसु हाँस्थ्यो , रातो अनुहार बनाउँथ्यो । ","होस किटाब पढीस्नाङ सेन मुसुमुसु रेटोला , ग्याच मीटाहा खासोला ।"
"‘गर्न त गर्नु पर्ने खै के काम गर्ने , म त केहि जान्दिन पो’ घ्याम्पाले भन्यो । ","साट्के च जाट्के पर्च खै ही काम जाट्के , ङा च हीड माव्हारले पोप्च घ्याम्पाय डेया ।"
दुधेंलोमा दुध दुह । ,दुधेंलोआङ दुध चीपो ।
ढुङ्ग्रोले आगो फुक । ,ढुङ्ग्रोय म्हे म्हुट्नी ।
यी खोलाको माछा होइनन् । ,इसे खोलौ डीस्या माहाले ।
सानोमा मेरो मसँग सँगै खेल्ने उही उमेरका साथीहरु थिएनन् । ,मार्ह्नाङ ङौ ङाकठा ङाकठा गेस्के होस उमेरो लाफाको मालेया ।
अन्तरे झाँक्रीले अप्ठेरो मानेर हत्तपत्त बाहुनको हातबाट खुट्टा फुस्कायो । ,अनुटरे झाँक्रीय अप्ठेरो मन्डीम हट्टपट्ट बाह्नो मीहुटीङ मीहील फुस्कडीया ।
ढुङ्गा पल्टाउन बल गर । ,ल्हुङ् पल्टडीके बल जाटो ।
तिमीलाई छोडेर म कतै जान्न । ,नाङके डासार ङा कतै मानुहुँले ।
सबैलाई प्रशाद पुर्याऊ । ,जम्मैके प्रसाड पुरै ल्होनी ।
बोम्बोको आ“खा राराता भए । ,काकाओ आल्लौ घाम छान्हा ।
पारी खारसुङ पाखाको पुच्छारतिर कराईराखेको तिथ्रलाई जवाफ फर्काएको जस्तै गरि तीन कान्ला मुनितिर कराउन थाल्यो । ,पार्लाक खारसुङ पाखाओ पुच्छारलाक च्याक्मलेच होच्यो मीज्यालाके जुवाफ ल्हेस्च लखन जाट्म सोम च्याक्के ठाला ।
दिदीले ‘हुन्छ’ भनेर टाउको हल्लउनु भयो । ,डैय ङोस्ले डेम मीटालु होयोकाको ।
ऊ भए पनि हुन्छ । ,होसे लेनाङ ड छान्ह्ले ।
माईलीको यो उग्रचण्डी स्वरुप देखेर चारोको पखाईमा मुख ताकिरहेको कुखुरा माउको सातोपुत्लो उड्यो र कोतेकतेक गर्दै घुर्यानतिर भुर्र उड्यो । ,माईलीओ इसे उग्रचण्डी स्वरुप डाङार चारोओ पर्खाईआङ मेङ्गेर टाक्डीमलेच ग्वा मोइओ साटोपुट्लो भुर्र्यानलाक भुर्र भुर्र भुर्र भुर्र भुर्र भुर्र भुर्र भुर्र भुर्र भुरा ।
मलाई हेरेर सबै साथीहरु पेट मिचि मिचि हाँसे । ,ङाके ङोस्म जम्मै लाफाको मीटुक आर्जुम आर्जुम रेटा ।
मेरो पहिले त्यसरी कुरा नखुस्केको भए म त्यही समय नै मरिजान्थ्यो । ,ङौ पहीला होटरी कुरा माखोल्च लेनाङ ङा होस समय न सीमनुहुँओला ।
पासाङलई सबै देऊ । ,पासाङ जम्मै याहानी ।
बिहान हुन लाग्यो होला । ,गोराब छान्ह्के पा ओला ।
‘आमा तपाईंलाई के भएको ? ’ लानिले भनि । ,लाफा नाकोके ही छान्ह्च ? मापार लानिय डेया ।
दाहिने हातले खुर्पालाई बेस्सरी पक्डिन् । ,डोर मीहुटे खुर्पाके बेस्सरी जीमा ।
बुढा के के भनेर उफ्रेको उफ्रेकै गरिरह्यो । ,बुढा ही ही डेम फोर्जोहोचौ फोर्जोहोचम जाट्मनङुआ ।
अहो ठूलीमैया ! आज म पढि सिध्याउँछु र तिमीलाई भोली दिन्छु हुन्न ? ,अहो करङ्चमैया ! छीनीङ ङा पढीस्म डूमुक्लाङ अनी नाङ्के पीहीन याहालाङ माछान्ह्ले ?
मानिसहरु गुटुङटुङ कुदे । ,भर्मीको गुटुङ खेरा ।
पारीपाखाको झाँक्रीले भने आफ्नो छोराछोरीलाई विद्यालय पठायो । ,पार्लाकपाखाओ झाँक्रीय डेनाङ मेनो मीजाकोके विद्यालय बीर्हीना ।
उज्यालो भयो । ,ट्याङ्च छान्हा ।
पाल्मो रूखबाट लड्छे । ,पाल्मो वुटीङ खोरोहोले ।
दिमागमा पनि त्यसरी ह्वार्र केही बल्थ्यो । ,डीगाङ ड होटरी ह्वार हीड बल्ला ।
जिमिदारले किन बोलाउनुभएको रहेछ बुढो ? ,जिमिदारे हीके योट्चलेच लेसा बुढो ?
छोरीहरु पनि रोएर थाकिसक्यो । ,माझामीजाको ड राप्म म्हुङमभ्या ।
निमाले जात्रामा लौरो खेल्छ । ,निमाय जात्राङ डाङ्गा गेस्ले ।
उसको छोरो पास होस् ! ,होच्यो लेन्जा मीजा पास अटछानोस् !
उनलाई तामाङ जनताले केहि सहयोग गरेन । ,होसके तामाङ जनताय हीड सहयोग माजाटा ।
"कलेजबाट डेरामा पुग्ने वित्तिकै झोला एउटा कुनामा फुत्त फ्याँकेर भाइलाई कुरा सुनाएँ , ‘मेरो पनि कविता अब पत्रिकामा आउने भयो । ’","कलेजीङ डेराङ टाहाच वीट्टीकै झोला काट कुनाङ फुट्ट लोहोम भयाके कुरा सेटाका , कानकोइ ड कविता अब पत्रिकाङ राहाके छान्हा ।"
बस स्टार्ट भयो । ,बस स्टार्ट छान्हा ।
सौताको रेखा बोकेर आएपछि भावीको लेखा भनेर हुन्छ ? ,सौटौ रेखा बुम राहाप्याक भावीओ रेन्च डेम छान्ह्ले ?
धुँइ धुँइ खोजेँ । ,ढुइ ढुइ ङापाङ ।
सिट नम्बर २ को यात्री आएन । ,सीट नम्बर २ ओ यात्री माराहा ।
सुलुत्त परेको नाक  । ,सुलुङ परीस्च मीटुक ।
झोलामा के छ ? ,झोलाङ ही ले ?
त्यसपछि फर्केर गएन त्यहाँ । ,होटीङ ल्हेस्मर मानुहुँआ होलाङ ।
गाउँका उसका दौतरीहरु ऊ भनेपछि भुतुक्कै हुन्थे । ,लाङ्घाङ होच्यो डौटरीको होस डेप्याक भुटुक्कैन छान्ह्ला ।
त्यो कवितालाई धेरैले मन पराएका थिए । ,होस कविताके ढेरे जाकाम लेया ।
"‘के भयो हँ , कान्छा तँलाई ? ’ निन्द्रा खलबलिएर आमा कराईन् । ","होटार छान्हा हँ , कान्छा टँके ? छेवाङ खन्डलब मोइ च्याक्म मोइ च्याका ।"
विद्यालय छुट्टि हुने बेलामा पनि मसँग सँगै नै मेरा ती विद्यार्थी घरमा जाने गर्थी । ,विद्यालय छुट्टी छान्ह्च बेलाङ ड ङाकठा कठान न ङौ होस विद्यार्थी इमाङ नुहुँके जाट्ला ।
उसली छोरी राम्री छे । ,होसके माझामीजा सेच ले ।
गाउँमा बाजेहरुले भन्नु भएको कुरा सम्झेँ । ,लाङ्घाङ बाजीकोइ डेच कुरा आर्मीटा ।
ढेँडुबाँदर,ढेँडुबाँडर
सिट नम्बर १ र दुइ । ,सीट नम्बर १ अनी न्हीस ।
एकछिन पछि सासु बुढी भैंसी गोठबाट आए । ,कलापीङ सासु बुढी बरसालीङ राहा ।
नेरेको हवाइ टिकट पनि लिएर आएको रहेछ । ,नेरेओ हवाइ टीकट ड लाम राहाच लेसा ।
तलमाथि भयो । ,म्हाकाङढेमाङ छान्हा ।
‘के भयो यहाँ ? ’ त्यहाँ आइपुगेको एकजनाले सोध्यो । ,होसे छान्हा इलाङ ? कानुङ टाराह्च काटजनै गीना ।
परिक्रमा,कार्यक्रमाङ
कान्छीआमाले खुसी नभएको देखाइसकेको थियो । ,कान्छीमोइय खुसी माछान्ह्च टानाक्केभ्याम लेया ।
दाज्युले नदेख्ने गरि हेरेँ । ,दाजीय माडाङ्च गरी ङाङोसाङ ।
हिड्ने ३ बजे । ,व्हाच ९ बजे ।
गाउँमा धने पनि चिनेकै मान्छे । ,लाङ्घाङ धने ड चीन्डीच न भर्मी ।
गाउँले सबैको सोच छोरामान्छे ठूलो भन्ने छ । ,लाङ्घाली जम्मैओ आर्मीटा लेन्जामीजा करङ्च डेच ले ।
भिमे र मलाई अफिस कोठमा लाग्यो । ,भिमर् अनी ङाके अफिस कोठाङ नुहुँआ ।
दुम्जा छोड्ने समय भयो मेरो कविता पत्रिकामा आएन । ,दुम्जा डास्के समय छान्हा ङौ कविता पत्रिकाङ माराहा ।
उसको मायालाई कहिल्यै बिर्सन सक्दिन । ,होच्यो मायाके सेनर म्याक्के माय्होका ।
मेरो जीवन नै मेरो साहित्य हो । ,ङौ जीवन न ङौ साहित्य आले ।
घरभित्रबाट सोनामको सासुले ज्वाँइ घरभित्रै पस्नुहोस् भन्नु भयो । ,इमभीट्रीईक सोनामओ सासुय ज्वाँइ इमभीट्री पैडीस्नी डेम डेयाको ।
पासाङसे पाल्मोलाई हँसाएन । ,पासाङ पाल्मोके रेटाका ।
यस्तोलाई राम्रो भन्ने थिएछ ? ,हुन्चके सेहेच डेके लेसा ?
माईलाले पनि त्यहीबेला तालिम लिएर यी सुन्तलाका बिरुवाहरु ल्याई रोपेको थियो । ,माईलाय ड होसबेलाङ टालिम लाम इसे सुन्टलौ बिरुवाको राक्म रोप्डीच लेया ।
सुको दाज्युले लेखेको कवितामा आफू बाँचेको जीवन र समयलाई टिप्न बिर्सनु हुन्न । ,सुको दाझीय रीक्च कविताङ मेल्ला जीवाच जीवन अनी समयके डूम्के म्हाक्के माछान्ह्ले ।
भएपनि गर्छ कि भन्ने आश मरेको छैन । ,डेनाङड जाट्ले की डेम आस मासीमने ।
सैलुङ डाँडा सेताम्मे भएछ । ,सैलुङ डाँडा बोमन छान्ह्लेसा ।
खेलेर बसेको ल्यापटपलाई अफ गरेँ । ,गेस्म ङुच ल्यापटपके अफ ङाजाटाङ ।
‘तिमीले नै भन न म के गरौं ? ’,ने न डेउ न ङा ही जाटीङ ?
आवश्यक सरसामान तैयार पारियो । ,आवश्यक सरसामान टयार पार्डीया ।
किन चुप छेस्  ? ,हिके चुप ले ?
‘सहरमा गएछ त’ सासुले भन्नु भयो । ,नाङ सहराङ नुङलेसा च होसे सासुय डेयाको ।
‘यो भाग्य . . ’ तिनी टाउको समातेर चिच्याइ । ,होसे भाग्य . . . फेरी होसे मीटालु जीमार चीन्डीच चीन्डीया ।
संघम् शरणम् गच्छामि । ,संघम्हा शणरण नुहुँआ ।
मासु पनि चोर्ने कस्तो मान्छे है भन्दै एक्ले बाजे गनगन गर्न थाल्नु भयो । ,स्या ड खुस्के कुन्च भर्मी है डेम बाजी गनगन जाट्के ठाल्हा ।
‘छोड पर जाउ भनेको । ’ पर ठेलेर पठाइदिए । ,माझा मीजा पर्लाक नुहुँन डेच ।
"अहिले भूत लखेट्ने बेला म यसलाई , यसको स्वास्नी छोरा छोरीलाई कुचै कुच्चोले झा“ट्दै लात हान्छु । ","इनाङ भूट घेल्च बेला ङा इसके , इच्यो माझा लेन्जामीजा माझामीजाके बडनीओ बडनीय झाट्मन लाटै ङाप्लाङ ।"
दुबै औधी माया लाग्दो । ,न्हीसान्च ढेर माया लैडीस्च ।
मसँग बराबरीका साथीहरुलाई चिन्ने त कुरै छोडिदिऊ । ,ङाकठा बराबरीओ लाफाकोके चीन्डीके च कुरै डास्मयाहीङ ।
‘हजुर नमस्कार आजको यो कार्यक्रममा स्वागत छ ! ’ साङ्मोले कार्यक्रम शुरु गरिन् । ,हजुर झोर्ले छीनीङो इसे कार्यक्रमाङ स्वागट ले ! छ्यामो साङमोय कार्यक्रम सुरु जाटा ।
तिमी बौलाएको कुरा नगर । ,नाङ बौलाच कुरा माजाट्नी ।
"‘तपाईंहरु बुझेकै मान्छे सम्झेर छोरी दिएको थियो , यस्तो गर्न पो भएछ त मामा ? ’ रिसले ब्याङ्ग्य बोल्नु भयो बुबाले । ","नाकोइ व्हार्चन भर्मी आर्मीट्म माझामीजा याहाच लेया , इन्च जाट्के पो छान्ह्लेसा च मामा ? मीसीसय ब्याङ्गय ङाकाको बोइय ।"
आउने नै भए आउँन त । ,राहाके न डेनाङ राहान च ।
कहिले मैले मेरो मुटुको सिरानीमा लुकाइ राखेँ । ,सेन ङे ङौ मीगीनो सिरानीआङ आर्चीक्म ङाडाङ ।
अब हाम्रो गाउँमा पनि एकजना एसएलसी पास गरेको मान्छे भयो है । ,अब कानुङ लाङ्घाङ ड काटजना एसएलसी पास जाट्च भर्मी छान्हा है ।
घाउबाट पिप निस्केछ । ,माङ लाकीङ ङेस ख्योहा ।
रगत आएको अनि दुखेकै बिर्सेर गुराँस फूलको जात्रा बनाएर खेल्थ्यौ हामी दुईजना । ,रगट राहाच अनी दुखेकै बिर्सम म्युम सारो जात्रा खासार गेस्के कान न्हीसजनाको ।
यूएनले छुट्याएका हुन् । ,यूएने भाहाक्च आले ।
एकछिनसम्म मुख आँ आँ गरेर बसिरहिन । ,कलापसम्म मेङ्गेर आँ आँ जाट्म ङुमनङुआ ।
हिउँ खसेर सेतै भएछ । ,हीँउ झालार बोच न छान्ह्लेसा ।
सायद यही कुराको बयान सुनेको हुनुपर्छ त्यो बाहुनले । ,सायड होस कुराओ बयान सेच छान्ह्केपरीस्ले होस बाहुनो ।
दुई औंलाले चेप्दै सुर्ति निकालेर हत्केलामा राख्यो र फ्वाक्का मुखमा हाल्यो । ,न्हीस मीऔँलाय च्याप्डीमन सुर्टी डोन्म मीहुटाङ डाम अनी फ्वाक्का मेङ्गेराङ का ।
मनको कुरा मनमै राखेरा हिड्नु पथ्र्यो । ,मीमनो कुरा मीमनाङ न डारा व्हाके परीस्ला ।
"‘ङा ग्रोङ ह्रोतेन छ्याम म्रेन्ना दिगु चासि खाबा’ , ङाइ आमादा बिजि , ‘थेतासि ङा चाबा आचा , ख्योआतो आमा । ’","र्ह्रो ग्रो ह्यातेन लेम म्रेन्ना याहाच चामबासि ज्या , मढ्डीस्च मोइ सीच ।"
हामी तामाङ हौं । ,कानको तामाङ आले ।
सबै मान्छेहरु भेला हुँदासम्म उनी एकोहोरो मात्र बोल्ने भएकी थिइन् । ,जम्मै भर्मीको भेला छान्हाङसम्म होसे एकोहोरो मात्रै ङाक्च छान्ह्च लेया ।
साङमोले फूल टिप्यो । ,साङमोय सार ढुमाहा ।
रुखमा सुतिराखेको ढेँडुबाँदर झल्यास्स बिउँझियो । ,वुटाङ मीस्मनलेच ढेँडुबाँडर झल्यास्स रीहीना ।
त्यो पनि उनको सुसार नपाएर बिस्तारै खण्डहरमा परिणत भयो र भत्किएर नामनिशाना नै रहेन । ,होस ड होच्यो सुसार माडीन्ह्म बीस्टारै खण्डहराङ परिणत छान्हा अनी हुल्म म्यारमीननिसाना न माछान्हा ।
उसले पैसा तिरेन ? ,होचे पैसा माटीर्डीया ?
बाख्रा पर बारीतिर मस्त चर्दै थियो । ,र्हा पार्लाक बारीलाक मस्ट स्यास्मन लेया ।
विषय भिन्न भिन्न मन भिन्न भिन्न भएपनि उनीहरुले आ–आफ्नो पढाइलाई अगाडी बढायो । ,विषय भीन्न भीन्न मीमन भीन्न भीन्न लेनाङड होसकोइ मे-मेनो पढाइके अगाडी बढ्डीया ।
कस्ले भन्ने उनीहरुलाई ? ,सुय डेके होसकोके ?
खाने भाँडा अलग थियो । ,ज्याच भाँडा अलग लेया ।
हामी आमाछोरीको बेग्लै जीवन उनीहरुको बेग्लै । ,कान मोइमाझामीजौ बेग्लै जीवन होस्कुङ बेग्लै ।
मेरो सिटको महिला पनि सुत्न थाली । ,ङौ सीटो माझा ड मीस्के ठाला ।
डोल्मा घाँस काट्न गई । ,डोल्मा घाँस चेके नुहुँआ ।
केदार मास्टर पनि पारी तीनतले गाउँको नेपाल बाहुन हो । ,केदार मास्टर ड पार्लाक सोम टे लाङ्घौ नेपाल बाहुन आले ।
दोर्जे भोलि घर जान्छ । ,दोर्जे पीहीन इमाङ नुङ्ले ।
"घ्याम्पा तिमी त्यहीँ गएर सिक , यसो गरे कसो होला ? ","घ्याम्पा नाङ होलाङ नुहुँआर पाहौ , इट जाट्नाङ कुट छान्ह्ले ?"
मलाई दाज्युको त्यो अनुशासन मन पर्यो । ,ङाके दाजीओ होस अनुशासन मीमन परीसा ।
आफ्नो सासु ससुरालाई राम्ररी हेर । ,मेनो सासु ससुराके सेम ङोसो ।
दुइ तिन वर्षको भयो होला । ,न्हीस सोम ल्हेसो छाना ओला ।
"‘हुन्छ , हुन्छ . . . । ’ ","हीले , छान्ह्ले . . . ।"
तिनवटा कुखरा थियो । ,सोम वटा ग्वा लेया ।
गुरुङनीहरू राम्री हुन्छन् । ,गुरुङनीको सेच छान्ह्ले ।
बाले बिहानै रेडियोमा सुन्नुभएको . . . । ,बाले गोराकन रेडीयोआङ सेयाच . . ।
यहाँ सुन्तलाको लागि उचित वातावरण रहेको पत्ता लाएपछि सरकारले कृषि ऋण अनुदान दिई सुन्तला रोप्न उत्प्रेरित गर्यो । ,इलाङ सुन्टलौ लागी उचिट वाटावरण लेच पट्टा लैडीप्याक सरकारे कृषि ऋण अनुडान याहाम सुन्टला रोप्डीके उत्प्रेरिट जाटा ।
भाँडाहरु गाडाङगुडुङ पल्टाइ । ,भाँडाको गाडाङगुडुङ खोरोका ।
गलाको नसा फुलेर आयो । ,मीडुङ्गौ नसा सोक्म राहा ।
सोमे दर्जी भरखरै मात्र कतारबाट आएको थियो । ,सोमे दर्जी इनाङ्जा मात्रै कतारीङ राहाम लेया ।
"अन्न नफल्ने बारी माया नगर्ने कान्छीआमा एउटै भन्ने सुनेको थिएँ , देखेँ । ","अन्न मास्वाके बारी माया माजाट्के कान्छीमोइ काटै डेम सेम नालेआङ , ङाडाङ ।"
काठमाडौको नेवारले रक्सी खान्छ । ,काठमाडौओ नेवारे रक्सी गाले ।
अनकन्सस भएँ म । ,अनकन्स छान्हा ङा ।
पित्त तितो हुन्छ । ,पीट्ट खाच छान्ह्ले ।
"यता पल्ट्यो उता पल्ट्यो , चलेर मात्र बसिरहेँ । ","इलाक पल्टडी उलाक ल्हेसा , केस्म मात्रै ङाङुआङ ।"
एकदिन विद्यालय विदाको दिन थियो । ,कायाङ्क विद्यालय वीडौ याक लेया ।
"कसैको लोग्ने , कसैको छोरा , कसैको छोरी काम नभएर बस्नु परेन । ","सुयो लेन्जा , सुयो लेन्जामीजा , सुयो माझामीजा काम मालेम ङुके मापरीसा ।"
एक दिन सधैं जस्तो ओखोटे बिहानै उठेर आरन बढारकुडार गरेर अलिकति गोल हालेर खलाती चलाउँदै थियो । ,का याक सेनडसेन लख ओखोटे गोराकन सोआर आरान बढारकुढार जाटार अलीकटी गोल कार खलाटी क्योट्मन लेया ।
यस्तो कुरा गरि नहिड । ,इन्च कुरा जाट्म माव्हानी ।
पोङ पनि खाइसकेको रे । ,पोङ ड ज्यामभ्याच टा ।
एक मनले सम्झेँ छोरी मान्छेको जीवन भएर नजन्मनु नै राम्रो हुने रहेछ । ,काट मीमनय आर्मीटा माझा भर्मीओ जीवन छान्ह्म माफुन्च न सेहेच छान्ह्के लेसा ।
"मान्छेहरु आ–आफ्नै पाराले हाँस्ने , जिस्किने गरिरहेका थिए । ","भर्मीको मेल्लौ पाराङ रेट्के , खेहेके जाट्मन लेया ।"
ऊ वर्षमा कहिले काहीँ छुट्टि मिलाएर घरपरिवार भेट्न आउँथ्यो । ,होस ल्हेसाङ सेनर सेन छुट्टी खास्म इमजाहान डुप्के राहोला ।
भाइ अहिले यहाँ आउँछ । ,भया इनाङ इलाङ राहाले ।
कुरा त बोल्न नपाइने बेलामा कसरी छुन पाउनु । ,कुरा च ङाक्के माडीन्च बेलाङ कुटरी छुके डीन्के ।
कहिले जाँड छानेर दिनु पर्ने । ,सेन हान छान्डीम याहाके परीस्के ।
एकजना बुढा त्यहा“ बसिरहेको थियो । ,काटजना बुढा होलाङ ङुमन लेया ।
स्कुसको लहरा हुन्छ । ,स्कुसो लहरा छान्ह्ले ।
मेडिकल छैन । ,मीडीस्म माले ।
कसैले मैले देखेको भनेन । ,सुयर ङै डाङ्च माडेया ।
झलझली मेरो रातो स्वेटरलाई सम्झेँ । ,झलझली ङौ ग्याच स्वेटरके आर्मीटा ।
‘लै नयाँ दुलाही आइपुगी सगुन राख’ जम्मा भइरहेका भित्रैबाट एकजनाले भन्यो । ,होसे नयाँ दुलाही टागी सगुन डाच जम्मा छान्ह्मलेच भीट्रीङ काटजनै डेया ।
आमाको तिन तोला सुनको चुरा छ । ,मोइओ सोम टोला सुनो गेल ले ।
‘मेरी बुहारी ! अब त दुई दुई वर्ष पुग्न लाग्यो है । ’,होडीक बुहारी ! अब च न्हीस न्हीस न्हीस ल्हेस टाहाके पा है ।
मध्यरात भयो होला । ,मढ्यनाबीक छान्हा ओला ।
कहिले त खाना नपाएर भोकै हिँडेको सम्झन्थ्यो । ,सेन च ज्याके माडीन्म रन्छीमन व्हाच आर्मीट्ला ।
वारि पारीका मानिस पनि आए । ,वार्लाक पार्लाकौ भर्मी ड राहा ।
पासाङको छोरो जन्म्यो कि छोरी जन्मी ? ,पासाङो लेन्जा मोजा फुना की माझा मीजा फुना ?
‘हुन त हो । ’,आल्के च आले ।
आमा हो ! ,मोइ आले !
"मैले केहि नभन्दा नै बुबाले भन्नुभयो , ‘भक्तपुरमा युकेजीसम्म पढेर आएको त्यसैले एबीसीडी , वानटुथ्री सबै पानी बराबर आउँछ बच्चालाई । ’","ङै हीड माडेनाङ न बोइय डेयाको , 'डेनाङ मुक्तपुराङ इसे बडासम्म पढीस्म राहाच होटै एकाबिउँडीया , वाक जम्मैके राहाले ।"
म दीपेश  । ,ङा दीपेश ।
पाल्साङले भन्यो । ,पाल्साङय डेया ।
"यहाँ दाज्यु नयाँ रहेछ , एकछिन पछि फर्केर आउँछु है दाज्यु भनेर हातमा कापी र कलम बोकेर तिनी बहिनी अर्को पट्टि हिँडी । ","इलाङ दाजी नयाँ लेसा , कलापीङ ल्हेस्म राहालाङ है दाजी डेयार मीहुटाङ कापी अनी कलम बुम होसे नानी अर्को पट्टी व्हा ।"
मलाई माया गर्नुहुन्छ । ,ङाके माया जाटोलेको ।
डाँडाहरू अग्लोहोचो भइ रहन्छ । ,डाँडको घाङ्च छान्म ङुले ।
‘दीपेश कहाँ गयो होला  ? ’,डैपेश कुलाङ नुहुँआ ओला ?
म भोलि काठमाडौं जादैं छु । ,ङा पीहीन काठमाडौं नुङ्मन ले ।
ओखोटे कामी बेपत्ता भयो । ,ओखोटे कामी बेपट्टा छान्हा ।
त्यो देखेर ससुरा सासु चाँहि चिन्तामा पर्यो । ,होस डाङार ससुरा सासु च चीन्टाङ परीसा ।
कुखरा मन्सेको छैन । ,ग्वा मासीमने ।
"तिमी जाने भए जाऊ , म त जान्नँ । ","नाङ नुङ्के डेनाङ नुङ्न , ङा च मान्लाङ् ।"
बाजेको नाम नै लप्टन बाजे । ,बाजीओ म्यारमीन न लप्टन बाजी ।
ठिक समयमा तिनी त्यहाँ पुग्दा कान्छा उभिइरहेको थियो र तिनलाई देख्ने बित्तिकै अलिक निहुरेर सुस्तरी सम्बोधन गर्यो । ,ठीक समयआङ होसे होलाङ टाहानाङ कान्छा टोङ्मन लेया अनी होसे डाङ्च बीट्टीकै अलिक घुम्म सुस्टरी सम्बोढन जाटा ।
जिमिदार आफ्ना नोकर्नीहरुसँग जीउ धोइपखाली फर्केकी थिइन् । ,जिमिदार मेनो नोकर्नीकोकठा ज्यान हुर्मरेस्म ल्हेस्च लेया ।
पढ्न शुरु गरेपछि छोड्न मन नलाग्ने । ,पढीस्के सुरु जाट्प्याक डास्के मीमन मालैडीस्के ।
"कहिले काँही बाटो हिंड्ने बटुवाहरुले हल्ला गरेको सुनिन्थ्यो , ‘माईलालाई त माओवादीहरुले जिउँदै गाड्यो रे ! ’","सेनर सेन लाम व्हाके बटुवाकोय हल्ला जाट्च सेओला , माओवादीके च माओवादीकोय जीउँडन ठाह्का टा !"
‘फस्ट भएछ्यौ राम्रो भयो’ बुबाले पनि भन्नु भयो । ,फस्ट छान्ह्लेसा सेहेच छान्हा बोइय ड डेयाको ।
बुढोले ठूलठूला आ“खा फारेर मलाई घुरेर हेर्दै आवेशपूर्ण स्वरमा काम्दै बोल्यो । ,बुढोय करङ्च करङ्च बर्डा मेनके फारम ङाके घुम्म ङोस्मन आवेशपूर्ण स्वराङन ङाका ।
मैले अध्यक्ष समक्ष भने । ,ङै अध्यक्ष समक्ष डेया ।
चिया धेरै स्वदिलो थियो । ,चाहा ढेर स्वदिलो लेया ।
भेनाज्युहरू भान्छामा जानुहोस् । ,भेनाज्युको भान्छाङ नुङ्नी ।
गहुँको सुक्खा रोटी पोल्थी  । ,गौ कोक्खा रोटी पोथी ।
हो उनको जीवन साथी सोनामलाई पनि त्यस्तै लाग्यो । ,आले होच्यो जीवन लाफा सोनामके ड होटन लैडीसा ।
कुरा बुझ्दा उसले घरको चिजहरु बाँडेर खाने रहेछ । ,कुरा व्हारनाङ होच्य इमाङ चीजको पुङ्च ज्याके लेसा ।
होइन ल्हाक्पासे साँचो कुरा नै गरेको कि ? ,माहाले ल्हाक्पासे साँचै कुरा न जाट्च की ?
एक पटक त चिनाले ढाँटेको कि भन्ने लाग्यो । ,काट पटक च चिनाय ढाँस्च की डेच लैडीसा ।
रातोटोपी लगाउँनेहरू उतातिर गए । ,ग्याचटोपी बील्चको होलाक नुहुँआ ।
कान्छाले गीत गाउनै पर्यो । ,कान्छै ल्हीङ ल्हीङ्केच पर्सा ।
प्रधान बुढा पहिलेको प्रधानपञ्च रे । ,प्रधान बुढा पहीलेओ प्रधानपञ्च टा ।
कार्यक्रममा तपाईहरुले रचना वाचन गर्न र सुन्न सक्नुहुन्छ । ,कार्यक्रमाङ नाकोइ रचना वाचन जाट्के अनी सेके माय्होक्ले ।
गाउँमा विद्यालय थिएन । ,लाङ्घाङ विद्यालय मालेया ।
तिमी अगाडि हिँड । ,नाङ अगाडी व्हान ।
त्यस बेला मेरो ‘काली’ र ’प्लिक्सी’ पुस्तक छापिसको थियो । ,होस बेला ङौन माचार छान्ह्मन अनी कलिक्सिओ पुस्तक छाप्डीच लेया ।
गाउँलेहरुले भन्न थाले पहिले पहिले त सिकार खेलेर खायो । ,लाङ्घालीकोइ डेके ठाला पहीला च सीकार गेस्म ज्या ।
चाहिने नचाहिने भन्न सकिन्न । ,चैडीस्च माचैडीस्च डेके माय्हेक्ले ।
त्यसैले उ चाँहि काम खोज्न सहरतिर हिँडे । ,होटै होस च काम पाके सहरलाक व्हा ।
"बाख्रा त म्याम्या र म्युम्यु गर्दै चरनतिर कुदिहाले , भैंसी भने अलमलमा पर्यो । ","र्हा च म्याम्या अनी म्युम्यु जाट्मन स्यास्केलाक ख्योरमका , भैंसी भर अलमलाङ परीसा ।"
"केहि समय पछि आमाले बुबा पट्टि फनक्क फर्केर भन्नु भयो , ‘विद्यालयमा रातो स्वेटर लागाउने भनेर गिज्याएको रे ! ’","हीड समय न्हुनीङ मोइय बोइ पट्टी फनक्क ल्हेस्म डेयाको , वीहाच डेच मीटुकाङ ग्याच स्वेटर बील्ह्च डेम ग्यौ टा !"
नाती खेल्दै थियो । ,नाती गेस्मन लेया ।
दोर्जे पास भएछ । ,दोर्जे पास छान्ह्लेसा ।
अब नमर्ने रहेछ भनेर कोहि कोहि सुत्न गयो । ,अब मासीके लेसा डेम सु सु मीसके ङुङा ।
तिमी मेरो घरमा जानै पर्छ । ,नाङ ङौ इमाङ नुङ्केच पर्ले ।
आउने जाने गर । ,राहाको नुङ्के जाट्नी ।
‘तैयार भइसक्यो । ’,होसे नयार छान्ह्मभ्या ।
दुईटी छोरी विद्यालय जान पोशाक लगाउँदै थिइ । ,न्हीस माझामीजा विद्यालय नुहुँके पोशाक लैडीसमन लेया ।
घरको काम सासु ससुरा अनि मेरो श्रीमानले गर्न थाले । ,इमो काम सासु ससुरा अनी ङौ लेन्जैन जाट्के ठाला ।
"ती साथीले पनि बिस्तारै भने , ‘केटा मान्छेले रातो स्वेटर लगाउँदा हाँस्दैन त ? ’","होस लाफाय ड बीस्टारै डेया , 'होच भर्मीय ग्याच स्वेटर बील्ह्नाङ मारेट्ले च ?"
राल्फा भन्ने बित्तिके मलाई मञ्जुल दाज्युको याद आउँछ । ,रालफा डेच बीट्टीकै ङाके मञ्जुल दाजीओ ह्याका राहाले ।
चिया खाऔं । ,चीया गानी ।
मलाई आज मेरा सबै साथीहरूलाई भेट्न मन लाग्यो । ,ङाकी छीनीङ ङौ पट्टन लाफाकोके डुप्के मीमन लैडीसा ।
यिनले के भनेको हो काका । ,इसे ही डेच आले बाबु ।
शुन्य शुन्य लाग्यो । ,वाङ वाङ लग्डीसा ।
पेमाले घर बारी सबै बेच्यो । ,पैमाय इम बारी जम्मै आर्ला ।
साहुले पैसा दियो भने म घर जान्छु । ,साहुय पैसा याहा डेनाङ ङ इमाङ नुङ्लाङ् ।
सुब्बासिं र तेजु अरे ? ,सुब्बासिं अनी तेजु टा ?
पहिले पहिले भेट हुने बेलामा भन्दा राम्ररी कुराकानी गर्नु भएको थियो दाज्युले । ,पहीला पहीला डूप्च बेलाङ डेनाङ सेहेम कुराकानी जाट्म लेयाको दाजीय ।
त्यसपछि मैले सम्बिकालाई पछ्याइनँ  । ,होटीङ ङै सम्बकाके छ्याका ।
आएन । ,माराहा ।
म उठबस गर्दा गर्दै ढलेँ । ,ङा सोकेङुके जाट्नाङ जाट्नाङ जाट्नाङ न फुटा ।
ससुराले पनि कुरा नबोल्ने भयो । ,ससुराय ड कुरा माङ्च छान्हा ।
उज्यालोको संकेतमा भाले बासेपछि हामी घरतिर फर्कियौं । ,ट्याङचौ संकेटाङ भाल्या राटप्याक कान इमलाह ल्हेसा ।
के नमिलेको के नमिलेको झैं लाग्थ्यो । ,ही माखाट्च ही माखाट्च लख लैडीसोला ।
हामी आमा छोरी घरमा फर्कियौं । ,कान मोइ माझामीजा इमाङ ल्हेसा ।
त्यो पुस्तकको विमोचन तामाङ मञ्चको साहित्यिक कार्यक्रममा काठमाडौंमा हुँदै थियो । ,होस पुस्तकओ विमोन तामाङ मञ्चो साहित्यिक कार्यक्रमाङ काठमाडौंआङ काठमाडौंआङ छान्ह्मन लेया ।
धनसाइ गाउँको भिमे,धनसाइ लाङ्घौ भिमे
भरे भतकै मरे भने के गर्ने ? ,नामारलाक भटकै सीया डेनाङ ही जाट्के ?
हाम्रा भाषाविज्ञ को हुनुहुन्छ ? ,कानुङ भाषाविज्ञ कु लेको ?
"उसले सोच्यो , ‘नत्र . . . त दिउँसो केही बोल्ने थिइन् नि . . . ! ’","होच्य सोच्डीया , मान्याङ . .च नामसीन हीड ङाक्के लेया नी . . . !"
भोलीपल्ट पनि यसरी नै समय बित्यो । ,पीहीनपल्ट ड होट न समय बीट्डीसा ।
अण्डाकारको रहेछ । ,ग्वारुकारो लेसा ।
‘तपाईंहरुले कसरी थाहा पाएको त ? ’ फेरि उसले सोध्यो । ,नाकोइ कुटरी ठाहा डीन्ह्च च ?
दाज्यु सुकोले झैं गरि मैले पनि छोटो छोटो कविताहरु लेख्दै आएको छु । ,दाजी सुकोय झै जाट्म ङै ड टुन्ह्च टुन्ह्च कविताको रीक्मन राहामन ङालाङ ।
मलाई न्याय निसाफ चाहिन्छ । ,ङाके न्याय निसाफ चैडीसा ।
आजको सभामा को को थिए ? ,छीनीङो सभाङ सु सु लेया ?
आफूलाई फुक्काफाल देखेपछि पुच्छर ठाडो पारेर भैंसी बाँदरे तेर्सोतिर गुटुटु कुद्यो । ,मेनके फुक्काफाल डाङाप्याक पुच्छार थालीको पार्डीम भैंसी बाँदरे म्हाकाङ गुर्सलाक पटुवा ।
‘लौ अब देउताले छाडेछ’ ससुराले भन्नु भयो । ,लौ अब देउटै डास्लेसा ससुराय डेयाको ।
माथि जाऊ । ,ढेमाङ नुङ्न ।
दिन यतिकै बित्यो । ,याक होटक बीट्डीसा ।
कान्छी छोरी अमेरिकामा छे । ,कान्छी मीजा अमेरिकाङ ले ।
सुको दाज्युको कवितालाई माया नगरि म एकछिन पनि बस्न सकिन । ,सुको दाजीओ कविताके माया माजाट्म ङा कलाप ड ङुके माय्होका ।
मास्तिर मधुवनी डाँडा भने खलङगा पाखामा उदाउने घामको ज्योतीलाई छेकेर ढसमस्स फुलिरहेको थियो । ,ढेमलाक मधुवनी डाँडा भर खलङगा पाखाङ ख्योहोके नामखनो ज्योतीके टुमस्स वट्मनलेच लेया ।
"‘जनताले पनि सहयोग नगर्ने भए मलाई पनि कथा लेख्न के मतलब’ , सोनाम उफ्रियो । ","छीनीङ गीताय ड सहयोग माजाट्के डेनाङ ङा ड कथा रीक्के ही मटलब मामन्डीया , सोनाम फोर्जोहा ।"
"केहि दिन पछि कलेजमा मैले चिनालाई नै सोधेँ , ‘नयाँ पाइला पत्रिका कहाँ पाइन्छ चिना ? ’","हीड याक न्हुनीङ कलेजाङ ङै चिनाके न गीना , चैडीस्के पाइला पत्रिका कुलाङ डीन्ह्ले चिना ?"
मैले जवाफमा केही बोलिन । ,ङै जवाफाङ हीड माङाका ।
अहिले म कमजोरी नै छु । ,इनाङ ङा कमजोरी न ले ।
‘मैले किन जाँड रक्सी खाएको थाहा छ ? तिमीहरुले गर्दा ऋण भयो । ऋणले गर्दा सहन नसकेर मैले यसो गरेका हो । अब बुहारीको सुन बेचेर तिर्नु पर्यो । हुन्छ कि हुँदैन बुहारी ? ’ ससुराले मलाइ कराउँदै सोध्नु भयो । ,ङै हीके हान रक्सी गाच ठाहा ले ? नाङइ जाट्नाङ ऋण छान्हा ।
कसैको पनि गिदीमा मलाई अस्पतालमा लाने कुरा उब्जेन । ,सुयो ड गीडीआङ ङाके अस्पटालाङ नुहुँके कुरा माराहा ।
अलिपर गोठमा आँइआँइ गर्दै भैंसीले कुँडो प्रतिक्षा गरिरहेको जनाउ दिइरहेको थियो । ,अलीपार्लाक बरसाल आँआँइ जाट्मन भैंसीय कुँडो प्रतिक्षा जाट्मनलेच जनाउ याहामनलेच लेया ।
सीताले साहुको रिन तिरी । ,सीताय साहुओ रीन तीर्डीया ।
कामबाट फर्केर आउने बेला उ कहिल्यै खुसी देखिएन । ,कामीङ लेसार राहाच बेला होस सेनर खुसी माडाङ ।
उसलाई तिन सय रुपियाँ देऊ । ,होसके सोम भोङ्ग रुपीयाँ याहानी ।
"भाउजु सुस्मिताले दाज्युतिर फर्केर भन्नुभयो , भाइ दुईजना आइपुग्नु भएको छ तपाईलाई भेट्न । तपाई भाईहरुसँग कुरा गर्नुहोस् , चिया म बनाउँछु । ’","भजी सुस्मिताय दाजीलाक ल्हेस्म डेयाको , भया न्हीसजना टाराहाको नाकोके डूप्के लेको ।"
बाख्राले कोदो खायो । ,र्हाय राङ्क्वा ज्या ।
दाज्युको साथी पनि हाम्रो कविता सुन्न आत्तुर थियो । ,दाजीओ लाफा ड कानुङ कविता सेके आट्टुर लेया ।
मधेशी हेटमास्टर केहि नबोली कुर्सिमा बसेर कुरा मात्र सुनिरहेको छ । ,मधेशी हेटमास्टर हीड माक्म कुर्सीआङ ङुम कुरा मात्रै सेनम ले ।
सुस्मिताले सोनामको कुरा काटेर सबैको बीचमा कुरा राख्यो । ,सुस्मिताय सोनामो कुरा चेम जम्मैओ बीचाङ कुरा डा ।
आज ऊ कहाँ जान्छ । ,छीनिङ होस कुलाक नुहुँङ्ले ।
"‘खै यस्तो के नसा बस्यो , बस्यो . . . । ’","होसे इन्च हीसा ङुआ , ङुआ . . ।"
साग राम्रोसँग केलाऊ । ,गन सेमकठा ङोसो ।
दक्षिण–पश्चिम दिशामा मुर्थुङडाँडा ठिङ्ङ उभिएको थियो । ,दक्षिणाङपश्चिम डीसाङ मुर्थुङडाँङा ठिङ्ङ टोङ्च लेया ।
यो दुनियामा छोरा जन्मायो भने मात्र त्यो आमा हुँदो रहेछ । ,इसे डुमार लेन्जामीजा फुन्हा डेनाङ मात्रै होस मोइ आले ।
"कुना उज्यालो थिएन , अध्याँरो थियो । ","तपाई ट्याङ्च मालेया , अध्याँ लेया ।"
‘तिमी प्रेमपीडामा परेका छौ ? ’ बुढाले फुलेको आ“खीभौ नराम्ररी खुम्च्यायो । आकाशतिर पल्टाए आधि आ“खा खोल्यो । दा“त झरेर झोल्लिएको गाला कच्याक कुच्युक पार्यो । ,नो प्रेमपीडाआङ परीस ले ? छौडीस्च बुढाय सोक्च मीमीकोभौ मासेहेम रुटाका ।
मैले ‘हुन्छ’ भने । ,ङै इतार छान्ने डेनाङ ।
खाना खान मानिसहरु हतार हतार गरिराखेको थिए । ,छो ज्याके भर्मीको हटार हार्डीस्म जाट्मन लेया ।
पुग्ने बित्तिकै आन्तरे झाँक्रीले अघि माछा मासु नपकाएको घर लिप्नु पर्दैन भन्ने वचन फेरेर पुरै घर पोत्न लगाए । ,पुहुच बीट्टीकै आन्टरे झाँक्रीय म्हेनीङ डीस्या स्यापच इम लाक्के मापरीस्ले डेम वन लैडीसले ।
घरमा भाइ आयो । ,इमाङ भया राहा ।
उनीहरु दुईटीले माथिको ओछ्यानबाट सधैं ओढ्ने गरेको बर्की ल्याएर ओढाइ दिइ । ,होसको न्हीसे ढेमाङौ ओछयानीङ सेनडसेन पुहुके जाटार बर्की राकार बीलीक्म याहा ।
"‘फोन गरिसकेको छ , छिट्टै आइपुग्छ । ’ बज्यैले भने । ","फोन जाट्मभ्याम ले , छीट्टै टाराहाले ।"
हिलिहाङ कमलाको मितमामा हो । ,हिलिहाङ कमलाओ मीटमामामामामामा आले ।
सधैं बुबाआमाकहाँ जाना खोज्ने । ,सेनडसेन बोइमोइलाक नुहुँके पाके ।
"हेर भतिज , यसले हाम्रो बेइज्जत गर्यो । ","ङोसो भटीज , इचे कानुङ बेइज्जट जाटा ।"
सानोमा यो केटो असाध्यै रुन्थ्यो । ,म्हारनाङ इसे लेन्जा ढेरै न रापोला ।
‘आमा तपाईंलाई केहि पनि हुँदैन आमा । ’ दिनिले भनी । ,होसेमोइ नाकोके हीड ड माछान्ह्ले मोइ ।
अर्जुन त हाम्रो यहीका हवल्दार बाजेको नाति पो हो त । ,अर्जुन च कानुङ इलाङो हवल्डार बाजीओ नाटि पो आले च ।
कुरा भैरहेकै बेला ससुरा र सासु पनि त्यहीँ आइपुग्नु भयो । ,कुरा छान्ह्मलेच बेलाङ ससुरा अनी सासु ड होलाङ टाराहाको ।
आजको रात यसै बित्यो । ,छीनीङो नाबीच इट बीट्डीसा ।
यही क्रममा जीवनले पनि देशको सेवा गर्ने मन बोकेर क्रानितमा प्रवेश गर्यो । ,होसे क्रमाङ जीवनये ड देशओ सेवा जाट्के मीमन बुच क्राताङ प्रवेश जाटा ।
त्यही दिन मैले भनेको थिएँ । ,होसे याक ङै डेमन नालेयाङ् ।
बज्यैकै उपायले हाम्रो यो समय फेरियो । ,बज्यो उपाये कानुङ इसे समय फेर्डीसा ।
"त्यहा“ गुन्द्री बिछ्याएर अन्तरे झाँक्री , मेरो कान्छा मामा , कान्छी सानीमा र अर्की बेँसीटोलकी ठूलीकान्छी जो मेरो सानीमा नै पर्दथ्यो लस्करै बसे भने म छेवैमा कोदोको नालको मुठो बिछ्याएर बसेँ । ","होसबेला गुन्ड्री टाङ्म अन्टरे झाँक्री , ङौ कान्छा मामा , कान्छी मार्ह्चमोइ अनी आस्काट बेँसीटोलो करङ्चकान्छी जुस ङौ मार्ह्चमोइ न परीसोला लस्करै ङुआ डेनाङ ङा छेवाङ राङ्क्वौ नालो मुठा टाङ्म ङुआ ।"
"लजाई लजाई मैले यति भने , ‘ईश्वार थोकर दिदी । ’","कराम कराम ङै इटार डेया , 'ईश्वार थोकर डै ।"
कसैले देख्यो कि देखेन ? सोध्ने खोज्ने गर्यो । ,सुयर डाङा की माडाङ्च ? गीन्के पाके जाटा ।
कविता मेरो जीवन हो । ,कविता ङौ जीवन आले ।
हरियो घाँस । ,भीच घाँस ।
अरु गाउँघरजस्तै कातिके गाउँ पनि यो खबरदेखि टाढा थियो । ,अरु लाङ्घालखन कातिके लाङ्घा ड इसे खबरीङ लोसाङ लेया ।
लानि पनि जुरुक्क उठेर बडुको खोस्न आइ । ,लानि ड जुरुक्क सोम बडुको खुस्के राहा ।
पिटि खेलाउने स्वास्थ्यको मास्टरले भिमेलाई अगाडि बोलाउनु भयो । ,पिटि गेसाक्के स्वास्थ्यो मास्टरे भिमेके अगाडी योटाको ।
ओइ जाने हो ? ,ओइ नुहुँके आले ?
दिदीको त्यो स्ट्याटसलाई मैले फेरि हेर्न सकिन । ,डैओ होस स्ट्याटसके ङै फेरी ङोस्के माय्होका ।
मैनालीले घर परतिरको झाडीतिर चोर औँलो तेस्र्याएर देखाइ पठाए । ,मैनालीय इम पारलाको झाडीलाक चोर मीऔँला टेस्यडीम टनाक्म बीर्हीना ।
दीपेश बाख्रालाई स्याउला झुन्ड्याउँथ्यो  । ,डैपेश र्हाके स्याउला झुन्ड्याउँला ।
तिमी भाइ सँगैसँगै जाऊ । ,नाङ भया कठाकठा नुङ्न ।
सहरमा झन कोहि अचिन्ने । ,सहराङ झन सुर माचीन्डीच ।
पासाङले गोरू जोतेको थियो । ,पासाङय बार्डा जोहोम लेया ।
बज्यैले भनिन् भोलीदेखि घ्याम्पेसे सिकर्मी तालिम दिने रे । ,बज्ये डेया पीहीनीङ घ्याम्पेय सिकर्मी तालिम याहाके टा ।
हामी दुई पुग्न बित्तिकै दाज्युले हामी दुईलाई चिया बनाउन लाग्नु भयो । ,कान न्हीस टाहाके बीट्टीकै दाजीय कान न्हीसके चाहा खास्के लैडीयाको ।
म आज जान्छु । ,ङा छीनीङ नुङले ।
वल्टई पल्टाई हेर्यो । ,वल्टई पल्टाई ङोसा ।
त्यस पछि मैले लेखेको केहि सिजोहरु तामाङ डाजाङको केहि अंकहरुमा छापिसकेको छ । ,होस न्हुनीङ ङे रिक्च हीड सिजोको तामाङ डाजाङो डीङ अंहकोआङ छाप्डीस्केभ्याच ले ।
साथी आउने बाटोतिर आ“खा तेस्र्याउदै गिज्याइपूर्ण स्वरमा बोलेँ । ,लाफा राहाच लामलाक राहाखान टेस्रडीमन खेहेकेच स्वराङ ङाङाकाङ ।
लेखि नै रहेँ नथामिकन । ,रीक्म न ङुआ मारोडीस्मन ।
मान्छेहरु सबैले घटना सुनायो लानि दिनिको बुबालाई । ,भर्मीको जम्मै घटना सेटाका लानि दिनिओ बोइके ।
माया पनि गथ्र्यो । ,माया ड जाटोला ।
हुन त उनीहरुको अर्को घरबार बनाएकोले थोयो कि म एकजना मर्यो भने उनीहरुको बोटा छेक्ने चिज नहुने मान्ने थियो कि । ,आल्के च होसको आस्काट इमबार खास्चय ठोको की ङा काटजना सीया डेनाङ होसकुङ लाम हुप्के चीज मालेके मन्डीके लेया की ।
यस पोखरीमा माछा रैनछ । ,इसे पोखरीआङ डीस्या मालेसा ।
उसलाई के था उसले यो संसारमा ठूलो दुःख सहनु पर्छ भनेर । ,होसके ही ठाला होच्य इसे संसाराङ बड्को डुखा सहैडीके पर्ले डेम ।
नमस्ते ! ,झोर्ले !
केही जरुरी कुरा सम्झेझैं गरी बोल्नलाई उत्साहित हु“दै थियो । ,हीड जरुरी कुरा आर्मीट्नाङलखन जाट्म ङाक्के उत्साहीरीङ माचीम लेया ।
"‘अब दुलही , दुलहा घरभित्र हुल्ने बेला भयो । ’ भात खाइसक्ने बितिकै ताम्बाले भन्नुभयो । ","होसे जम्मै दुलही , दुलहा इमभीट्री व्हाच बेला छान्हा ।"
कराएको कराएकै गरे । ,च्याचौ च्याक्म जाटा ।
"चिरञ्जीवी होस् , धेरै धेरै वर्ष बाँचोस् ! ","चीउजीवावीस् , ढेर ल्हेसो बाँचोस् !"
उतारचढाउ भइ रहन्छ । ,होसेढ्डीस्म छान्ह्मनङुले ।
दोर्जे लड्यो । ,दोर्जे खोरोआ ।
फुर्केचौरमा बस्थ्यो  । ,फुर्केचौराङ ङुओला ।
धनेले कमलालाई लग्यो,धनेय कमलाके नुहुँआ ।
काहिलो भन्दा साँहिलो अलि चलाख थियो । ,काहिला डेनाङ साँहिला अलि चलाख लेया ।
‘हाम्रो बुबा कता हिड्नु भएको ? ’ फेरि सोधिन् । ,कानुङ बोइ कुलाक व्हाको ?
प्रस्तावित कुरा । ,प्रस्तावीत कुरा ।
"‘त्यसका बाजे , ढडेनीका बच्चाहरुले हिजो थुप्रै काँक्रो लगेर गको देखेँ मैले । मैले कहाँबाट ल्याएको भनेर सोधेको त किनेर ल्याएको नि भने । ’ काकीले भन्नु भयो । ","होच्यो बाजी , ढडेनीओ जजाकोय टीसीनीङ ढेर ङे लाम नुहुँच डाङा ङै ।"
"दीपेश थापा , फूल लामा , सावित्री भण्डारी र सुनबहादुर घिसिङ  । ","दीपेश थापा , साराङ , सावित्री भण्डा अनी सुनबहादुर घिसिङ ।"
सालको फूलझैं मेरो सानो टाउकोमा पनि प्रश्नहरु नाचेको थियो । ,फोक्सीनो सारलख ङौ मार्ह्च मीटालुआङ ड प्रश्नको स्याह्म लेया ।
मिलेर किताब पढ्थ्यौं सँग सगै सुत्थ्यौं । ,खाट्म किटाब पढ्डीसोला कठान मीसोला ।
"डुकुले दमाईको छोरा कान्छा हो , भिमे । ","डुकुले दमाईओ लेन्जामीजा कान्छा आले , भिमे ।"
नाकमा रगत छ । ,मीनाङ मीँही ले ।
त्यस बेला चिना साथीकहाँ मैले तामाङ पुस्तकहरुको चाँङ लगाएको देखेँ । ,होस बेला चिना लाफाकुटुङ ङौ तामाङ पुस्तकोओ चाँङ लैडीच डाङा ।
"बुबाले लिटो र हर्जिक्स भक्तपुरदेखि पठाउनु हुन्थ्यो रे , समय समयमा । ","बोइय लिटो अनी हर्लिक्स भक्तपुरीङ बीर्हीनो लाको टा , सयम सयमाङ ।"
उनी त मेरौ साथी पो भएछ । ,होसे च सीमौ लाफा पो छान्ह्लेसा ।
मन परेको मान्छे नआउने । ,जाक्च भर्मी माराहा ।
दाज्युसँग बस्ने त्यो बेला पनि दाज्युले कुराकानीको क्रममा शब्द शब्दमा यौनला माला उन्नु भएको थियो । ,दाजीकठा ङुच होस बेला ड दाजीय कुराकानीओ क्रमाङ शब्द शब्दाङ यौन मासीमन्डीच लेयाको ।
बाउमाइती म देखेर कस्तो कस्तो हुनुभयो । ,बोइमाइटी ङा डाङार कुन्च कुन्च छान्हाको ।
हजुर नमस्कार सबैलाई भन्दै एकपछि अर्को आयो । ,ज्या झोर्ले जम्मैके डेम कलापीङ आस्काट राहा ।
नातीहरू खेल्दै छन् । ,नातीको गेस्मन ले ।
दमिनीलाई भात खाउँ कि थाल खाउँ भयो । ,दमिनीके छो ज्या की ठाल ज्याईङ ।
रिस पोख्थ्यो  । ,रिस पोख्ला ।
"जसरी चल्ला कोरल्न बसेको माउ बाज आउँदा पनि हलचल गर्दैन , ठिक कान्छा दाज्यूले पनि किताबलाई त्यसरी नै कोरलेर बस्यो । ","जुटरी ग्वामीजा फ्याक्के ङुच मोइ बाज राहानाङ ड हलचल माजाट्ले , ठिक कान्छा दाजीय ड किटाबके होटै न फ्याक्म ङुआ ।"
दोर्जे यहाँ आउँदै छ । ,दोर्जे इलाङ राह्मन ले ।
लेखन जस्तै काम गर्ने । ,रीक्च लखन काम जाट्के ।
"त्रिवेणी माविको पछिल्लो ब्याचमा सीता , सोनाम र जीवन पास भयो । ","त्रेवेवेणी माविओ न्हुनीङो ब्याजाङ सीता , सोनाम अनी जीवन पास छान्हा ।"
नानीले किताबमा लेख्यो । ,नानीय किटाबाङ रीका ।
‘म कसैको गार्ड चाँहि होइन । मैले यस्तो बनाएको हो त ? ’ सौतासे फनक्क फर्केर भन्यो । ,नो सुयो गार्ड चाँहि माहाले । ङै इन्च खास्च आले च ? ' सौटै फनक्क ल्हेस्म डेया ।
एकएक दुइदुइ गरेर गन । ,काटकाट न्हीसन्हीस जाट्म हील्नी ।
फुर्साद छाइन । ,फुर्साद छाप्डीसा ।
दिनभरि डुलेर नहिड । ,याकभर डुल्डीस्म माव्हान ।
कहिले त मनमा लाग्छ मैले पनि यो लोकबाट अनुहार लुकाउँदै छु । ,सेन च मीमनाङ लैडीस्ले ङै ड इसे लोकटीङ मीटाहा आर्चीक्मन ले ।
जेठाकान्छा सबैलाई आउ भन । ,मीझारकान्छा जम्मैके राहान डेनी ।
भाइले बारीको फूल टिप्यो । ,भये बारीओ सार ढुमाहा ।
कान्छा गाउँबाट आएछ । ,कान्छा लाङ्घालाकीङ राहालेसा ।
त्यस दिन हामी कक्षामा ज्यामितिको साध्यमा अलमलिएका थियौँ  । ,होस याक कान कक्षाआङ खामिनो साढ्यआङ अलमलिका लेया ।
‘मैले पनि खाकै छैन . . . खाकै छैन’ जितेर कराइ दिएँ । ,ङै ड माज्याम लाङ . . . माज्याम लाङ जीट्म च्याक्म याहा ।
अहिले तिनी दिदी भिनाजुको शरणमा छिन्् । ,इनाङ डै डै भीनाजुओ माझरण मानुहुँआ ।
‘मामा यिनी दिदीलाई अस्पतालमा लगे मात्र विशेक हुन्छ नत्र भने विशेक हुँदै हुँदैन हेर्नुस् । ’,लामा इस डैके अस्पतालाङ लगे मात्रै विशेक छान्ह्ले नत्राङ डेयार विशे छान्ह्मन माछान्ह्ले ।
मसँगैका दौतरी साथीहरुको आमाको दूध पनि खानासम्म खाइएछ मैले चोरी चोरी । ,ङाकठौ डौटरी लाफाकोके मोइय डुढ ड ज्याकेसम्म ज्यालसा ङै खुस्म ।
केदार मास्टरले फेरि पनि म र भिमेलाई कानमा समातेर क्लासमो लग्यो । ,केदार मास्टरे फेरी ड ङा अनी भिमेके मेनकेपाङ जीमार क्लास नुहुँआ ।
डाजाङमा सबैभन्दा पहिले पाईला टेकेको अवसरमा मैले आफ्नो मातृभाषामा लेखेको मुक्तक वाचन गरेको थिएँ । ,डाजाङाङ जम्मेडेनाङ पहीला पाईला टेक्डीच अवसराङ ङै मेनो मोइभाषाङ रीक्च मुक्तक वाचन जाट्च ङालेयाङ ।
मलाई भेट्दा प्रायः ऊ गुनासो गथ्र्यो  । ,ङाके डुप्नाङ प्रायः होस गुनाकोला ।
उसले धेरै कथाहरु लेखिसकेको छ । ,होच्य ढेर कथाको रीक्म ले ।
ओराङ नोन लासि आङा जाजा याङ्जि थेन स्वीकृति नोन । ,ओइमा तिम्रो लासिंगान इसे पाँचि थीक स्विकृति तिम्रो ।
एकदिन हामी दुईजना धारा छेवैमा बसेर एकै ठाउँमा हात हालेर चिउरा खाँदै थियौं क्षेत्री बाहुनका छोराछोरी आएर मलाई गिज्याउन थाले । ,कायाक कान न्हीसजना ढारा छेवाङ ङुम एकै ठाउँआङ मीहुटाङ मीहुट चीन्डीम खाँडीस्मन लेया बाहुनो लेन्जामीजै हीरी ङाके नुहुँआ ।
त्यतिखेर मैले क्रान्तिकारी विद्यार्थी संगठनको सदस्यता लिएको थिएँ  । ,होडीक ङै क्रान्ति विद्यार्थी संगठनो सदस्य लाम ङालेयाङ ।
तपाईंहरू पनि हाम्रो संगठनमा आबद्ध हुन सक्नुहुन्छ  । ,नाको ड कानुङ संगठाङ आबद्धन छान्ह्के माय्होका ।
मेरो सम्झनाले केहि पग्लेन । ,ङौ आर्मीट्चय हीड मापग्लडीसा ।
आफ्नो हरियो अस्तित्व गुमाउँदै जानुपरेको पीडामा झार त्यसैत्यसै लत्रिएको देखिन्थ्यो  । ,मेनो फीच अस्टिट्व माटाक्मन नुहुँकेपरीस्च पीडाङ झार होटैहोटैन लट्रडीस्च डाङोला ।
‘पहिलेदेखि नै यस्तै कि म आएकोले गर्दा कि ? ’,लहीलीङ न इन्च की ङा राहाचय जाटनाङ की ?
म ड्राइभर बसेको सिट छेवैमा बसेको थिएँ । ,ङा ड्राइभर ङुच सीट लेवैआङ ङुच ङालेयाङ ।
बिदाइको कार्यक्रम रुटिङ जस्नै हुने गर्छ । ,ओडौ कार्यक्रम राप्टि लखन छान्ह्के जाट्ले ।
‘तिमी कता जाने भनेर गएको बुहारी ? ’ सासुले सोधे । ,नाङ कुलाङ नुहुँके डेम नुङ्च बुहारी ? होच्य सासुय गीना ।
आधा रात हुँदै थियो । ,आढा नाबीक छान्ह्मन लेया ।
"एकहप्ता भयो , तिनको मुन्टो धनुष्टंंकारजस्तो पछाडि पट्टि फर्किन्थ्यो । ","काटहप्टा छान्हा , होच्यो मीटालु धनुष्टंष्कारलख न्हुनलाक पट्टी ल्हेसोला ।"
मुसा दुलोमा बस्छ । ,बीयू म्याङघोराङ ङुले ।
सबैबाट उपेक्षित यो झार र म उस्तै हुँ  । ,जम्मैव्हारा उपेक्षीट इसे क्षार अनी ङा हुन्चन आले ।
खोल्सिटोलको दोक्चे दमाईले गुनासो गर्यो । ,पाल्सिओ डोलओ दमाईय गुनासो जाटा ।
लानि दिनि दुबैले मेरो हात माडेर तातो बनाइ । ,लानि दिनि न्हीसे ङौ मीहुट आर्जुम जाल्च खासा ।
मलाई पनि तपाईलाई जस्तै किताबहरु असाध्यै मन पर्छ । ,ङाके ड नाकोके लख किटाबको असाध मीमन पर्ले ।
नानीले के खायो ? ,नानीय ही ज्या ?
छोरीहरु आएर अस्पतालमा लान्छ भन्ने आश पनि मरेको छैन । ,माझामीजा राहार अस्पटालाङ नुहुँने डेम आस ड मासीम ले।
"पासाङ घर आयो , यताउता हेर्यो ( र ) गयो । ","पासाङ इमाङ टाराहा , इलाकआलाक ङोसा अनी ) नुहुँआ ।"
एक रुपैयाको चारवटा मिठाइ आउँथ्यो । ,काट रुपैयाओ बूलीवटा मीठाइ राहोला ।
बन्दुक र अरु हतियारकादे अर्जपेर साथ दियो । ,बन्दुक अनी अरु हटीयार आर्जुम साथ याहा ।
भोली भाकाल बुझाउनलाई पूजाको सामान ल्याइसकेकी हुँ । ,पीहीन भाकाल बुझडीके पूजौ सामान राक्केभ्याच आले।
हेर्दा दुब्लो नाक चाँहि चुच्चो परेको । ,ङोस्नाङ रुट्च मीनाहा च चुच्चो परीस्च ।
म भने त्यस्ते छु । ,ङा डेनाङ हुन्च ले ।
गाडीमा गीत बज्यो । ,गाडाङ ल्हीङ ङाहा ।
लगनको टाउको ठोक्काए । ,लगनो मीटालु ठोहाका ।
नातिनीबुहारी घरमा छैन । ,नातिनीबुहारी इमाङ माले ।
म एक्लै गएँ । ,ङ ङाल्ला नुहुँआ ।
माहिली छोरी तान बुन्न सिपालु रे । ,माहीली माझामीजा टान जाहाके सीपालु टा ।
"मैले सोचेँ , ‘किन मलाई यो केटीमान्छेले लागाउने स्वेटर चाँहि बुनेर दिनुभयो होला हेडमिसले ? बुने पनि अर्को रङको बुनेर दिएको भए हुन्थ्यो । रातो रङकै बुन्नु पर्ने त ? ","ङै आर्मीटा , स्याहाके ङाके इसे माझाभर्मीय बील्ह्के स्वेटर च जाहाम याहाचको ओला हेडमीसय ? जाहाम ड अस्काट रङो जाहाम याहाच डेनाङ छान्ह्ला ।"
माग्न आउँदा नदिएको भनेर त्यो मान्छेले साथीहरु भेला पारेर दुःख दिएको रे भन्ने सुने । ,ङीके राहानाङ मायाहाच डेम होस भर्मीय लाफाको भेला जाटार डुखा याहाच टा डेम ङासेआ ।
फुर्साङको अनुहारको उज्यालो हराउँदै गयो । ,फुर्साङो मीटाहाओ ट्याङ्च माह्टमन नुहुँआ ।
छन त थियो मलाई रुवाउने मान्छेहरु मात्र थियो । ,लेके च लेया ङाके रोहाक्च भर्मीको मात्रै लेया ।
त्यस बिहान म साढे सात बजे घरबाट निस्किएँ  । ,होस गोराक ङा साढी टेत बजे इमीङ ङाङुआङ ।
त्यसले भात घिच्यो । ,होचे छो ज्या ।
"भिमे अघि बाहुनी बुढीले पिटेको दुखाइ , केदार मास्टरले पिटेको दुखाइ , उठबस गर्नु पर्ने सजायले बुबाको छेवैमा आएको पछार्यो । ","भिमे म्हेनीङ बाहुनी बुढीय डुडुप्च डुखा , केदार मास्टरय डुडुप्च डुखा , सोचङुच जाट्के परीस्च सजाये मोइओ छेवाङ राहाच ।"
भाइ बिरामी छ भनेर भनिदेऊ । ,भया छाम ले डेम डेनी ।
ठूलीमैयाले त्यो सानो चिर्पेटोमा लेखेको बिशाल पृथ्वी जत्रो भारीलाई कसरी व्यवस्थापन गर्ने भन्ने भेउ छुट्याउन सकिनन् । ,करङ्चमैयाके होस मार्ह्च चिर्पेटोआङ रिक्च बड्को पृथ्वी टार्को भारी व्यवस्थापन जाट्के डेम भेउ छुट्डीके माय्होका ।
दिनि पनि धेरे खुसी भइ दिदी फस्ट डिभिजनमा पास भएकोमा । ,दिनि ड धेरे खुसी छान्ह्म डै फस्ट डिभिजनाङ पास छान्ह्च ।
भाइ घरमा छ । ,भया इमाङ ले ।
अघि आवेशमा आएको हरीलालको स्वर यतिखेर भने गलेको थियो– ‘अघि जिमिदारले . . . पिण्डको कुरा . . . । ’,म्हेनीङ आवेशाङ राहाच हरीलालो स्वर इनाङ डेनाङ गल्डीच लेया म्हेनीङ जिमिदारे . . . पिण्डो कुरा . . ।
साइमान राईको ठूली छोरीको विवाह थियो । ,साइमान राईओ करङ्च माझामीजौ वीहा लेया ।
कोदो मकै त बेच्नेसम्म । ,राङ्क्वा मकै च आर्लाकेसम्म ।
बच्चा एक वर्षको भए पछि आमा काममा गयो । ,मीजा काट ल्हेसो छान्ह्प्याक मोइ कामाङ नुहुँआ ।
आगोले हात पनि डढ्यो । ,म्हेय मीहुट ड बील्हा ।
रक्सी अलिकति छ । ,रक्सी इटार ले ।
यसपछि मनमायाले केही बोल्न सकिनन् । ,छेल्हेस मनमायाय हीड ङाक्के माय्होका ।
कवि भनेर । ,कवि डेम ।
"दाज्युले एकदिन मलाई भन्नु भएको थियो , ‘के यो संसारमा यौनमाथि मुख नखोलेर हिड्न खोजेर हुन्छ ? म र मैले लेखेको यौन साहित्यलाई थुक्ने मानिसहरु त्यसै यो संसारमा जन्म लिएको हो ? उसको आमा बुबा भएन भने उ जन्मन्छ ? उसको आमाबुबा भएन भने उ उत्पन्न हुन्छ ? उसको बुबाआमाले गर्दा नै उसले यति सुन्दर संसार देख्न पाएको हो । त्यसैले यौन लुकाउने चिज होइन । यौनलाई लुकाउन हुँदैन । यो हामीलाई नभई नहुने चिज हो । हाम्रो जीवनमा उहिलेदेखिनै जोडिँदै आएको चिज हो यो । त्यो थाहा हुँदा हुँदै यसलाई किन लुकाउने ? किन बाहिर नदेखाउने ? उठाउनै पर्छ सबैको सामु , सबैले देख्ने गरि । ’","दाजीय कायाक ङाके डेच लेयाको , 'ही इसे संसाराङ यौनढेमाङ मेङ्गेर माखोल्म व्हाके पाम छान्ह्ले ? ङा अनी ङै रीक्च यौन साहित्यके ठुक्च भर्मीको होटन इसे संसाराङ फुन्ह्च आले ? होच्यो मोइ बोइ मालेच डेनाङ होस फुन्ह्ले ? होच्यो मोइबोइ मालेच डेनाङ होस उट्पन्न छान्ह्ले ? होच्यो बोइमोइय जाट्नाङ न होच्य इटार सेहेच संसार डाङ्के डीन्ह्च आले । होटै यौन आर्चीक्च चीज माहाले । यौनके मालेम माछान्ह्च चीज माहाले । इसे कानके मालेम माछान्ह्च चीज माहाले । कानुङ जीवनाङ उहीरीङ माटनाक्के ? हीके बहीरीङ माटनाक्के ? हीके बहीरीङ माटनाक्के ? हीके बहीरीङ माटनाक्के ? सोट्केन पर्ले जम्मैओ सामु ,जम्मैय डाङ्च गरी । कानुङ जीवनाङ उहीरीङ माटनाक्के ? हीके बहीरीङ माटनाक्के ?"
आज घाम लाग्छ होला । ,छीनीङ नाङ्खान लैडीस्ले ओला ।
निङालो न काट । ,निलो माचेउ ।
म स्कुल जान्छु । ,ङा स्कुल नुङ्लाङ् ।
"उसेल खुकुरी मिलिक मिलिक हल्लायो , डराओस् भनेर होला । ","होच्य खुकुरी मीलीक मीलीक होयोका , बीरीओस् डेम ओला ।"
बेलुकी हुनै लागेको समय उनीहरु पनि हिँड्यो । ,नामार्च छान्ह्के पाच समय होसको ड व्हा ।
पेमा पराघौं घर जान्छ । ,पेमा पराघीङ इमाङ नुङ्ले ।
मनमायाको विनम्र बोलीलाई कुल्चदै जिमिदारको जेठो छोरोको अहंमताले भरिएको आवाज ध्वनिकृत भयो– ‘अब जिन्दगीभरी जोल्ठिएर बस्छेस् । ’,मनमायो विनम्र बोलीके फेट्मन जिमिदारो मीझार लेन्जामीजौ अहंमताय पीङ्च आवाज ध्वनिकृट छान्हा ।
खलासीले मान्छे गन्यो । ,खलासीय भर्मी हीला ।
"मैले टाउको मात्र हल्लाएँ , आउँछ भनेर । ","ङै मीटालु मात्रै होयोका , राहाले डेम ।"
"‘कुरा एउटा भए पनि बोलन , मेरो मन थाम्न’ उसले फेरि भन्यो । ","कानुङ काट लेनाङ ड ङाक्के , ङो मीमन ठाह्मके होच्य फेरी डेया ।"
लुती दमिनीको छोराछोरी भोकै भयो । ,लुतीओ दमिनीओ मीजाकै छान्हा ।
भोलि को आउँछ ? ,पीहीन सु राहाले ?
त्यसदिन देखि भिमे फकर्रे कहिल्यै विद्यालय आएन । ,होसयाक व्होरा भिमे ल्हेसमर सेनर विद्यालय माराहा ।
‘बुढो . . . बुढो . . . ’ तिनी एकतर्फी सासमा कराइरहेकी थिइन् । ,बुढो . . . . बुढो . . . ' फेरी होसे काटटर्फी सासाङ च्याक्मलेच लेया ।
त्यो घर कस्को रहेछ । ,होसे इम कुटौ लेसा ।
होइन भने म उसको घरमा गइ बस्थे । ,माहाले डेनाङ ङा होच्यो इमाङ नुङ्म ङुले ।
गोठमा को छ ? ,बरसालाङ हो ले ?
सुन्तलाको स्वाद,सुन्तलौ स्वाद ।
छोरी दुई जना नै विद्यालयमा जाना थाल्यो । ,माझामीजा न्हीस जना न विद्यालयाङ नुहुँके पा ।
झर्न सके मरिजाउँ । ,झाल्हे य्होक्नाङ सीमनुहुँईङ ।
झण्डै हप्तादिन हुन लाग्दा पनि माईती फर्केकी छैनन् । ,झण्डै हप्टायाक छान्ह्के पानाङ ड माईटी ल्हेस्च माले ।
मे ! मे ! ,मे ! मे !
एउटा बंगुरलाई चारो पकाउन  । ,काट बंगुरके बूली ठोहोके ।
त्यसैले बुबाले आफूसँगै मलाई पनि गाउँमा लानु भयो । ,होटै बोइय मेकोकठा ङाके ड लाङ्घाङ नुहुँनाको ।
कस्ले सुन्ने ? ,सुय सेके ?
हाम्रो दुःखको समय । ,कानुङ डुखाओ समय ।
छोरीहरु विद्यालयबाट आइन् । ,माझामीजाको विद्यालयीङ राहा ।
गाउँलेहरु नाच्न थाले । ,लाङ्घालीको स्याहाके ठाला ।
छोरीजुवाइँहरू घाँस काट्दै छन् । ,माझा मीजाजुवाइको घाँस चेमन ले ।
नबस दिदीबहिनी नर्कमा ,माङुनी डैनानी नर्कआङ
माघ महिनाको त्यो जाडोमा यो लुगाले थाम्ने कुरै भएन । ,माघ महिनो होस जुहुनामाङ इसे कपडै ठाम्ह्च कुरै माछान्हा ।
उसलाई लालसलाम कमरेड भन्यो । ,होसके लालसलाम कमरेड डेया ।
रामजी बाहुनको कुरा टार्न नसकी अन्तरे बोम्बो केराबारी हिड्यो । ,रामजी बाहुनो कुरा टार्डीके माय्होक्म अन्टरे बुम केराबारी व्हा ।
उनीहरु दुई जनाको खासखुस खासखुस हुँदै थियो । ,होसको न्हीस जनौ खासकुस खासखुस छान्ह्मन लेया ।
त्यस अनुसार यो भएन । ,होस अनुसार इसे माछान्हा ।
ल यहा“ आऊ । ,ल इलाङ राहान ।
मलाई त्यो पत्रिका पढ्न मन लागेर आयो । ,ङाके होस पत्रिका पढीस्के मीमन लैडीस्म राहा ।
सधैं भालेको तेस्रो डाकसँगै आफ्नो मौलोमा आइपुग्ने घरमुली नदेखेर गाईको बाछा बाछीहरु ड्वाँ ड्वाँ र डुँ डुँ गरी कराउन थाल्यो । ,सेनडसेन भाल्यो सोम राट्चकठान मेनो मौलोआङ टाराहाके इममुली माडाङ्म हेटो बाछा बाछीको ड्वाँ ड्वाँ डु जाट्म चाके ठाला ।
तिनीहरू घरमा छन् । ,होसको इमाङ ले ।
तिमीले नै त्यसो भन्छ्यौ भने जान्छु । ,ने न होट डेच डेले डेनाङ नुङ्लाङ् ।
‘साला डुम्र नभगेको भए . . . ’ भन्दै दाजु चाँहि बुरुक्क बुरुक्क उफ्रदै थियो । ,मार्हला डुम्र मालेच डेनाङ . . .च डेनाङ दाजी च बुरुक्क बुरुक्क फोर्जोहम लेया ।
सरोजलाई रिङ्गटा लागे जस्तो हुन्छ । ,सरोके मीरीस ख्योहोनाङ लख छान्ह्ले ।
पानी देखेर ममा रोमाञ्च पैदा हुन्छ । ,डी डाङार ङाआङ रोञ्च पहिला छान्ह्ले ।
बाजेको कुरा सुन्नासाथ म उदास भएँ  । ,बाजीओ कुरा सेटानाङ ङा उदास छान्हा ।
ओँठ स्थिर । ,झाङ स्थिर ।
एक दशक जति त कोमामै बिताएँ हुँला  । ,काट दशैं जटी च सुाङन बीट्डीसा ।
"पानी उमाल्ने र दिनभर सेलाउने , त्यसपछि तामाकै भाँडोमा फिल्टर गर्ने र बोतल–बोतलमा पिउनका लागि तयार गर्ने  । ","डी होयोच अनी याकभर सेके , होटीङन भाँडाआङ हान भाँडा फील्टर जाट्के अनी ङाबोटलाङ गाके लागी पीट जाट्के टयारडीया ।"
हामी सुत्ने खटिया चुलाछेउमै थियो  । ,कान सुत्के खेरेया चुलालेन लेया ।
सुलुत्तको । ,सुलुट्टौ ।
उनको भलाद्मी साथीले उनलाई चिजबिज दिन्छ नि त । ,होच्यो भलामी लाफाय होसके होसके चीज गोराक याहाले नी च ।
अचेल टिकुली बजार छ । ,अगेल टिकुली ङाहाम ले ।
कहाँ गयो होला ? ,कुलाक नुहुँआ ओला ?
दलदल पनि अत्यधिक चिसोले जमेको थियो । ,दलदल ड अहोधिक क्योक्च जमडीस्म लेया ।
संगीतले मानव मनको भाव व्यक्त गर्छ । ,संगीय मानवौ मीमनो भाव्यक्त जाट्ले ।
सुमती आजभोलि घरभित्रै हुन्छे कि अन्तै कतै जान्छे ? ,कमला छीनीङभर इमभीट्रीन हुर्के की अन्टै कुलाकन नुहुँले ?
आमा हेरेको हेर्यै हुनुभयो  । ,मोइओ ङोस्च ङोसाको ।
पहिले उराठलाग्दो खरपाखाको यो गुफामाथि अहिले एक सय आठ फिट अग्लो पद्मसम्भवको भव्य मूर्ति देखेँ  । ,पहीला उराठला घण्ल्च खरपाखाओ इसे गुफाढेमाङ इनाङ काट सय कोठी फीट्लो पूर्वौ ङाडाङाङ ।
मधुर गुलाबी रङ र पहेंलो किरण छर्दै नाङ्साल बल्यो  । ,ङाढुर गुन्ड अनी पहेंलो किरण घुर्मन माओसा ।
त्यो काम दिदी र मेरो हुन्थ्यो  । ,होसे काम डै अनी ङौ छान्ला ।
मलाई ती युवती झन्–झन् रहस्यमयी लाग्न थाल्यो  । ,ङाके होस होस युवटा झगडा अनी अहस्यमयीके पा ।
मैले सुस्तरी भनँे । ,ङै सेम डेनी ।
आज तिमीलाई सिंगार्ने प्रत्येक गरिबहरु पलायन हुँदै गयो भने तिमीलाई कस्ले बनाउँछ काठमाण्डु ? ,छीनीङ नाङके सिंगार्डीस्के प्रहोक गरीबको पन छान्ह्म नुहुँआ डेनाङ नाङके कुलाङ खास्लेसा ही ?
अनुवाद । ,अरुवाद ।
ऊ त्यो गमलाको पूmलले जस्तै । ,होसे होस गलाम पूलो एकाल लख ।
मैले अनुवाद गर्ने इत्थमित्थ भयो  । ,ङै अनुवाद जाट्के इटोला ।
घरबेटीलाई सोधेँ । ,इमबेलाके गीना ।
मुरीमुरी प्रशंसा गरेँ  । ,इतरी प्रशंसा जाटो ङाजाटाङ ।
तामाङ सभ्यताको यो उद्गमथलोमा पक्कै पनि मेरो बाल्यकालका यादहरू छरिबसेका होलान्  । ,तामाङ सभ्यताओ इसे उद्धमलाआङ पक्कै ड ङौ बालकालकाल याद याहाम लेको ओला ।
मोबाईलको घण्टी बज्यो । ,बाईओ घण्टी ङाहा ।
"‘आजलाई आराम होस्’ , मनैमनमा माफी मागें  । ","डैके मेराम छान्होस् , मीमन नमाफी माङाहा ।"
हुरी झन् जबान हुँदै गयो  । ,भुरी झन्बा जन छान्ह्मन नुहुँआ ।
"चितवन टेक्नु के थियो जल्लादी मुद्रामा तिनले मलाई भने , ‘विष्णुका बैरीलाई म . . .   । ’","चितवन टेक्डीके ही लेया जल्लादी मुदाङ होच्य ङाके डेया , माविचुष्णुके म . . ।"
ट्याक्क स्विच दबाएँ  । ,त्याक्क स्विच दबा ङाज्याङ ।
"बाजे , तपाईँ नाम लेख्न जान्दिन भन्नुहुन्छ  । ","बाजी , नाकुङ म्यारमीन रीक्के माव्हारले ।"
"तर , सुमतीको बैँशको भरअभर नै हेर्नु भनेका त थिएनन्् नि । ","टर , सुमतीओ बैँशो भर इनाङ न ङोस्के डेनाङ च मालेया नी ।"
मैले उसका आँखामा हेरेँ  । ,ङै होच्यो मीमीकाङ ङोसा ।
"तर , त्यसैको हुबहु नक्कल गर्नु खराब हो  । ","टर , होसनौ हुर्के माय्होक्क जाट्के खराब आले ।"
त्यसैले एकअर्कालाई हेरेर हाँसिदिन्थ्यौँ  । ,होटै काटआस्काटके ङोस्म रेट्मयाहा ।
मारीले आँखा ठुल्ठूला पार्दै भनी  । ,मामाय मीमीक बल्ठू पार्डीमन डेया ।
किनकी हामीले टोलका दाइ दिदीहरूबाट भूतको कथा किस्सा यति सुनेका थियौँ कि राति आँगनमा घोप्टेको डोकोसँग पनि तर्सिन्थ्यौँ  । ,हिके कानकोइ टोल डाजोकोइङ भूनो कथा कीस्सा होडीच लेया की राप्टनाङ घोप्टौ आप्टौ डोक्के च ।
सूत्र त पुरानै दोहोर्याएकी हो  । ,सूत्र च पुराके डोहोरो आले ।
सहरमा हराएको पनि ठ्याक्कै पच्चीस बर्ष भएछ  । ,सहराङ म्हाक्च ड ठ्याक्कै पच्चिस बर्ष छान्ह्लेसा ।
त्यसैले यस्तो लथालिङ्ग÷भताभुङ्ग घरमा सधैँ आगो हुनु सम्भव थिएन  । ,होटै इन्च लगलिङ्गे ङाडेनाङ वाक इमाङ सधै म्हेन म्हेनीङ सम्मान मालेया ।
तर पिताबाटै सुरक्षाको घात हुँदा विक्षिप्त बालिका भाइको सुरक्षा गर्न साना कोमल हातहरूले अँगाल्छे  । ,टर पीटीङन सुरक्षाो घाम लेनाङ विक्षिप्टटौ बालिका भया सुरक्षा जाट्के कोठौ मीहुटे अँगाले ।
ऊ कर्तव्यपरायणतासाथ अगाडि झुकी र सुन्न तयार भई  । ,होस कर्व्यव्यपरालेण इलाक अगाडी झुकी अनी सेके टयार छान्हा ।
"जे हुन्छ , इन्चार्जले सोचेको हुन्छ  । ","मीझार छान्ह्ले , हुर्जय सोच छान्ह्ले ।"
"बिचरा कमजोर भित्ता , डोरीमा सुकाएको तन्ना जस्तरी हल्लिन थाल्यो  । ","बिरामी कमजोर भीट्टा , डोरीआङ सेस्च चन्ना लख हल्लिके ठाला ।"
मेरा बाले देशमा ठेकेदारतन्त्र ल्याउन बन्दुक उठाएका थिएनन्  । ,ङौ बाउय देशाङ ठेडन्त्र राक्के बन्डुक सोट्के लेया ।
अगाडि पछाडिको भाग जलेको थियो । ,अडी न्हुलाक न्हुलाकौ भाग नुहुँच लेया ।
उसले पुलुक्क मतिर हेर्यो  । ,होच्य पुलुक्क ङालाक ङोसा ।
बा बाहिरको खटियामा सुत्थे  । ,बहीरीङो खेरेटाङ मीसोला ।
यसबीचमा पुतली दिदीको आँखा गडेर गएको थियो । ,होस राताङ पुली डैओ मीमीक ठाल्डीम नुङ्म लेया ।
राम्रो पढेर मात्र हुँदैन  । ,सेच पढीस्म मात्रै माछान्ह्ले ।
१९५९ मा चिनियाँँ क्रान्तिको दसौँ वार्षिकोत्सवको अवसरमा यस उपन्यासमा आधारित फिल्म पनि सार्वजनिक भयो  । ,nan
मान्छेले असल छिमेकीको भूमिका पो निभाउनु पर्छ त ! ,भर्मीय असल छीमेकीओ भूमीका पो छ्युक्के पर्ले च !
छापामारको त्यो फुच्चे छोरो पनि पच्चीस छब्बीस वर्षको लक्का जबान भइसक्यो होला  । ,मीछाटीआङ होस फुच्चै लेन्जामीजा ड पच्चि छब्बासओ लक्काइ जन छान्ह्मभ्याच ओला ।
आमा र दिदीको मजदुरीबाट र बुबाको सानो तहको नोकरीको पैसा मिसिँदा भित्रिएको ती साइकल र कलजस्ता जिनिसहरूले कम्ता मन रमाएको थिएन  । ,मोइ अनी डैओ मजुरीईङ अनी बोइओ सानो टहौ नोकरीओ पैसा खाट्म होस भीट्री सीच होस सयल अनी जुटाकोइटल अनी ढेर मीमन लेया ।
सरोजको भित्री आँखा बल्ल खुल्छ । ,सरोजौ भीत्री मीमीक बल्ल खुउसा ।
अर्को वर्ष दसैंमा पुतली दिदी आइन्् । ,आस्काट ल्हेस चैँनाङ पुली डै राहा ।
आमा रूढिवादी छिन् । ,मोइ अनीूधिवादी ले ।
आफैँंजस्तो ठानेर बेस्कन धनियाँ हालेँ  । ,मेल्ल्ल्हँज थाहौ बेस्नीके धनीय ङापा ।
‘नमस्ते  ! ’ ,झोर्ले !
"कहिले जीवनका दोबाटामा , कहिले चौबाटामा , कहिले कतैका कुइनेटामा  । ","सेन जीवनओ न्हीसलामाङ , सेन चौटीङाङ , सेन कटै कुटकानलेचाङ ।"
"किनकी , रातो भनेको छुट्टीको तारिख हो नि त  । ","हिके , ग्याच डेच छुट्टिओ टारिख आले नी च ।"
राजाको जन्मदिनमा शुभकामना टक्य्राए । ,राजौ जन्मयाक शुभकामना टिकरा ।
मजदूरको संसार  । ,ङा छीनीङौ संसार ।
त्यो हृदय चिर्ने स्वरमा बारम्बार चिच्याउँदै थियो । ,होस हृदय चीर्के स्वराङ बम्बार चीन्डीच लेया ।
"पढ्न थाल्दै थिएँ , बुबाले भन्नुभयो । ","पढीस्के ठाल्ह्मन लेया , बोइय डेयाको ।"
उपन्यासकी नायिक उनै हुन् । ,उयन्यासो स्याहाच होसकोइ आले ।
"सात , देशभक्तिका गीत  । ","टुन , देशभरी ल्हीङ ।"
यहाँ जातिप्रथा यतिविघ्न चरमोत्कर्षमा पुगेको थियो कि यो समुदायकाले छाता ओढ्न र सुनको गहना लगाउनसमेत पाउँदैनथे । ,इलाङ जाप्रीचो इटार आर्मुके चरमघुर्षाङ टाहाच लेया की इसे समुय ओल्च ओल्ह्के पाओला ।
सरोज दाजु ! यसो मेरो घर पनि हेर्दै गर्नु होला है । ,सरो दाजी ! इट ङौ इम ड ङोस्मन जाट्के ओला ।
"यद्यपि घाइते सिकार , त्यसको रक्तरञ्जित प्वाँख र रगतमा लतपत हात देखेर मेरो हृदयको धड्कन रोकिन खोज्छ । ","इसको घाइते सिकार , होसो अनीक्तरञ्जिट प्वाँट अनी लगतपीङो मीहुट डाङ्म ङौ मीसले ।"
यसो त जो कोहीले गरिहाल्छन्् नि  । ,इट च सुरय जाट्म ख्योहोले नी ।
मलाई सूर्य ग्रहणले छोपेजस्तो भयो  । ,ङाके सूर्य ग्रहणे हुप्च छान्हा ।
"मलाई थाहा छ , तिमीले यो चिठीमा समस्याबाहेक अरू केही लेखेनौ  । ","ङाके ठाहा ले , ने इसे चिठीआङ सम्याबोइ अर हीड रीक्म माडासा ।"
बुङ्ङ खरानी मात्रै उड्यो  । ,भ्याङ खरानी मात्र भुरा ।
मेरी मितिनीले आप्mनी फुपुलाई दिदी भनेको सुनेकी थिएँ । ,ङौ खाजानीय आर्मुनीके डै डेच सेमन ङालेयाङ ।
अहिलेलाई मेरो लक्ष्य यति हो कि काँध बलियो बनाउन सकूँ  । ,इनाङके ङौ लक्ष्य इटार आले की काँध बलियो खास्के सूँ ।
तिम्रा बा के काम गर्छन् ? ,नो बाल ही काम जाट्ले ?
भनि देउ यी सारा सहरका अग्ला–अग्ला घरहरुलाई । ,डेयार देउला इसे मार्ह्च सहरौ अग्लाडीस्च इमकोके ।
दिदीले पनि चर्कै स्वर निकाली । ,डैय ड चर्कै स्वर निकाली ।
त्यस लयलाई भाषा फरक पारेर जस्तो अनुभूति पनि गाउन मिल्ने कुरा नै होइन  । ,होस लये भाषा फरक पार्डीम लख अनुभूनाङ ड हाट्च कुरा न माहाले ।
जसले हामीलाई सिरेटोबाट बचाउनुपर्ने थियो । ,जय कानके सीटोकीङ बाङ्केपरीस्के लेया ।
किराको स्त्रीलिंगीय शब्द किडी  । ,किराओ स्त्रींगी ज्या की ।
"मलाई माफ गर्नुहोला , मैले मेरो साथीलाई फोन गर्नु छ । ","ङाके मामा जाट्के ङे , ङै ङौ लाफाके फोन जाट्के ले ।"
लेप्चाहरूले सुरक्षास्थल बनाउन घ्याम्पा मात्र जोडे  । ,होस्कै घ्याम्पा मात्रै जोहोला ।
मन छट्पटिन थाल्यो । ,मीमन छटपटडीस्के थाला ।
टीबीको औषधीले काम गरेको छैन । ,रातो उषाय काम माजाट्मने ।
"तर , ती कार्य नेपालका अन्य सामुदायिक रैथाने संगीतमाथि हस्तक्षेप गर्ने योजना र स्तरका थिएनन्  । ","टर , होस कार्यलय नेपालओ अन्य सामुदायीकनथानो संगतढेमाङ हक्षे इसेजना अनी स्टपर मालेया ।"
"अहिले धूलो , माटो सफा गरेर सुक्खा राख्दा भोलि चिप्लो हुँदैन नि  । ","इनाङ धूलो , झा सफा जाटार मीक्नाङ डानाङ पीहीन चीन्डीच माछान्ह्ले नि ।"
आमाले छाडेको धेरैपछि दिदी र म बासँगै सुत्यौँ  । ,मोइय डास्च ढेर डै अनी ङाकठान सेया ।
घरबेटीले रंगरोघन गरे पनि बसौं लाग्ने भने थिएन । ,इमबेलाय अनींगरोइ जाट्नाङ ड ङुआके डेनाङ मालैडीस्के डेनाङ मालेया ।
"बेलका बीउहरु कमजोर छन् , तर निराशावादी बिलकुलै छैनन्् । ","बेलओ बिउको कमजोर ले , टर निराशादी बिल्हा माले ।"
"अहिले , ६ घण्टादेखि जोहानेसबर्गको सुक्खा र बेलगाम हावालाई सोभैm आपूmमाथि प्रहार गर्न दिन ऊ फुक्का भएको थियो  । ","इनाङ , ओछ्यानाङ घण्टाव्हारा जोस्च होसनबर्को सुक्खा अनी बेलमो हावाके सोमाङ राहाम काभ यूढेमाङ जाट्के लेया ।"
उनी औषधि गर्न भारततिर गए भन्ने सुनियो  । ,होसे उषा जाट्के भारलाक नुहुँआ डेम सेया ।
"उनले मेरो चिठीमा त , सुर्ती बेरेर पो तान्दै रहेछन्् । ","होच्य ङौ चीठीआङ च , मीस्के बेर पो टन्डीमन लेसा ।"
रेलवेमा काम गर्छन् । ,बलवेआङ काम जाट्ले ।
ऊ विप्लव माओवादी हो सर  । ,होस विप्लव माओवादी आले सर ।
ग्यालरीको कन्टेम्पररी सेक्सनमा उनले अनौठा मान्छेहरूका मूर्ति देखाइन् । ,ढ्याक्सीरीओ कन्तरम्पर सुक्सनाङ होच्य अनौ अनठा भर्मीको मूर्टी टनाका ।
रूखको हाँगामा फुल्न नपाई असमयमै झरेको फूलजस्तो मेरो कथा सुन्नुहुन्छ सर  ? ’,वुटौ रेट्च साराङ फुट्के असमयन झर सारडीस्च ङौ कथा सेके ठाला ?
मेरो आँशु पोखिएर बनेको दियोमा शान्तिको पानसहरु जलायौ तिमीले । ,ङौ मीमीकडी पोखाट्म बन्डीयाहाङ शान्टीओ पार्टको जनसलाले ने ।
धेरैपछि घरमा बस्दा छोप्ने अनुमति पाए । ,ढेरन्ह्प्याक इमाङ ङुनाङ अनुम्म अनुमति डीन्हा ।
अपराध र क्रान्तिको परिभाषा समयसापेक्ष हुन्छ सर  । ,अपराढ अनी क्रान्तिओ परिभाषा समयपेक्ष छान्ह्ले सर ।
पुतली दिदीले भर्खरै ॐ चलचित्र मन्दिरमा कुनै चलचित्र हेरेकी थिइन्् । ,पुली डैय भर्खरै माझा चलचित्र मन्दिराङ मन्दिराङन चैडीस्च लेया ।
त्यो एकदमै सुन्दर पोथी हाँस थियो । ,होस काट काटन सुन्दर पोथी रेट्म लेया ।
अनि मात्र साँचो गणतन्त्र नेपाल हुन्छ । ,अनी मात्रै साँचो गणतन्त्र नेपाल छान्ह्ले ।
बालिकाले दिइएको धारणा अथवा उसलाई पिलाइएको ज्ञान हो—,बालीकाय याहाच धारणान अथवा होसके पीलास्च ज्ञान आले ।
ब्रान्डी खन्याउँदै ऊ रेडियोसँगै गुनगुनायो । ,बाजी ख्याक्डीन होसे रेडीयोकठा गुगुन नुहुँआ ।
अहिलेको बहसको मूल विषय नै यही हो  । ,इनाङ बहरौ मूल विषय न इसे आले ।
फिरौतीको काम गरेँ । ,फिरौटीओ काम जाटा ।
सबैले न्यानो महसुस गरे । ,जम्मैय न्यानो महसुस जाटा ।
"अनायासै भन्छ , ‘थैट’ । ","अयाचै भइसले , मासोला ।"
पहिचान हो  । ,बाङ्गान आले ।
यस्तो पारिवारिकता त सबैको हुन्छ । ,हुन्च पार्लाक इलाक च जम्मैओ छान्ह्ले ।
अब तिम्रो सोच गतिलो बन्नुपर्छ  । ,अब नो आर्मीटा ।
भोलि बिहान तिम्रो बुबाले पानी ओसार्दा हिलो हुन्छ र चिप्लिन्छ  । ,पीहीन गोराक नो बोइय डी ओसार्डीनाङ व्हाच छान्ह्ले अनी चीन्डीले ।
तत्पश्चात् मेरा आँखामा हेर्दै बोल्यो । ,टट्टापश्च मेरा ङौ मीमीकाङ ङोस्मन ङाका ।
दुवैतिर ढुंगा बिछ्याइएको पब्लिक लेन  । ,न्हीसवैलाक ल्हुङाङ्म ओछ्याइच पब्क छ ।
हँसियाको धारले हावापानीको धारलाई बोधो बनाएको कल्पना गरेँ  । ,हँसियाओ ढारे नाम्पानीओ ढारके बोढो खास्च कल्पना ङाजाटाङ ।
"तिनले तिनलाई तर्साउँछन् , गिज्याउँछन्् र धिक्कार्छन्  । ","होच्य सोमके चून्सा , हील्ले रीक्लेसा र ढुम्लेसा ।"
मेरा आँखाहरूमा प्रश्नैप्रश्नका खात थिए  । ,ङौ मीमीको मीमीके प्रश्न न प्रश्न गाम लेया ।
जसले त्यहाँका बासिन्दाका आँखा र स्वरमार्पmत आपूmलाई अभिव्यक्त गर्छ  । ,जान्नाङ होलाङो बासिनाङ मीमीक अनी स्वराङपडार आतपूचीके अभिय जाट्ले ।
तामाको र सिल्भरको ठूलो–ठूलो भाँडाबर्तन मंगलबजारमा राम्रो पाइन्छ’ भन्नुहुन्छ बुबा  । ,मायौ र सिभरो बड्को करङ्च मठलो भाँडाबर्टन मंगलबाराङ सेहेच पाइला बोइ डेले ।
बोल्दाबोल्दै रोकियो ऊ  । ,ङाक्केन रोक्डीया होसे ।
त्यसमाथि बाको जन्मको चेली थिएन । ,होसढेमाङ बाहाओ फुन्ह्च चेम मालेया ।
त्यसलाई जमिनमा राखिदेऊ । ,होसके जमडीआङ डानी ।
आठ वर्षको । ,आठ ल्हेसो ।
"निद्रामा बुबाको लाम्चो सेतो अनुहार सलक्क सुस्ताइरहेको लाम्चो कान , बुद्धको सुन्दर तेजोमय स्वरूप बुबाको मुहारमा थपक्क बसेपछि मतिर फर्केर भन्यो । ",मीमीकराहाङ बोइओ लोट्च सेतो मीटाहा सलक्क सुस्ताइ लोट्च मेनकेपाङ सुन्दर टेकाम मेङ्गेर स्वर थोक्म ङुआ ।
"सुन , यो काठमाण्डु धुर्त , जाली , फटाहा धनीहरुका लागि मात्रै हो । ","सुन , इसे काठमाण्टा ढुर्ट , जाली , फलाहानीओ लागी मात्र आले ।"
"युरोपको इतिहासमा जोन अफ दि आर्कलाई युद्ध मोर्चाको एउटा योद्धा , एउटा लडाकु एवम् उच्च सफल कमान्डर मानिन्छ  । ","इलाङोपको इटीहासाङ जोड अनफ याहाचके इसके युद्ध मोर्होचओ काट काधा , काट लम्फल मच्चाङा मामन्डीले ।"
नेपाली विज्ञापन क्षेत्रमा पनि मौलिकताको कुरा उठ्ने नै भयो  । ,नेपाली विज्ञापन क्षेत्राङ ड मौताओ कुरा सोके न छान्हा ।
त्यो मलाई मात्र थाहा छ । ,होस ङाके मात्रै ठाहा ले ।
त्यो दिन त आएकै रहेनछ  । ,होसे याक च राहाम लेसा ।
दोस्रोपटक ब्युँझिँदा देशले नयाँ संविधान पाइसकेको थियो  । ,राङ्क्वापटक बन्यँडै देशे नयाँ संधान पाइके भ्यामन्या ।
मध्यरातमा । ,मढ्यनाबीक ।
"ऊ जीर्ण , अनुग्रही अनुहार भएको , खैरो सुट लगाएको र ज्यादै कुरूप मेचमा असजिलोसँग बसिरहेको अधबैँसे सज्जनका रूपमा त्यहाँ देखियो  । ","होस जिर्ण , अनुग्रही मीटाहा लेच , खैरो बील्ह्च अनी खास्मन मेपाङ अन्टिलो छान्ह्म ङुमनङुआ ।"
उसले अरूको जीवनलाई नियन्त्रण गर्नुपर्छ भन्ने ठान्छ  । ,होचे अरूओ जीवनके नियन्त्रण जाट्के पर्ले डेच ठुले ।
सबैसबै पिउँथे । ,जम्मैन पीहोला ।
रत्तिभर थिएन  । ,रट्टीभीट्री मालेया ।
"तर , विज्ञापन निर्माताहरूको टाउकोमा भने अंगे्रजी भूत सवार थियो  । ","टर , विज्ञापन निर्माताको मीटालुआङ डेया अंगेजट छान्ह्मन लेया ।"
भोलिदेखि मै जान्छु  । ,पीहीनव्हारा ङै मानुहुँले ।
मैलेचाहिँ आफूलाई अलिक ब्युँझिएको महसुस गरेँ  । ,ङैचानाङ मेल्लाके अलीक बढीस्च महसुस जाटा ।
पार्टीले अन्य कुनै राजनीतिक जिम्मेवारी पनि दिएन  । ,पार्टीय अन्य सुर राजनीतिक जीम्मेवारी ड मायाहा ।
एकाएक मेरो श्वास बढेर आयो  । ,काटक ङौ श्वास बढीस्म राहा ।
हामी तीनैजनाको ज्यानको लुगा भिजिसकेको थियो  । ,कान होसनजनाकुङ खास्च लुगा छीम्केभ्याम लेया ।
"जानसेनले रेलवे लाइनको लहरै , अनेकौँ कोससम्म पैmलिएका कामदारका फु गरे ढल्लान् कि जस्ता साना कटेराहरू देखेको थियो । ","सनने टालवे लानो लहरै , अनेकौ कोससम्म पैडीस्च बलिका काम जाट्नाङ फुक्डीचले की मारोक्नाङ कूनाको डाङ्म लेया ।"
नेपाल अहिले पनि सवा सय भाषा जीवित रहेको देश हो  । ,नेपाल इनाङ ड सवाय भाषा बवित मालेच देश आले ।
"‘तेमाल यात्रामा स्वागत छ है  ! ’ , ",तेमाल यात्राङ स्वागट ले है !
बाछिटा पानी तेर्सैतेर्सो हुँदै घरभित्र पस्न थाल्यो  । ,बाहा डी चेर्सैतेर्सो छान्ह्म इमभीट्री पैडीके ठाला ।
जब कलम भेट्छन्् । ,जब कलम डुडुले ।
दुबै हातको हत्केलाले मुहार मुसारेर सन्चो मान्छ । ,न्हीसान्च मीहुटौ हत्के मुहारय मुहार मुसारो सन्चो भर्मी ।
बा पो रहेछ  । ,बा पो लेसा ।
नेवारको भोजमा रक्सी नहुने त सवालै भएन  । ,नेवारो भोजाङ रक्सी माछान्ह्के च सवालै माछान्हा ।
चिउँडोलाई दुई घुँडाबीच लुकाउँदै मैले पनि सुस्तरी भनेँ । ,चीउके न्हीस घुँडो आर्चीक्मन ङै ड मीऔँला डेनाङ ।
वास्तवमा ती विजित भएर नष्टिएको रैथानीयता जोगिएको भए विजयी सभ्यताको समाजलाई पनि यथेष्ठ फाइदा पुग्ने थियो  । ,वास्तीवाङ होस विजित छान्ह्म माटाष्टिच अनी नथाय जुगिस्च लेनाङ विजिताके इलाकौ समातार टाहाके इलाक टाहाम लेया ।
"मैयाँ फुपुले जोड गर्नुभयो , हेटौंडा अस्पताल लान । ","नयाँ सोल्ह्के जोड जाट्केको , गाईङ अस्पताल नुहुँके ।"
उनलाई मैले आफ्नै ढंगले चिनेकी छु  । ,होसके ङै मेल्ल्लौ न ढंगय चीन्डीके ले ।
"तर , बाको अत्तोपत्तो थिएन  । ","टर , बाको अट्लो जाल्च मालेया ।"
दिदीले कचेरासहितको माथिल्लो परेला उचाली  । ,डैय कचेरासहिला ढेमाङो ढेमाङो पार्लाङ होसेचाली ।
यसमा व्यंग्य अवश्य छ । ,इलाङ व्यंग्य अवस्य ले ।
कोठामा थुप्रै खाली टेबल थिए  । ,कोठाङ ठुप्रै खाली टेबल लेया ।
आपैm जस्तो देखिने बुख्याँचा देखेर सरोजको मन कस्तो कस्तो हुन्छ । ,आपै माझा लख डाङ्मन बोखाटार सरोजौ मीमन कुङ्च छान्ह्ले ।
उसले भन्यो  । ,होचे डेया ।
उनी हतास मनस्थितिमा भन्दै थिए– ‘दुखद खबर छ दाइ  । ’,होसे हटास मीमन ढेमढेमाङ डेम लेया माझा मीजादुर खबर ले डाजी ले डाजी माओस् ।
रोऊँ भने कसलाई देखाउन रोऊँ ? ,रो डेनाङ कुलाङके टनाक्के राह्नी ?
कार्ल ४० वर्षे उत्साह भरिएको व्यक्ति थियो । ,काल्ल माझा २ ल्हेस उत्साहच व्य व्यक्ति लेया ।
यस शान्त कवि गोष्ठी बिथोल्ने प्रयास नगर्नोस्  । ,इच शान्ह्च कवि बष्ठी बिथो प्रयास माजाट्नी ।
दौडिँदै भित्र पस्नुभयो  । ,खेरडीमन भीट्री पैडीसाको ।
"‘क्याँ करुँ , बिस्तर से उठा नहीं जाता  । ’","काटेँ क्याँ , बीस्टर उठाउनु माव्हारा ।"
अरेबिक र अंग्रेजी साहित्यमा डबल एमए गरेका उनी पाकिस्तानका श्रेष्ठतम् प्राज्ञिक व्यक्तित्वहरूमध्ये एक मानिन्थे  । ,अरबिक अनी अंग्रेजी साहित्याङ डबलम एका जाट्च होसे पास्तानो श्रेषकन हुनुहुन्छ ।
"शाह र राणाहरूका दरबारमा उनीहरूलाई मन पर्ने संगीत , नृत्य , नाटक र पछिल्लो समयमा हिन्दी सिनेमा पनि चल्ने गथ्र्यो  । ","शाह अनी राणाको दरबाराङ होसकोकी मीमन परीस्के , नृटल्होट , माओल्लौ समयाङ व्हाके ड गल्लो सिन्द्रहाङ ।"
सुगर र प्रेसरलाई कन्ट्रोलमा राख्न अलिकति खानपानमा होस गरिदिनुहोस्  । ,सुगर अनी प्रेसरके कन्तलाङ डाके इटार गाकेपानाङ त्यो गरीयाहानी ।
एउटा अड्डामा मेरो जागिर छ  । ,काट अड्डाङ ङौ जागिर ले ।
खरानीको मसिनो भुमरी हाम्रो अनुहार र कपालहुँदी नाच्दै धुरीतिर गएर बिलायो  । ,खरानीओ मसिनो भुरी कानुङ मीटाहा अनी कपाल लेनाङ स्यास्मन धुरीलाक नुहुँआ ।
"र , एउटा सिल्टीको थाल बोकेँ  । ","र , काट सितीओ थाल ङाक्लाङ ।"
माओका ‘सैनिक रचनाहरू’ को र याङ मोकृत ‘युवाहरूको गीत’ को  । ,माओ पेलापासैनी अनी नचनाको सु सु इसेमाइकृतार कृटौडीच ल्हीङो ल्हीङो ल्हीङ ।
त्यसैको सिको गरेँ । ,होच्यो सीचौ ङाजाटाङ ।
महान् उर्दू कवि फैज अहमद फैजको जन्म ब्रिटिस भारतको पन्जाब प्रान्तको नरोवाल जिल्लाको एउटा सम्पन्न पन्जाबी जाट परिवारमा सन् १९११ को फेब्रुअरी १३ का दिन भएको थियो  । ,ङाहा हुर्डू कवि फैज अह्रम फैजौ फुन्च बारिसो छान्ह्मभ्याच लेया ।
म बाको पुछार बनेर त्यस भोजमा सामेल थिएँ । ,ङा बसाङो पुछार बयार होस भोजाङ सामेल नालेयाङ् ।
उसले सुनाएको कथा यस्तो थियो . . . ! ,होचे सेटाच कथा इन्च लेया . . !
अँ . . . दिनदिनै यस्ता घटना घटिरहन्छन्् । ,अँ . . . याककै इलाक घट्टाना घिरहरहन्ले ।
संगीतको व्याकरण र खास गीतको संगीत फरक कुरा हुन् । ,संगीटो वरण अनी खास ल्हीङो संगीनो संगीत फरक छान्हा ।
यस सम्झनाको तरंग टुंग्याउनुअघि फेरि एकचोटि हरि अधिकारीका महत्त्वपूर्ण वाक्य उद्धृत गर्न चाहन्छु  । ,इच आर्मीटरीओ टरंग तुँके आतघि फेरी काट अटिधिकाङ महवर्पूर्ण वाक जाट्के चाहँधुद्धिनी ।
मेरो अनुवादमा हजार गल्ती होलान् । ,ङौ अनुवादाङ व्टी गल्टी ओला ।
क्षण भरमै गणतन्त्रको रंगिन सपना सिसा झैँ फुट्यो । ,क्षण भराङन गणतन्त्रो रंग माटाहाम भ्या ।
बुबा हमेसा भन्नुहुन्थ्यो  । ,बोइ हमेसा डेकेयोला ।
रोग सर्छ भनेर । ,राग सर्ले डेम ।
उफ . . . आतुङ एउटा कालो पर्दा उघ्रियो  । ,फोर्ले . . . आटङ काट कालो परीस्नाङ होसे फोर्जोहा ।
संसारमा अधिकांश मानिसहरूका भोगाइ उस्तै हुन्छन््् । ,संसाराङ अधिकांशको पीहीन छ्युक्च हुन्चन छान्ह्ले ।
गार्डेर्न्भित्र युवा–युवतीहरू रमाइरहेका थिए  । ,खेर्भीट्री होसनभीट्री नायुवटीको अनी माइटी जाट्मन लेया ।
ऊ हरेक बिहान फूलजस्तै झपक्क फुलेकी हुन्छे । ,होस हरेक गोराक सारै इन्चन झपक्क फुट्च भर्मी ।
उनीहरू रिसले तात्तिए  । ,होसको मीरीसय टन्डीया ।
मनमनै यस्तै सोच्दै सरोज घरभित्र छिर्छ तर उसलाई झट्ट एउटा कुरा याद आउँछ । ,मीमन न इन्चन सोच्डीमन सरोजभीट्री पैडीस्ले टर होसके झट्टै राहाले ।
यति भनेपछि यसबारे लामो गन्थन गर्नै परेन  । ,इटार डेप्याक इचारे लोट्च गन्थन जाट्के परीस्के ।
"सर अठाह्र वर्षपहिले तपाईँ जिल्ला प्रहरी कार्यालय , रोल्पाको इन्चार्ज हुनुहुन्थ्यो  । ","सर अठाह्र ल्हेसले नाकोके जीक्लै प्रहरी कार्यालय , रोल्पाओ यस्तोा हुर्के लेया ।"
उनको चिल्लो र सपाट गाला गर्दनतिर हल्का सोरिएको थियो  । ,होच्यो चील्लो अनी सपाट गाला जाट्के गर्दनलाक होयोच सोक्च लेया ।
बरा यी खलनायकहरू हदै दुःखी जीव हुन् । ,बरा इसे खलनाको हेट्म डुखा आले ।
त्यसो त दलित परिवारका पुरुषलाई पनि कर तिर्न लगाउँथे । ,होट च दलित जाहानो पुरुषके ड करर्नाङ लैडीसोला ।
डायरी निकाल्दै गर्दा पानाहरूबीचबाट एउटा चिठ्ठी भुइँमा फ्यात्त खस्यो  । ,डाइटरी ख्योहोमन जाट्नाङ पाचको रातीङ काट चिठ्ठी भुँइआङ फ्याट्ट झाला ।
तर फेरि त्यो आफ्नो साथी नजिक फर्किन्थ्यो । ,टर फेरी होस मेनो लाफा खेरेप ल्हेसोला ।
उनले ‘निर्झर’ कविता पाठ गरे  । ,होच्य आतारइझेर होस कविता पाठ जाट्ला ।
हाटदेखि बजारसम्मको समयहरु चलिरहँदा कम्पनी उही हो । ,कानव्हारा बजारसम्मो समयको चलिरहँनाङ कम्पनी आले ।
ज्ञाने काका पनि । ,ज्ञाके बाबु ड ।
लु सुनेँ सुनेँ । ,लु ङासेआङ ।
विज्ञापनमा मौलिकता त्यसको स्वरूपसँग हुने गर्दछ  । ,विज्ञापनाङ मौलिकताओ स्वर स्वूपकठा छान्ह्के जाट्ले ।
म कहिल्यै उनीहरूसँग बस्न पाउँदिनँ  । ,ङा सेनड होसकोकठा ङुके डीन्हा ।
तर छिट्टै यो चिसियो । ,टर छीट्टै इसे चिसियो ।
बाजेहरू कहिले गलत हुँदैनन् । ,बाजीको सेन गल माछान्ह्ले ।
ज्यालाको दररेट तोकियो  । ,हजुरओ दरट टोक्डीसा ।
उनी घण्टौं सिलिङ हेरेर बिताउँन सक्थिन् । ,होसे घण्टाङ सीलिङ ङोस्म बीन माय्होका ।
"प्रकाश अन्धकारभन्दा बलशाली हुन्छ , उच्चता नीचताभन्दा बलशाली हुन्छ , स्वार्थीपनमाथि निःस्वार्थपनको र दुःखमाथि सुखको विजय हुन्छ , हुन्छ  । ","प्रशाश अन्धकारडेनाङ बलशाली छान्ह्ले , जजाउताडेनाङ बलखन छान्ह्ले स्वास्थेमाङ निर्पढीस्के ठाला ।"
सधैँ आगो हुुनु वा अर्काको घरमा माग्न जान नपर्नु पनि सम्पन्नताको मापनजस्तै थियो  । ,सेनडसेन म्हे म्हुङ्के वाच्यो इमाङ ङीहीके नुहुँके मापरीस्के ड सम्पन्न माफुन्चन लेया ।
यसमा अप्ठ्यारो मान्ने प्रश्न नै उठ्दैन किनभने यो विश्वब्यापी समस्या हो । ,इलाङ अप्ठ्यारो मान्के प्रश्न न सोआ हीके माडेनाङ हीके विश्वबोइ सम्यास आले ।
"डान्सबार , कल्चरल सेन्टरहरू , सेलो दोहोरी साँझ  । ","डान्चबार , कतर सुन्तर , सेलो दोहोरी साँझ ।"
यस्तो धारणाको प्रतिक्रिया के हुन्छ त  ? ,हुन्च धारौ प्रतिक्रिया ही छान्ह्ले च ?
उनको आँखासँगै म पनि रसिँदै थिएँ  । ,होच्यो मीमीककठा ङा ड अनी सीमन लेया ।
अज्ञानी अन्धकारमा छामछाम–छुमछुम गर्दै कहीँ कतै पुग्दैन  । ,अज्ञानी अन्धकाराङ छाप्डीस्म माझा मीजाक्लाङम जाट्लाङ सेनडन कलाक माओल्हीङ ।
बाका समकालीन साथीहरू जो ठूलठूला ओहोदामा पुगेका थिए । ,बाहा समेली लाफाको झलबूलीङ ओस्नाङ टाहाम लेया ।
केटाकेटीहरू चित्कार गर्दै एक चामत्कारिक नगर छिचोलेर अर्को नगरतिर जाने रेललाई बाई–बाई गर्न झुत्ती खेल्दै दगुर्थे  । ,जजाको चीउ चित्कार जाट्मन काट चामस्कारक माजाट्म झोक्म आस्काटलाक नुहुँके टार्टी जाट्के झुर्टी जाट्के झाटोला ।
माछाका लागि पानी घर हो । ,ङाटीङ लागी डी इम आले ।
अचानक एउटा तिखो आवाज हाम्रो शीरमाथिबाट गयो । ,अचनक काट होसे आवाज कानुङ शीढेमाङीङ नुहुँआ ।
"सातौंको पालो , ‘मलाई राम्ररी थाहा छ , भविष्यमा हाम्रो के हुन्छ ! तर म यसलाई शब्दमा व्यक्त गर्न सकिरहेको छैन । ’","सानो पार्लाक , फ्याक्डीके सेहेम ठाहा ले , भीष्य कानुङ ही छान्ह्ले ! कानुङ ही छान्ने ।"
दायाँ हात गालामा जोत्थी । ,नयाँ मीहुट मीगालाङ जोहोला ।
मैले देखिनँ  । ,ङै माडाङा ।
उसको जीवन्तता मुर्दामा पनि प्राण भर्न सक्ने खालको थियो । ,होच्यो जीवन्ट मुर्नाङ ड प्राण भर्के य्होक्के माय्होक्च लेया ।
दाजुभाइमा राम्रो मेल थिएन रे  । ,दाजीभाङ सेच मेल मालेया टा ।
यति भनिसकेपछि शून्यमा हेर्दै ऊ टोलाइरह्यो  । ,इटार डेमभ्याप्याक शून्यआङ ङोस्मन होसे टीोलारह्या ।
हामी फिलिम हेर्न जाऔँ  । ,कान फीलीम ङोस्के नुङ्नी ।
त्यो अनुभूति खास भाषामा बोल्ने हो  । ,होस अनुभू ज्यास भाषाङ ङाक्के आले ।
बहुदलीय व्यवस्था लागू गरिएको वर्षमा पुतली दिदीले कक्षा आठको जिल्ला स्तरीय परीक्षा दिएकी थिइन्् । ,बहुदलीले व्यवस्था लैडीस्च गरी ल्हेसाङ पुली डैय कक्षा आठौ जीक्च स्टरी याहाम लेया ।
"अपराजिता , तिमी र भूपि दाइको मित्रता पनि झ्याँगिँदै गयो  । ","अरजिता , नाङ अनी भूपिटो खाट्च ड झ्याम आर्भाङ्मन नुहुँआ ।"
आत्मिक हिसाबले चाहिँ म को हुँ त  ? ,आत्मिक हिसाबय चै ङा सु आले ट ?
केको डर ? ,हीओ डर ?
आऊ भित्र बसेर कुरा गरौं  । ,राहान भीट्री ङुम कुरा जाटीङ ।
उनी ग्यालरीकी क्युरेटर पनि रहेछिन्् । ,होसे गल्याकी क्युरेटर ड मालेसा ।
ताओ चिङ सागरको अघिल्लो भागमा हुन्छिन्् । ,ताक्च चीगरओ म्हेनीङ ढुलो भागाङ छान्ह्ले।
उनलाई सन् १९६२ मा तत्कालीन सोभियत संघको सर्वोच्च नागरिक पुरस्कार लेनिन पिस प्राइज र पाकिस्तानको सर्वोच्च नागरिक सम्मान निशान–ए–इम्तियाज ( मरणोपरान्त १९९० ) बाट पुरस्कृत गरिएको थियो  । ,होसके सन्टा २०५६ ओट्काली सोभियत संघो सर्टा मीजाको सीच लेया ।
"जसमा परिवारको शान्तिको ग्यारेन्टी मात्र होइन , बालबालिकाको भविष्य निर्माणको जग टिकेको हुन्छ  । ","जुसाङ जाहानओ शान्टीओ ग्यारे मात्रै माहाले , बालबालिकाओ भीषाङ निर्माओ ज्याङ्गिओ छान्ह्ले ।"
ऊ अडियो  । ,होसे रेडीयो ।
अत्यधिक रक्तश्रावको कारण केहीबेरमै नान्गेलीको मृत्यु भयो । ,अधीक अनी भक्तशो कारण हीडबाङन माराहाच मृत्युओ मृत छान्हा ।
त्यसपछि दोस्रो बीउले भन्यो । ,होटीङ दोस्रो डराउय डेया ।
बुबाले सानो लवजमा भन्नुभयो । ,बोइय मार्ह्च लवजाङ डेयाको ।
"आज ती ‘महिष पूजन’ , पाइलोट बाबा ढोगन र सायद ‘हनुमान चालिसा’ जपनमा समेत मग्न छन्् । ","छीनीङ होस मातार पहीस पूजनडीस्च , पाइलो बाढा ढोगन अनी सायद ङुनुहुँके चाहा माओसले ङा समेषाङन समेहीन्केप ले ।"
"तिमरु बस्दै गर , म आगो ले’र आउँछु है  । ","नाङ ङुमन जाट्लाङ , ङा म्हे म्हुट्मन राहालाङ है ।"
तल सडकमा नपुगुन्जेलसम्म उनीहरूले गाइरहे  । ,म्हाकाङ सदकमा माओगुलसम्म होसकोइ हेट्मलेच ।
बिहान उठ्दा बुझेँ । ,गोराक सोनाङ व्हा ।
नायर जातिका महिला ब्राह्मण महिला–पुरुषको अगाडि स्तन छोपेर जान पाउँदैनथे । ,इटर जाटीओ माझा बैलाएर माझा मीजाघुरुो अगाडी स्टपन डासार नुहुँके मापरीसोला ।
सै जुनीमा औतार फेरिरहनेहरूका लागि स्मृतिहरू खतरनाक हुन्छन््् । ,सै जुनीआङ ढेर मीसार फेरी झीहाको लागी सृतारको खरक छान्ह्ले ।
हिलोलाई देखेर हुने अचम्मको भाव मेरो मनभित्र उम्रिरहेको थियो । ,बहीलाके डाङार अम्मो भाव ङौ मीमनभीट्री टोङ्च लेया ।
यस्तो कुरामा विश्वास गर्नु चरम अहंको नतिजा हो  । ,इन्च कुराङ विश्वास जाट्के चरम अंकओ नटी आले ।
मेरो कक्षामा होम साइन्सअन्तर्गत वस्त्र सिलाइको पनि कक्षा हुन्थ्यो  । ,ङौ कक्षाङ होम ट्याङ्मभ्यास अन्टर्गत वस्त्र सिलाले ड कक्षा छान्ला ।
त्यसपछि गाउँ छोडेर म सहर पसें  । ,होटीङ लाङ्घा डासार ङा सहर पैडीसा ।
के गर्दा विज्ञापनमा नेपाली मौलिकता झल्किन्छ  ? ,हीड जाट्नाङ विज्ञापनाङ नेपाली मौलिक झल्हा ?
"उसले तत्काल चुरोट सल्काई र आफ्नी संगिनीलाई भनी , ‘बस न  । ’","होच्य टट्काल चुरोट सल्काई अनी मेल्लानीके संगिनीके डेया , डेस माओस् ।"
"उहिले जारीको रेट जसले जति सक्यो , उति लगाउँथे । ","उहीले नुहुँरीओ हेट जटी सटीकहा , होडीक नुहुँओला ।"
म आमा र बासँग एक्लै थिएँ । ,ङा मोइ अनी बाकठा काट्लै लेया ।
"पुरानो नगरपालिकाको क्षेत्र , रणमुक्तेश्वर छेउछाउ हुन सक्छ , एउटा ठूलै हलमा विराट साहित्यिक कार्यक्रम थियो  । ","पुरानो नगरपालिओ क्षेत्र , रणमुक्तेश्वर छेउ नुङ्च य्होक्लेसा , काट करङ्च हलाङ वितार साहित्यिक कार्यक्रम लेया ।"
उसले आफूसँग आएका सहायक सिकारीलाई केही झारपात र हाँगाबिँगा काटेर ल्याउन अह्राए । ,होचे मेल्लाकठा राहाच सहाचयक सीकारीके हीड झारडी अनी हाँगा टन्डीम राक्के अटडीया ।
रूपरानी कान्छी बनेर ह्रिन्जेनको तेमाल दरबार भित्रिइन्  । ,वाटपनी कान्छी बन्डीयार ह्रिजेनो टेमाल दरबार भीट्री छान्हा ।
यो हाम्रो मौलिकता हो  । ,इसे कानुङ मौटा आले ।
यो कस्तो जिन्दगी दियौ मेरो देश । ,इसे कुन्च जीमागी याहाम ङौ देश ।
विकल्पमा बाले मैयाँ फुपुलाई चेली मान्नुभएको थियो । ,विल्पाङ बाले ङौनयाँ फुटाके चेलो माराहाच लेया ।
यस बीच बेइजिङको एक विद्यार्थीसँग उनको मायाप्रिर्ती बस्यो र बिहा भयो  । ,होस बीचाङ बेइजिओ काट विद्यार्थीकठा होच्यो मायाप्रिर्टी ङुआ अनी बिहा छान्हा ।
लिल्लाले मलाई म तिम्रो हेरचाह गरुँला भनेकी छिन्् । ,एक्लै ङाके ङा नो ङोसा गरुँला डेनाङ मानुहुँला ।
म बाहिर गएँ । ,ङा बहीरीङ नुहुँआ ।
"बत्तीको दायाँबायाँ तार , कार्पेट र अन्य वस्तु नभेट्ने गरी मिलाएर राख्न लागेको , निभ्यो हेर त । ","बट्टो डाजीकयाँ चार , कार्पेट अनी अन वस्तु माडेनाङ गरी खाट्म डाके पाच नी ङोस्के टन्डीया ।"
दस वर्षसम्म लडाइँको नेतृत्व गरेका र हजारौं कार्यकर्ताको बलिदानी रगतले पोतिएका कामरेडहरूले त बाटो बिराए भने त्यो बटवृक्षको हाँगोका रूपमा रहेको यो विप्लवले पनि बाटो नबिराउला भन्न सकिन्न  । ,चू ल्हेसोसम्म लछीटाओ ने मोइवृत जाट्च अनी हजारौं कार्यकर्टाओ बलिक्नाङ पो होयोक्म ड होयोक्म होस बरसा ।
गाउँ आउने पयर्टकको स्वागतमा ढ्याङ्ग्रो र डम्फु बजाउँदै मान्छेहरू नाँच्दै रहेछन्् । ,लाङ्घाङ राहाच पर्पटक स्वागतआङ ढ्याङ्ग्रो अनी डम्फुक्मन भर्मीको माफुक्मन लेसा ।
यदि सुमतीले सरोजलाई चाहन्थी भने ऊ देखा परिरहन्थी । ,दिनी सुमतीय सरोके चाहन्ला डेनाङ होस टनार जाहा ।
जीवनभर मैले आफ्नै नाम त लेख्न सकिनँ  । ,जीवनभया ङै मेनो म्यारमीन च रीक्के माय्होका ।
"ताम्बा , बोन्बो र लामा दर्शनका पुराना ग्रन्थ लोभलाग्दा थिए  । ","ताम्बा , बोन्म अनी लामाङ दर्शनओ पुरानासो ग्रहोला टानाङ लेया ।"
भित्तामा आड लगाउँदा सुरक्षित पनि हुन्थ्यो । ,भाउटाआङ राहानाङ सुरक्षिट ड छान्होला ।
मसँग मिल्ने साथी धेरै छन्् । ,ङाकठा खाट्च लाफा ढेर ले ।
तिनलाई कालान्तरमा ‘युवाहरूको गीत’को स्मृति घाँडो भयो  । ,सोमके कान्टराङ डैयुवाको ल्हीङो ल्हीङो सृति घोम नामखन छान्हा ।
मेरो घरद्वार छैन  । ,ङौ इमद्वार माले ।
तपाईँ रोल्पाको प्रहरी प्रमुख हुँदा जोसँग युद्ध लड्दै हुनुहुन्थ्यो ती मान्छेहरू अहिले सत्तामा छन्् र तपाईँ अहिले तिनीहरूकै आदेशको पालना गर्दै हुनुहुन्छ  । ,नाको रोल्पाओ प्रहरी प्रमुख छान्हाङ जोनाङकठा युद्ध लड्डीस्मन लेया होस भर्मीको इनाङ सट्टा ले र इनाङन खोज्नेको ।
लिल्लाले हाँसेर भनी । ,एक्ले रेटा छान्ह्म डेया ।
फोन उठाएँ । ,फोन सोट्के ङाले ।
घरको प्रभाव । ,इमो प्रभाव ।
ज्वाइँकी आमालाई . . . बालाई । ,ज्वाइँओ मोइके . . बाके ।
मेरी दिदीले तपाईँलाई त्यसो गर्न दिनेछैनन् । ,ङौ डैय नाकोके होट जाट्के याहाके पालेसा ।
यसको उत्तरमा भन्न सकिन्छ । ,होच्यो उट्टराङ डेके माय्होका ।
ठिक त्यही बेला उसले कसैले ‘यो ठाउँ खाली हो ? ’ भनी सोधेको सुन्यो  । ,ठिक होस बेला होचे सुयर स्वार ज्याच ठाउँ गाच आले ? छान्ह्म सुन गीना ।
रातो अक्षतासहित बाटेको धूप ल्याउन उहाँको अर्डर थियो  । ,ग्याच अक्षसहीत बाट्च धूप राक्के उलाको अर्कुङ अर्कुङ अर्र लेया ।
नेपालमा हरेक क्षेत्र तथा विधामा मौलिकताको कुरा उठिरहँदा नेपाली विज्ञापन क्षेत्र अछुतो रहने कुरै भएन  । ,नेपालाङ हरेक क्षेत्र चथा विधाआङ मौलिकौ कुरा सोआरहँनाङ नेपाली वीज्ञान क्षेत्रा अनी कुरै माछान्हा ।
यो अनुशासनको सिकाइ हो वा गरिबीप्रति निर्मम मजाक  ? ,इसे अनुशानीओ सिकाइ आले वाक जाट्मबीकाङ डोर्म मजा ?
आँखाको कुनासम्म पुग्नेगरी गाजल लगाएकी थिइन्् । ,मीमीको कुनासम्म टाहाकेगरी गाजाङ लैडीस्म लेया ।
एउटा ठूलो घरको आँगनमा पर्यटक झुरुप्पै थिए  । ,काट करङ्च इमो आर्भाङ पार्लाक झुरुप्पै लेया ।
वैदेशिक सांस्कृतिक हस्तक्षेपप्रति आँखा चिम्लेर बस्ने तर आफ्नो देशभित्रका उत्पीडितहरूको समग्र रैथानीयतामाथि लगातार दमन गर्ने  । ,व्होराक सांस्नीओ ज्याक हस्टेतपाटी मीमीक चीन्डीच गम्के मेनो देशभीट्री उत्पितको समेत सम्रहाङन लैडीया ।
ती दुवै को थिए । ,होसे न्हीस न सु लेया ।
यस बखत म तपाईँकै आग्रहले बुबाकै आसपास छु  । ,इसे बखट ङा नाकुङ नाकुङ आग्रहय बोइओ आस ङाहा ।
‘अहँ . . . ! ’ मैले सम्झेसम्म उसलाई न त कहिले देखेको थिएँ न त हाम्रो कहिले भेट नै भएको थियो  । ,र्हँ . . . ! वीह्नाङ ङै आर्मीट्नाङसम्म होसके माडाङ्मन च सेन न लेया ।
अर्को भत्ताका निम्ति फेरि एक वर्ष पर्खिनुपर्छ  । ,आस्काट भट्टाका निम्टी फेरी काट ल्हेस वाङ्के वाङ्मन पर्ले ।
प्रश्न मनमा जाग्यो । ,प्रश्न मीमनाङ नुङा ।
डाँडामा अस्ताउन लागेको घाम पनि आफ्नै लागिरहेथ्यो  । ,डाँडाङ खयाक्के पाच नामखन ड मेल्लौ लागीलेचला ।
स्कुले दिनमा । ,स्कुले याकाङ ।
कत्रो मिहिनेतले सिकेँ । ,कमला खाट्चय सीच ।
त्यसमा केटाको नक्सा छ । ,होस लेन्जामीजा नक्सा ले ।
विशेष गरी तिहारमा । ,विशेष जाट्म तिहार ।
"हिँड , आगो बालौँ । ","व्हाम , म्हे बखट ।"
धरान सहर समृद्ध पार्ने नियतिबाट गुज्रेका किरातको पालम र हाक्पारेजस्ता एकाध संगीतहरू काठमाडौं पुग्न पनि त्यत्तिकै समय लाग्नु अस्वाभाविक मान्नुपर्ने अवस्था रहेन  । ,धरान सहर समृद्ध पार्के नियेलीङ गु्रेलीओ किरानो पाम अनी हार्डीके काबोक एक्ले ।
‘सेन्स अफ ह्यूमर’ उनमा कुटीकुटी भरिएको पाएँ  । ,होच्यो अफ्यू हरडीस्च नामखनाङ मीकुटीङ भरीस्च डीन्हा ।
यो त भयो एउटा वीरङ्गनाको इतिहास  । ,इसे च छान्हा काट वीरङ्गो इतिहास ।
आवाज पनि स्पष्ट र ठूलो  । ,आवाज ड स्पष्ट अनी करङ्च ।
एक दिन पुतली दिदीले मलाई पेन दिँदै भनिन् । ,का याक पुली डैय ङाके पेन याहामन डेया ।
"पहिचान वा रैथानीयताको रक्षा खास जाति समुदायको उत्थानको विषयभन्दा बढी त्यसद्वारा समग्र मानव समाजको सेवाको निम्ति हो भन्ने वैचारिकीलाई आत्मसात् नगरेसम्म रैथानीयता संगीतमा मात्र होइन , सबै क्षेत्रमा संकटग्रस्त भइरहनेछ  । ",पहिलाके वाचनथानियताओ मीझार ज्यासती समुदाय उट्टाथाओ विषय जाट्नाङ बस्ते होस समिताओ संग्रहाङ ।
ऊ आपूmले देखेको लिल्लाको बसाइको नक्कल गर्दै आफ्नो टाउको र कुमको छाँट मिलाएर उसको सामुन्नेमा बसी  । ,होस आपू हाट्च डाङ्च लामो बसाइौ नक्कल जाट्मन मेनो मीटालु अनी कुटलासारो साँसीओ सामुन्नेटाङ ।
"तिनीहरूले पनि निश्चय नै कुनै राजनीतिक , प्रशासनिक वा सैनिक नियुक्ति पाए होलान्  । ","होस्कै ड निश्चय न सुन राजनी , प्रशाक , प्रसानीक वार्लाकन नियुक्ति गाके ओला ।"
"ममता , मानवता त उहिल्यै उहिल्यै जंगबहादुरको पालामा पोलेर खाईसक्यौ तिमीले । ","ङाता , मावनवटा त उहील उहीन्नाङ जंगबहादुक्च पार्लाक ज्याम्याङ्मभ्या ने ।"
साँझपख दुई तीन जना बच्चालाई लिएर टोलको मुख्य सडक एक चक्कर लाउने  । ,नामारलाक न्हीस सोम जना मीजाके लाम टोलओ मेङ्गेर्य सख्डीच काट चैडीस्के नुहुँन्के ।
गर्न त दिदीले बाले अह्राएअनुसार नै गरेकी थिई  । ,सार्डीके च डैय बाहरा अन्नाङ न जाटा ।
"चाहे विस्तृत , अथाह , निरन्तर गतिशील समुद्र होस् वा नदी , जुन यति सुन्दर हुन्छन््् र सधैं चाँडै भाग्ने हतारमा नै रहन्छन्् । ","चाहेच वृत , अथाहँ , निरन्टर गशी समुल समेदी माओस् , जुन छान्ह्ले सन्धारै जोडसेन ।"
तिम्रो नाम के हो  ? ,नो म्यारमीन ही आले ?
यहाँ मानवता कौडीको भाउमा बिक्री हुन्छ । ,इलाङ मावटा कौडीओ भाउआङ बीरी छान्ह्ले ।
तिनको नाम हो बाई याङ  । ,होच्यो म्यारमीन आले बाईमा ।
सरोज एक्कासी झसङ्ग हुन्छ । ,सरोज एक्कासी झस छान्ह्ले ।
यसकारण होइन कि उसको प्रेमले मलाई प्रभावित तुल्याउँछ । ,इकारण माहाले की होच्यो प्रेमय ङाके प्रभावित टुल्याट्ले ।
जानसेन र मारीतिर हेरेर मुस्करायो । ,नुहुँके अनी मानलाक ङोस्म मुस्डीम मुस्का ।
उसले पनि मलाई हेरिरह्यो  । ,होच्य ड ङाके ङोस्मङुआ ।
"‘भूपि दिलले होइन , दिमागले लेख्छन्’ उनका अन्तरंग प्रगतिवादी मित्रहरू यसै भन्थे  । ","र्पिल याहाल माहाले , डीमागरे रीक्लेसा मामौ अन्हुट्के अंगिदीकोइ डेच इट्याङ्मन डेम ।"
यसपटक बुढ्यौलीभत्ता दिएकै छैन होला  । ,इसपटक बुढौली भट्टाभता याहाच न माले ओला ।
माथिको भर पर्दा नै हामी अरू जस्तै देखिने भएका छौँ  । ,ढेमाङो भर परीस्नाङ न कान अर लख डाङ्च छान्ह्च ले ।
बाको ज्यादतीलाई चुनौती दिन आमाले घर छाडिसकेकी थिइन्  । ,बाडौ खादटीके चुटी याक मोइय इम डास्मभ्याच लेया ।
"आदम , बुद्धको पालामा पनि टिकुली हाट थियो । ","आड , बुद्धौ पालाङ ड ढुकुवाङ लेया ।"
जतिबेला फर्स्ट टर्मको टेस्ट सकिसकेको थियो  । ,जटीबेला ल्हेसो टर्मौ टेस्ट सकडीसा ।
जसलाई भूल संशोधन गर्न रातो स्याहीको जरुरत पर्दैन  । ,जुरुके भूल संशोधन जाट्के ग्याच मासुओ जरुर मापरीस्ले ।
"भएँ , छोरोलाई पनि अनपढ बनाएँ  । ","भाइ , लेन्जामीजाके ड अनपढीस्के ङाज्याङ ।"
"सम्झनाको बलेसीमा सरकारका उतिबेलाका सचिव उमेश मैनाली , उपसचिव नारायण मैनालीसहित म पनि परियोजनाको संस्थापक टिममा थिएँ कि भन्ने भ्रमको बाछिटाहरू पैदा भए  । ","सम्झनाओ बैसीआङ सरकारो उतिबेला सचिवटा उमेश , मैनाली , उपचिवटाय झरण ढुमाडीस्च ङालेयाङ ।"
लिल्लाले भनी । ,एक्लै डेया ।
"तल बारीबाट काम नलाग्ने झिझामिझा , मकैको घोगा , सुकेको बाँस , बोट , फलफूलको सुकेको रूखको हाँगाबिंगा बटुलेर एक थुप्रो बनाइराख्नुहुन्छ र चुल्होमा उपयोग गर्नुहुन्छ  । ","म्हाकाङ बारीईङ काम माचेल्के झीझामीजै , मकै घोग्याच , मीहीन्चो बटुकाट्म , वोहोटो जाट्के अनी बरसा ।"
आँखै तिरिमिरी हुनेगरी  । ,मीमीन होच्यो मीरीस छान्ह्के लेन्जाले ।
अचेल मैले बोक्ने प्लास्टिकको झोलाले बुबाले बोक्ने गर्नुभएको रंगीचंगी नाइलनको बाक्लो झोलालाई झन् सम्झाइदिन्छ  । ,अचाल ङै बोके प्लास्टिक झोला झोलाय बोइय ङाक्के जाट्केच रगींगींगीनो वाचय झल्याक्डीयाहा ।
यी सब कुरादेखि मलाई अरुचि थियो  । ,इसे जम्मैव्हारा ङाके अरु न अरु लेया ।
"त्यही स्वरूपसँग नेपाली भावना , माटो , रहनसहन , संस्कृतिलगायत हाल्न सक्यौँ भने त्यो मौलिकता हो । ","होस स्वरपूकठा नेपाली भावना , झाल्के , रहनसहन , संस्तियल काकेतको होस आले ।"
अझै केहीबेर बिजुली गर्जनसहित पानी पर्यो  । ,अझै हीडबेर बीगाली जाट्के ठाला ।
"आज जति पनि उत्पीडनमा परेका जाति र क्षेत्रका रैथाने संगीत मरणासन्न अवस्थामा जीवित छन् , ती धेरैजसो तत्तत् समुदायका परम्परा र अनुष्ठानहरूमा गाउँदै आइएको कारणले बचेका छन्् । ",छीनीङ जटी ड उत्पीनाङ पनरेका जाटी अनी क्षेत्रोनठानो संगीरणाच ले ।
ती शब्दहरू आपूm र मारीका बीचको शून्यमा निरर्थकतामा बिलीन भएको देख्यो  । ,होस शब्दको आपूजा अनी माओ बीचौ शूर्यआङ निर्थरकराङ बीर्हीन्च छान्ह्च डाङा ।
न त क्षितिजपारि नै जान सकिरहेको छ । ,न टूपारिजारि न नुहुँके सनमन ले ।
"जब नान्गेलीको अन्तिम संस्कार गरिँदै थियो , चिरुकान्दन पत्नी विछोडमा शोकविह्वल बने । ","जब मागेलीओ अन्ति संस्कार जाट्म लेया , चीन्डीम लेया , चीरुक वादन पैडीस्केको विदाआङ शुवल बढीस्च ।"
"दिदीले लुगाफाटा , भाँडाकुँडा स्याहारी  । ","डैय आर्जुन , भाँडा कुँडा स्याहा ।"
त्यस्तै उन्नाइसौं शताब्दीको शुरुवाततिर सन् १८०३ मा सरकारी कर्मचारी स्तन–कर असुल्न केरला राज्यको समुद्री तटीय नगर चेर्थला पुगे । ,हुन्चन उन्नासीङ शब्ठुरुओ सुरुवालाक सन्म्च ऐनाङ मीजा ककारी माचीक्म स्थितार केस्के समेर्के परीसोला ।
मेरो कथा चुरे पहाडझैँ कतै अग्लिएको छ त कतै भास्सिएको छ  । ,ङौ कथा चुरे पहाडलखन कतै अलिक्च ले च कटै भासिस्च ले ।
त्यो सपना त तुरियो  । ,होसे मङ्नाम चुरिसा ।
बस् भन्या  । ,ङुनी डेनी ।
त्यही हात पो भाँचियो कि  ? ,होसे मीहुट पो भाँचीसा की ?
उनका केही वर्ष पागलपनमा बिते  । ,होच्यो हीड ल्हेस कोगलपनाङ बीट्ते ।
सहरमा अनेकौं हन्डर खाएपछि मलाई चेतना भयो  । ,सहराङ अचौं हन्डार ज्याप्याक ङाके चेटना छान्हा ।
मेरा निम्ति बाजे पहिलो पङ्क्तिका मानिस हुन् । ,ङौ निम्टी बाजी पहीलो प्याक्ति भर्मी आले ।
नेपाली विज्ञापनको क्षेत्रमा काम गर्नेहरूले कसका लागि र केका लागि विज्ञापन बनाइरहेका छौँ भन्ने नै सोचेनौँ  । ,नेपाली विज्ञापनो क्षेत्राङ काम जाट्के लागी अनी हीकुङ लागी विकाज्ञाम खास्मन ले डेम न माओल्लौ सोँडिया ।
बाको कम्मरमा टाँस्सियौँ  । ,बाहाओ कम्मराङ टाँसियौँ ।
पसलहरु लुटे । ,पसलको लुटे ।
उसका हात उसको पेटीका खिपतिर सरे अनि ऊ खिप खोल्न थाली  । ,होच्यो मीहुट होच्यो पेटीओ खिपलाक सरे अनी होसे खिप खोली ।
तिमी प्रतिदिन ६ घण्टा हिँड्छौ । ,नाङ प्रतियाक६ घण्टा व्हाले ।
फुटबल खेलेर होस्टेल फर्किएँ  । ,सरटबल गेस्म आलेस्ते ल्हेसा ।
न बालुवाटार र सिंह दरबारको बाटो हिँड्छन्् । ,न बलुवार अनी सिंह दोबारो लाम व्हाले ।
गुम्बाकै छेउबाट मैनालीटोल हुँदै एउटा चिल्लो सडक चापाखोरीतिर तन्किँदो रहेछ  । ,गुम्बा न छेउङ मैनाली टुल छान्ह्मन काट चील्लो सडकपार्लाकलाक टन्डीम लेसा ।
प्रतिकूलताबाट । ,प्रतिकूलइटीङ ।
त्यसपछि फेरि केही गम्भीर बन्नुभयो र भन्न लाग्नुभयो । ,होटीङ फेरी हीड गम्भीर बन्डीसाको अनी डेके लैडीयाको ।
"चराको गुँड हुन्छ , चराको पनि माइत , पोइल हुँदैन  । ","गौ म्युम छान्ह्ले , बुचौ ड माइत , पोइल माछान्ह्ले ।"
बम विस्फोटन र मानवीय क्षतिको यो घटना नेपालको पहिलो घटना होइन डीआईजी साहेब  । ,बहीला विस्फोन अनी मावियपारो इसे घटना नेपालओ पहिलो घिलो माहाले ।
रुन थाल्दै मारीले भनी । ,राप्के ठाल्डीमन मोइय डेया ।
सर म के खबर पठाऊँ  ? ,सर ङा ही खबर बीर्हीन्नी ?
त्यस उप्रान्त याङ मोकै कथनमा–,होस उप्रान इचौ डेमन कुथनाङ पैडीस्च ।
अपरिचित मान्छे,अरिचित भर्मी
त्यहीबेला उनको प्रथम दर्शन पाएकी  । ,होसबेला होच्यो प्रथम दर्शन डीन्हा ।
आम नागरिकको आत्मसम्मानपूर्ण जीवन बाँच्न पाउने हक स्थापित गर्न बन्दुक उठाएका थिए  । ,मेन नागरिकओ आत्मभ्यासम्मानपूर्ण जीवन बाङ्के डीन्ह्च हथा स्पिट जाट्के बन्डीच लेया ।
आफ्नो ब्यागसँगै बुबाका लागि र आमाका लागि खत्र्याकखुत्रुक राखेर झोला बोक्दा खुसी हुने पुस्ता हुँ भनेर असाध्यै रमाउँछु पनि  । ,मेनो ब्यागकठा बोइओ लागी अनी मोइओ लागी खत्रुत्रुक डाम झोला बुओला डेम अटडीलाङ ।
लेघ्रो तानेर वाचन गरेकाले हो या कविता सुनेर  । ,र्ह्रो टन्डीयार वाचन जाट्चय आले याको ।
हाम्रो घरको भित्ता छ्वाली र खरकै थियो  । ,कानुङ इमो भीट्टा ले्वाली अनी खर लेया ।
त्यो फुच्चे छापामारको छोरो अहिले कहाँ होला  ? ,होस फुच्चै मीमारो लेन्जामीजा इनाङ कुलाङ ओला ?
डराएर मैले दिदीको हात च्याप्प समातेँ  । ,बीरीम ङै डैओ मीहुट च्याप्प जीमा ।
"कालान्तरमा , संगत र संघर्ष एवं स्वयंको अन्वेषण र आविष्कारको जटिल प्रक्रियामा , त्यो भ्रुणले कोपिलाको रूप धारण गर्यो  । ","मेलापाराङ , संगत अनी संगत एषंइ जाटा ।"
त्यो बिहानको नौ बजे फुल्थ्यो । ,होस गोराकौ नौ बजे ढोकोला ।
मलाई गीतका शब्दहरू मन परे । ,ङाके ल्हीङो शब्दको जाक्म ।
गरिबको संसार  । ,लेबौ संसार ।
नत्र भोलि झिसमिसेमै बुबा उठ्नुहुन्छ र पूजाकोठामा मैले बत्ती निभाएको देख्नुभएपछि फेरि अर्को डिसअर्डर ! ,नत्रो पीहीन झिसमिसेन बोइ सोलेको अनी पूजाकोआङ ङै बच्चा माडाङा निभे फेरी डिस !
प्रहरीले हतकडी खोलिदियो  । ,प्रहरीय हटडीयाहा ।
यसकारण हो कि यसले मेरो युवावयका केही सम्झनाहरू फर्किएर आएका छन्् । ,इकारण आले की इचे ङौ युवावच हीड आर्मीट्चको ल्हेस्म राहाम राहाच ले ।
यस्तै मेसो बुझेको सरोज सुमतीको बैँशालु वयको दर्शन गर्न आफ्नो घरको पछाडि निस्कने गर्छ । ,इन्चन मेसो व्हाच सरकोज सुमतीओ बैँसाङ वाङ्म डर्के मेनो इमोसले नीस्लेसा ।
"यो भूगोलको नक्सामा बाइनोकुलर लाएर स्त्रीको घरधुरी खोज्नुहोस् , कहीँ भेटिँदैन , स्त्रीको घर  । ","इसे भूठुलओ नक्साआङ बाइनको खुकुल नुहुँके स्टरीओ इमढुआङ पानीको , कुलाङ मापरीस्ले ।"
गालाका हाड अस्वाभाविक तवरले उचालिएको थियो । ,हलाका हाड खेरेभावीक टरवर उच लेया ।
दिन प्रतिदिन आमा सिकिस्त बन्दै जानुभयो । ,याक प्रतिक मोइ सीक बन्डीमन नुहुँनाको ।
मैले हिरासत कक्ष व्यवस्थापन प्रहरी अधिकृतलाई आदेश दिएँ  । ,ङै व्हारच कक्षा व्यवस्थापन प्रहरी अधिकृतके आदेश ङाडाङाङ ।
प्रेम प्रसङ्ग उठेकोले वीरेन्द्रले पोल खोल्यो । ,प्रेम प्रङ्ग सोचय वीन्द्रय पोल खोला ।
यी फिल्महरू खास केही होइनन् । ,इसे फिल्मको ज्या हीड माहाले ।
बल्ल पो थाहा भो  । ,बल्ल पो ठाहा छान्हा ।
जब १९३५ को हिउँद आयो । ,जब १ २ ओ हीउँद राहा ।
मैयाँ फुपुको आँखाको आतङ्क पग्लियो । ,नयाँ सोच मीमीको मीमनाङ आतंकग्लियो ।
बुबाले मलाई एक पलकमै चिन्नुभयो  । ,बोइय ङाके काट पलकन चीन्डीयाको ।
न साउथ ब्लक र ह्वाइट हाउसको बाटो हिँड्छन्् । ,न साउला ब्लक अनी ह्वाइ ङा हान लाम व्हाले ।
तपाईँले चाहेजस्तो अहिंसाको मार्गमा हिँडेर भविष्य बनाउने युवाहरू कोही हुने छैनन्् देशमा  । ,नाकोइ चामलख अंसानो सागाङ व्हामभ्याच इसे भीष खास्के इसे सुवाहकोआङ माले ।
"त्यस रात जब बुबा मेरै सिरानीतर्फ कोल्टे फर्केर निदाइरहनुभएको थियो , मैले बुद्ध सम्झेँ  । ","होस नाबीक जब बोइ ङौन सिरानी टर्फ कोल्टे ल्हेस्म डोन्मङुच लेया , ङै बुद्ध आर्मीटा ।"
"तर , उसको कपालको सतह चहकिलो हुनाले त्यो धातुझैँ टल्किइरहेको थियो  । ","टर , होच्यो कपालो सटार चहट्कडीसा होस ढानाय होस ढाकडीसाम तँइक्मन लेया ।"
फेरि ‘होइन होइन’ भन्दै ‘यो त म आपैmले आफ्नै पुरानो लुगा लगाई दिएर बाँसको कुड्कामा उभ्याएको बुख्याँचा हो’ भन्दै मन बुझाउँछ । ,फेरी माहामन्डीले माहाले फ्याँमनलेच च ङा आपै माझाय मेल्लौ लुका लैडीसम याहाच बडौ मीसोआङ भुरा जीक्च आले ।
उनी किन मलाई भेट्न आएनन्  ? ,होसे हीके ङाके डुप्के माराहा ?
गह्रौं भएर । ,गह्रइङ छान्हार ।
ऊ विचलित छे  । ,होसे विचल्हीङ ले ।
हामी हेटौंडा बसपार्क्तिर ढाड फर्काएर उभिएका थियौँ । ,कानको गाईङ बसपार्कलाक डोहोम टोङ्च लेया ।
कसैको दुई थोपा याद टिलपिल–टिलपिल गरेझैँ लाग्यो पातहरूमा  । ,सुयो न्हीसो न्हीस थोप याद ढुमाल हुल जाट्म नाम्पिल जाट्म लैडीसा ।
त्यसैले कालान्तरमा मानवीय मुक्तिको शाश्वत मन्त्रजस्तै बन्न पुगेको ‘हम देखेँगे’ पनि यसको रचना भएको केही वर्षसम्म पाकिस्तानी पाठकहरूसम्म पुग्नै पाएको थिएन भन्दा पनि हुन्छ  । ,होटै कान्टराङ माविमवीय मुक्तिओ शाईश्वत मन्त्रोन बन्न टाहाम्चय डाङ्म इटौ हीड ड ल्हेस्के डीन्ह्चसम्म टाहाके डीन्ह्चसम्म टाहाके डीन्ह्चसम्म टाहाके डीन्ह्ले ।
"तपाईँलाई चिरिरहेको हुन्छ , सुक्खा बनाइरहेको हुन्छ । ","नाकोके चीन्डीम छान्ह्ले , मीक्खान खास्म छान्ह्ले ।"
स्तनको फाँचो त्यही करङभित्र कतै च्यापिएको थियो । ,होच्यो फाँचोन होस करङभीट्री कलाक च्याक्म लेया ।
अझ हाम्रो बा जस्तो रक्सीको लती भएकाहरूको घरमा त त्यो असम्भव प्रायः थियो  । ,अझार कानुङ बाहौ लटी लेचको इमाङ च होस अम्भवसभरी प्रायः लेया ।
हामीले मनमा खेलाको कुरा हामीजत्रै स्याना हुन्थे  । ,काने मीमनाङ गेसाक्म कुरा कानमाय नाच आले ।
एक्जाममा अरूलाई चोर्न पनि दिनुपर्छ  । ,एक्ठाङ अरूके चोर्के ड याहाकेपर्ले ।
मारीले सन्देहसाथ भनी  । ,मोइय सन्डैङुओला ।
धेरै ठाउँमा मेरो कथा क्रमभङ्ग भएर टुट्दै विशृंखलित बनेको छ  । ,ढेर ठाउँआङ ङौ कथा क्रमभरी वाक छान्ह्मन विशंख वृलित बन्डीच ले ।
"गाउँबाट सहर भइसकेछ , हाम्रो टोल त , बाबै  । ","लाङ्घालीङ सहर छान्ह्मभ्यालेसा , कानुङ टोल टलबै ।"
ती यसैगरी यहाँ आउँथे । ,होस इटन इलाङ राहाओला ।
‘हाउगुजी आउँछ है सुत’ भनेर बच्चा सुताउनेहरूले हाँकेका संगीत प्रतिष्ठानहरूले मधेसको ‘लोरी’ लाई ढिम्किनै दिएनन् । ,कानुङ भाउजु राहाले है मीटना डेम जजाकोइ रेट्मन संगीनो संगीनो संगीनो मढ्डीया ।
याङ मो बारे मलाई जम्मा यत्ति थाहा छ । ,मा मोठे ङाके जम्मा इडीक ठाहा ले ।
"त्यो कानुन पनि बलियाले पैतलामुनि लिए , निर्धाले माने  । ","होस कानुहुँके ड बलियाय मीटलाम्हाकाङ लाका , निर्ढीसा ।"
अर्को एक घटना याद आयो  । ,आस्काट काट घटना याड राहा ।
ऊ आफ्नो अनुहारमा आत्मविश्वासको भाव ल्याउने प्रयास गरिरहेको थियो  । ,होस ङाल्लौ मीटाहाङ आतवीश्वासो भाव राक्के प्रयास जाट्म लेया ।
देशभित्र उनका रचनाहरू छापिने वा पढिने सम्भावना बिल्कुलै थिएन  । ,देशभीट्री उकान अनी महीनाको छाप्डीस्च वाच वाचन सम्भावना म्हाकुले मालेया ।
"रोचक कुरा , उइकिपिडिया भन्छ– याङ मोको पेसा लेखन हो  । ","बटुक कुरा , उपिडीया भन्छडीया इसेमा मोजाको पेन आले ।"
गेरुवामा पानी थिएन । ,बेराङ डी मालेया ।
पीडाको आह ! आवाजमा म कहिल्यै पनि यति द्रवित भएको थिइन्ँ जति त्यो पक्षीको दर्दनाक आवाजले गराएको थियो । ,भाडाओ आह ! आवाजाङ ङा सेनर ड इटार ड इट्रवित छान्ह्च लेया छान्ह्च लेया होस पक्षिओ आवाजय गाजाङ नुहुँआ ।
रोएको कसैले देखे पो रुनुको अर्थ  । ,राप्च सुयर डाङा पो राप्के ।
धुलिखेलबाट जगत भाइले फोन गरेका रहेछन्् । ,ढुलीखेलीङ जगत भयाय फोन जाट्च लेसा ।
मलाई भेट्न आइरहनुस् ल  । ,ङाके डुप्के राहारङुआ ।
ती शरीरलाई तातो बनाउन आगोको नजिक बसेका थिए । ,होस शरीरके जोस्च खास्के म्हेनीङ खेरेप ङुच लेया ।
"कौसीमा आमाले कालो र सेतो रङको तुलसीको गमला , सूर्यको प्रतिमूर्तिलाई साथैमा राखेको अर्को एउटा सानो थान छ  । ","कौसीआङ मोइय कालो अनी वोचुलसीओ गलाम , सूर्य प्रतिओ सानो आस्काट डिनाङ काट थाली डाम ले ।"
ओँठमा रातो लिपिस्टिक । ,झाङ ग्याच लामोको ।
यो लेखियो सन् ५० को उत्तराद्र्धमा  । ,इसे रीको सन्धिलो २ कोट्टराद्धाङ ।
"त्यसपछि चिच्चाएँ , ‘बाजे . . . . । ’","होटीङ चीज ङाङा , होलाङबाजी . . ।"
मलाई टीबी भएको छ । ,ङाके टाङ्म ले ।
हामीले चिनेजानेको भगवान् त एउटै थियो  । ,काने चीन्डीच भगवान्ज च काटै लेया ।
सकिने भए सायद तिनीहरू ‘युवाहरूको गीत’को स्मृतिलाई मस्तिष्कका चिप्सहरूबाट सदाका लागि खुर्केर फाल्दा हुन् । ,डूम्च लेनाङ सायद होसकुङ लागी ।
तर परीक्षाको नतिजा नआउँदै विवाह गरिन् । ,टर पर्दो माव्हारा माराहामन वीहा जाट्म ।
जहाँबाट एउटा नदी बग्दथ्यो । ,जुलाकीङ काट माओदी बडडीसोला ।
जितु राईले तीनवटा गोल्डमेडल के जिते  ? ,जीटडी राईय सोमवटा बल्डेर जुहुट्के ?
"मैले पलाँसजीको असमन्जस्यतालाई बुझेरै पेलिरहेँ , बोलिरहेँ  । ","ङै पहीलासजीओ असमन्ज्येताके व्हामनङुआ , ङाका ।"
"यसलाई पाप होइन , पुण्यकै काम सम्झनुपर्छ  । ","इसके पाप माहाले , पुण्य काम आर्मीटा ।"
पुतलीलाई माइत पठाउँदै पठाउँदिन । ,पुलीके माइत पठाक्मन बीर्हीना ।
आमा र म तल ओर्लिंदै गर्दा बुबाले दिदीलाई भन्दै हुनुहुँदो रहेछ । ,मोइ अनी ङा म्हाकाङ झाल्के जाट्नाङ बोइय डैके डेम लेयाको ।
खिरिला खुट्टाहरु स्थिर । ,रुखला खुट्टाको स्थिर ।
तर हिंसा अझैँ जारी छ  । ,टर हिंसा अझै नुहुँके ले ।
उसका आँखाबाट तुरुक्क दुई थोपा आँसु गालातिर झरे  । ,होसकुङ मीमीकीङ टुरुक्क न्हीस थोपा मीमीकडी गालालाक झरे ।
अहिले पक्षीहरू उठ्नलाई एक घण्टा समय बाँकी थियो । ,इनाङ पक्षीको सोके काट घण्टा समय बाँकी लेया ।
मारी फिस्स हाँसी र जाडोले कठ्यांग्रिएको सानो जन्तुले झैँ उदास दृष्टिले झ्यालबाहिर टुलुटुलु हेर्दै ऊ आफ्नो सिटमा डल्लो परी  । ,मामा फिस्स रेटा अनी जाडोय कठंग्रिच सानो जन्तरे झाँक्रीय झाङ टोँनाङ दृष्टलबासय झोल्लाङ ।
"त्यसपछि बेस्सरी अँगालो मारेर रुनुभयो , पुतली दिदीलाई । ","होटीङ बेस्सरी अँगालो आर्जुम रापा , पुली डैके ।"
‘सर चिन्नुभएन मलाई  ? ’,होसै चीन्डीके मारे ङाके ?
जानसेनको रुखोपनाबाट आतंकित भएकी मारीले भनी  । ,नुङ्के रुखोीङ मीनाकीङ आर्तंक लेच माङा ।
म पढ्न कहाँ सक्छु र  ? ,ङा पढीस्के कुलाङ हेक्लाङ र ?
"तीन , शास्त्रीय संगीत  । ","सोम , माझौ संगी ल्हीङ ।"
"तर मैले भनिदिएँ , ‘ओके  । ’","टर ङै डेया , ङाडेयाङ ।"
यो पीडाबाट व्यक्तिगत रूपमा उन्मुक्ति पाउन बहुलाउनु र भीरबाट हाम फालेर मर्नुभन्दा जनताको उन्मुक्तिका लागि फेरि बन्दुक समातेर युद्धमा होमिनु र दुश्मनको गोली खाएर मर्नु श्रेयष्कर र गौरवपूर्ण हुन्छ भन्ने लागेर म विप्लव माओवादी बन्न विवश भएँ सर  । ,इसे ठुलीङ व्यक्ति अनी डुपाङ उन्मुक्ति पाके बहुला अनी भीर काबोक वीहाके मन्डीया ।
धेरैले उठाएका र उठ्ने प्रश्न यिनै हुन् । ,ढेर सोक्नाङ सोट्के अनी सोके प्रश्न इसे आले ।
"हिजो स्वस्थ हुनुहुँदा एकै समयमा काठमाडौं , भक्तपुर , ललितपुर भ्याउनुहुन्थ्यो साइकलमै  । ","टीसीनीङ स्वस्थ छान्ह्च काट न समयाङ काठमाडौं , भक्तपुर , ललिटपुर भ्याको साइक राहाओला ।"
यो बिल्डिङ मलाई जेलजस्तै लाग्छ  । ,इसे बिल्डीङ ङाके मीझन लैडीस्ले ।
भन्छन्– यो गजपको विषय हो  । ,डेउला इसे गजौ विषय आले ।
"तिमी छौ र त म छु , म छु र त तिमी छौ । ","नाङ लेक अनी च ङा छुन , ङा ले अनी च नाङ ले ।"
साँझ बहिनीले मलाई थिएटर पुर्याइन् । ,नामार्च नानीय ङाके लेयार सीम टाहाका ।
मेरो काकाको छोरा भाइ कार्ल द रोबिलले मलाई हिलोको दलदलनजिकै विहान हाँसहरूको शिकार गर्नलाई आमन्त्रित गरेको थियो । ,ङौ बाबुओ लेन्जामीजा भया खुर्डल ड राबिलय ङाके व्हाच डाजीओ डलन गोराकओ हेटो जाट्के लेया ।
तर ती शब्द उसलाई मन परेनन् अनि उसले प्वाक्क भन्यो । ,टर होस शब्द होसके मीमन परीस्के अनी होच्य प्वाक्क डेया ।
तर सुमतीको कोठेबारीको बुख्याँची हेर्नलाई सरोज आप्mनै कोठेबारी छिनर््ुपर्छ । ,टर मीस्मन लेको कोठेबारीओ बोख्याम ङोस्के सरो आरोजनके कोठुर्केपरीस ले ।
मन्दिर पस्दा कुनै महिलाले सम्पूर्ण शरीर ढाकेर प्रवेश गरेको रहेछ भने पुरोहितले लाठिको सहायताले महिलाको लुगा च्यातेर फ्याँकिदिन्थे । ,मन्दिर पस्नाङन माझामीजै सम्पूर्ण शरीर मीचार्डीम प्रवेश जाट्च डेनाङ पुरोटितारो आर्चीक्म च्याका ।
जुन विषय संस्कारका रूपमा जीवन्त हुन्छन््् ती रैथाने हुन् । ,जुन विषय संस्कार अनीूपाङ जीवन्टै होस अनी होसनथाओ आले ।
खुसी भएर रुमतिर दगुर्दै थिएँ  । ,खुसी छान्ह्म राप्मनलाक डगुर्डीमन लेया ।
प्रगतिको आवश्यकताका कारण नै मौलिक प्रविधिहरू जन्मिए  । ,प्रगटीओ आवश्यताओ कारण न मौलीक प्रीढ्डीच फुमिका ।
मैले बहिनीलाई गम्लाङ्ग अँगालो मारेँ  । ,ङै नानीके गम्लाङ्ग अँगालो ङाटा ।
"श्री गणेशाय नमः , सबै मिली गरौँ भजन  । ","माझा गणेशाय मामः , जम्मै खाटाली जाट्नी ।"
"नेपाली समाज , भाषा–संस्कृति , रहनसहन , खानपान हाम्रा छिमेकी मुलुकहरूको भन्दा भिन्न छ  । ","नेपाली समाज , भाषा फेट्मनंस्ति , रहनसहन , गाकेपन जम्राओ मुलुकओ भिन्न डेनाङ भिन्न ले ।"
उनी घरघर पसेर दलित जातिका महिलाको स्तनको नाप नाप्न थाले । ,होसे इमइमो पसेर दलित जातिकाओ माझा स्टनो नाम्के ठाला ।
विज्ञ पाठकहरूको सुझाव अपेक्षित छ  । ,विज्ञ पाठकको स्वास्था अपेक्षित ले ।
त्यस दिन पुतली दिदीको आँखामा भयको एउटा सर्को दौडिएको थियो । ,होस याक पुन डैओ मीमीकाङ छान्ह्मभ्याच काट सर्को दौडीच लेया ।
गोइ भनेको चाहिँ एकजोडी हलगोरु  । ,बुबा डेच चैडीसा काट जोहोका हल म्हेरु ।
मैले भरखरै अखबारमा आम–समाचारका बीच पागलपनले भरिएको प्रेमको एउटा कथा पढेंँ । ,ङै भरखरै अखाराङ राहाच मीमासाराङो बीचाङ डीन्ह्च भरीपने प्रेमओ कथा पढीस्च ।
आगो निभाइदेऊ । ,म्हेनीङ निभ्होरा ।
हिजो ती ‘द्वन्द्वात्मक भौतिकवाद’को रटना गर्थे । ,टीसीनीङ होस माझौद्वन्द्वाट्म भटीकवादौ अनी छटो जाट्मन जाटोला ।
तर घरभित्र र मन्दिरमा ब्राह्मण पुरुष तथा राजपरिवारका सदस्यको अगाडि जाँदा स्तन देखाउन विवश थिए । ,टर इमभीट्री अनी मन्दिराङ बजाएर पुरुष चथापरिनो सपरीसो अगाडी जनडीके स्टनाक्के लेया ।
नभन्दै यो नाङ्सालको तेज चमकचमक गर्दै सर्वत्र पुग्दोरहेछ  । ,नडेमन इसे नाङ्सालओ टेजम चमकम जाट्मन सर्व्होरा सीले ।
आज मात्रै जा । ,छीनीङ मात्र नुङ्नी ।
"त्यासपछि बाजे , बा , आमा र म । ","ट्यासीङ बाजी , बा , मोइ अनी ङा ।"
ठूलो सपना देख्नुपर्छ । ,बड्को मङ्ना डाङ्केपर्ले ।
सामान्यतया मानिसको सोच्ने तरिकालाई संस्कारका रूपमा बुझ्ने गरिन्न । ,सामान्यया भर्मीओ सोच टरिकाके संस्कार अनीूपाङ व्हाके गरी ।
"उनी समस्त चिनियाँँ युवाहरूको आकर्षण , प्रेरणा र अनुकरणको सम्मोहक गीततुल्य बनिन्  । ","होसे समस्ती चीउयाँ युवाको आकर्षण , प्रेरणा अनी अनुसार अनुकर सम्म ल्हीङो ल्हीङ ।"
म तिमीलाई राम्रो मान्छे बनेको देख्न चाहन्छु  । ,ङा नाङके सेहेच भर्मी बन्डीच मापालाङ ।
खानपिन सकिएपछि म ओच्छ्यानमा गएर घुस्रिएँ र तुरुन्तै निदाएँ । ,ज्याकेगाके डूमारप्याक ङा ओच्छाटाङ नुहुँआर घुस्रिया अनी तुन्टै ङााङ ।
"हरे बाल मनस्थिति , जे पिलायो त्यही पिउँछ ! ","हयाङ बाल मीमनढेमाङ , मीगाला होस्न न्हुन गाले !"
गुन्डागर्दी नै गर्ने मनसाय भए इन्द्रचोकका अरू गल्लीमा गुन्डागर्दी गर्नुहोला  । ,गुन्डागर्दी न मीमनसाय छान्ह्च इन्द्रकचोक अरु गल्लीआङ गुन्ड जाट्के मीमन जाटा ।
माथि चुच्चो र तल गोलाकार ( आइसक्रिम कोन ) आकारको हाम्रो छाप्रो एउटा विशाल हिराझैँ देखिएको थियो । ,ढेमाङ चुच्चो अनी म्हाकाङ बलखारतिर आयो माझा कोक्के पाच मेन ) आस्काट कानुङ छाप्रा काट वीहाम व्हाम लेया ।
आगोकै लागि भए पनि उनीहरूसँग सम्बन्ध सुमधुर राख्नुपर्ने बाध्यता थियो  । ,म्हेकै लागी लेनाङ ड होसकठा सम्बन्ध सुम डाकेपरीस्के बाढुर लेया ।
उत्तरतिर सुनकोसी र दक्षिणतिर रोसीखोलाको नागबेली बहावको दृश्य उत्तिकै रोमाञ्चक  । ,उट्टरलाक सुनोसी अनी दक्षिणलाक रासीओ नाग्याच बेली बहावृश्यवौ डोकोआङ रोप्डीया ।
यहाँ आइपुग्दा उपल्लो तेमाल जाने बाटो आधा हुने भएकाले बटुवाहरूले ‘आधाबाटो’ भन्दाभन्दै यो गाउँको नामै कुनै समय ‘आधाबाट’ बनेको थियो  । ,इलाङ टाराहाले होसे उपल्लो टेमाल नुहुँके लाम आढीस्च लेनाङ बटुवाकै बटुवाकोइङघो काबोकन गामन लेया ।
"आफ्नो मृत सङ्गिनीप्रति पशुवत् प्रेम , उसप्रतिको गहिरो लगावले उसलाई खतराका प्रति बेपर्वाह गरिदिएको थियो । ","मेनो मृत सङ्गिनीप्रति पशुवट्टा प्रेम , होच्यो गल्टीओ गहीरीङ लैडीस्च होच्यो खेरेपयाहा जाट्मन लेया ।"
खुला हिँडिरहन मनमा कताकता सरकारी सुलसुलेको डर थियो  । ,मीला व्हारच मीमनाङ कुलाकक सरकारी सेम लेया ।
"र , त्यसै गथ्र्यौँ  । ",रहीन्चन नुहुँओला ।
यही उद्गार भूपि दाइ मनको गहिराइबाट व्यक्त गर्थे  । ,इलाङ उद्गार भूपिङ दाजीओ मीमनो गहीरीङ व्यूली जाट्ला ।
म उनकै पछि लागेँ  । ,ङा होसन न्हुन न्हुन लग्डीसा ।
"उनको कविताको एक लाइन अझै सम्झन्छु , ‘रस वर्षणमा अवरोध किन  ? ’","होच्यो कविताओ काट लाइन माव्हार्च आर्मीट्ले , आर ल्हेसाङ अवस्रो हीके ?"
चार वर्षपछि आएको २९ फेब्रुअरी म एक्लो छु  । ,बूली ल्हेसप्याक राहाच २ २९ुआङ ङाल्ला छुम्च ले ।
सतीबयरका मसिना पात सुम्सुम्याउँदै गर्दा यादहरू एकाएक सल्बलाउन थाले  । ,जम्मैयरका मसिना पार्नाङ सुम्सुमन जाट्नाङ यादको एकाचकाट सल्ह्के ठाला ।
त्यो टाप कसाइ निसासलाग्दो पिँजराबाट बन्धित सुगाको मुक्त आकाशमा मुक्तितुल्य थियो  । ,होस रेटाओ कसाइ निसालैडीस्च पीँजीईङ बन्ढ्डीस्च मुक्तकाओ मेङ्गेराङ मेङ्गेक्डीस्म लेया ।
त्यसपछि मलाई आकाश पनि आफ्नै घरजस्तो प्रिय लाग्न थालेको हो  । ,होटीङ ङाके राहाच ड मेल्लौ इमजङ्च प्रिय ख्योहोके ठाल्च आले ।
कतार जाने भए लाईन बस् । ,कटार नुहुँके डेनाङके ङुके ।
आँगनछेउ सतीबयरको रूख उस्तै रहेछ  । ,आर्भा सीनाङ सटीबयौ रूख उन्चन लेसा ।
बुबा झ्याम्मिन आउनुभएन  । ,बोइ झ्याम्म लाके माराहा ।
यी नै थिए कोठाको सौन्दर्य । ,इसे न लेया कोठाओ सौटर्याङ् ।
भय देखियो । ,भाइ व्होरा ।
त्यसपछि कुरा सम्हाल्दै जानसेनतिर फर्केर पेसेवर ढंगले मुस्कुराउँदै उसले भनी । ,होटीङ कुरा सम्हामन नुहुँके परिसलेलाक ल्हेस्म पेसाहुर ढंगय मुस्डीम होच्य डेया ।
आँखै तिरिमिरी भयो  । ,मीमीको होच्योरिमिरी छान्हा ।
तिमी मलाई घृणा गछ्र्यौ भन्ने कुरा मलाई थाहा छ  । ,नाङ ङाके नामखन जाट्ले डेच कुरा ङाके ठाहा ले ।
केही समय गाउँको भेडी गोठालो बनेर गुजारा गरेँ  । ,हीड समय लाङ्घौ डुमार माङाम गुजा जाटाङ ।
यो त्यो रातमध्येको एक थियो जब हावा पनि जमेको प्रतीत हुन्छ । ,इसे होस नामबीमढ्यम काट लेया जब नाम ड ज्योती प्रतिट छान्ह्ले ।
"उनकै कमान्डरले अपहरणको फरमान जारी नगरेको भए सायद यति बेला म बुद्धचित्तको बोट स्याहारिरहेको हुन्थें होला , यही गाउँमा  । ","होच्यो कमाझाम अपहरणो फनराङ जारी माजाट्च लेनाङ सायद इटार सीचिओ बुद्धितं ङाप्मनलेच ओला , लाङ्घाङ माकोला ।"
आश्चर्य  ! ब्युँझिँदा दुई घण्टाको यात्रा पार गरेर सुनकोसी किनारको चुखाबेँसी सहर झरिसकेको रहेछु  । ,आश्चर्य ! ब्युँझिँनाङ न्हीस घण्टाओ यात्रा पार्लाक जाट्म सुन्सीनो हीके सीमभ्याच लेसा ।
अनि यति छिट्टै चीनमा पनि र नेपालमा पनि यसलाई किन यसरी बिर्सिइयो  ? ,अनी इतार छीट्टै चिन्नाङ ड नेपालाङ ड इसके हीके बीर्सिइ ?
कपालले छोपिएको पछिल्तिरको भागमा केही खतजस्तो देखिन्थो  । ,एकछिनय हुप्मनलाको भागाङ हीड खाट्च डाङोला ।
अनि ऊतिर क्षमा याचनाकारी मुस्कान फाल्दै मारी कुलेलम ठोकी  । ,अनी होसलाक झाङ याचकारी म्हाकाङस्कान फामन मरिचेका ठोहोआ ।
"त्यसैले त यी तिनलाई झिझ्याट लाग्ने गरी झकझक्याइरहन्छन् , स्मरण गराइरहन्छन्् । ","होटछान्नाङ च इसके झीझिकोके झीच गरि झाङ झक्याक्डीस्मङुले , सरण गरणरहन्ले ।"
कमसेकम भावनामा भए पनि मैले आफूलाई आश्वस्त पार्न सकेको छु कि म मेरा बाले अँगालेको सिद्धान्तबाट विचलित भएको छैन  । ,कमलेक भावनाङ लेनाङ ड ङै मेल्लाके आईश्वस्त पार्के माय्होका की माकाम ङौ बन्डीचय छुच सिल्टीङ्मने ।
म स्वतन्त्र छु  । ,ङा स्वन्त्र छुट्डीसा ।
बाले सुस्केरा निल्नुभयो । ,बाय सु मामन्डीयाको ।
"मुग्ध भएर सुन्नेमा म मात्र होइन , सारा श्रोता थिए  । ","गोराक छान्ह्म सेके ङा मात्रै माहाले , सारा श्रो लेया ।"
जागिर खानेहरूको संसार  । ,जागीर ज्याकेको संसार ।
‘द सङ अफ युथ’ मैले टाइपराइटरमा अविराम पटटको लयमा गरेको पहिलो अनुवाद हो  । ,होस सयम अफुलाडीस्च ङै टाइपराइतराङ अविमताओ लयौ लय जाट्च अनुशुवाद आले ।
यस दृष्टान्तबाट पनि नेपाली शासकहरूको प्रवृत्ति छर्लङ्ग हुन्छ । ,इच दृष्टैइङ ड नेपाली शासको प्रवृवृत्ति छलख छान्ह्ले ।
हामी एकैचोटि डाँको छोडेर रुन थाल्यौँ  । ,कान काट नचोटि डाँको डासार राप्के ठाला ।
पिताको विशाल छातीमा मायामिश्रित सुरक्षाको ग्यारेन्टी खोज्ने उमेर हो उसको  । ,गाचौ विशाल मीछाटीआङ मायामिस सुरक्षो ग्यारे पाके उम आले होच्यो ।
मारी विस्मययुक्त मोहकतासाथ मुस्कुराइरहेकी थिई  । ,मामा विस्मयुक्त मोहक मोहट्ठ मुस्डीमलेच लेया ।
कमिलाको दुलो कमिलाका लागि घर हो  । ,सेनओ दुलो कमिला लागी इम आले ।
म बुबाको हरेक डिसअर्डरलाई अस्वीकार नगरीकनै अस्वीकृत गरिदिने प्रयत्न गरिरहन्थें  । ,ङा बोइओ हरेक डिसअर्डके खयाकार मागरीकन ऐकृट गरीयाहाके प्रेट्ठर जाट्मनङुओला ।
कसैकसैले अनाजसँग आइमाई साट्थे  । ,सुयोरय अजकठा माझा मार्ह्च सराथे ।
"तपाईँ भोलि जाने होला , कसो ? ","नाकुङ पीहीन नुङ्के ओला , कुट ?"
टिकुली मल छ  । ,टीकुली मल ले ।
उसको बाबु र आमा के गर्दै होलान्  ? ,होच्यो बाबु र मोइ ही जाट्मन ओला ?
"खै , मलाई छ थाहा छैन  । ","खै , ङाके ठाहा माले ।"
पुतली दिदीले वीरेन्द्रलाई कुट्न खोजिन् । ,पुली डैय वीहारेन्द्रके खेप्के पा ।
"तर , उसले भनेका कुराको उसका लागि कुनै अर्थ थिएन । ","टर , होच्य डेनाङ कुराओ लागी होच्यो लागी न अर्थ मालेया ।"
लगातार परेको झरीले एक त दाउरा ओस्सिन्थ्यो  । ,लगा टार परीस्च झरीय काट च डाजी पुराउसियोला ।
"मलाई संसार देखाउने , संसार चिनाउने  । ","ङाके संसार टनाक्के , संसार चिना ।"
हाम्रो आँसु र हिक्क–हिक्कले बालाई सोधिरहेथ्यो । ,कानुङ मीमीकडी अनी हीक्क ङुचय बाके गीना ।
सधैं छ्यामाको स्कुल जाने बाटो ढुक्छ । ,सेनडसेन ब्यासाङो स्कुल नुहुँके लाम ल्हुङ्लेसा ।
ती किरी कहिले काहीँ मागी खान हाम्रो दैलोमा पनि आउँथिन्  । ,होसे किरी सेन ङीहीँ ज्यान कानुङ दैलोआङ ड राहा ।
पछि फर्केँ  । ,न्हुनीङ ल्हेसा ।
उसको दृष्टिमा होटेल भन्ने चिज सिनेमाको पर्दामा देखिने कुनै मनोहर वस्तु थियो  । ,होच्यो दृष्टिआङ होटल डेच चीज सिकेपाङो वाङ्मन खेर्केन महराङ्मन लेया ।
अँ तिमीले बत्ती पो निभायौ कि  ? ,अँ ने बत्ती पो निभाये की ?
"हप्ता दिनपछि , आजित भएर मैयाँ दिदीले हप्काउनु भयो , पुतली दिदीलाई । ","हप्ता याक न्हुनीङ , छीनीङीट छान्ह्मन मैयाँ डैय हप्टाको , पुली डैके ।"
आक्रमणको निशाना दलित महिलालाई बनाए । ,आक्रमणो निशाना दलित माझाके खास्च ।
"एक , खास प्रकृतिको भूगोल  । ","काट , खास प्रकृतिओ भूगो ।"
उनको डेरामा तिमीहरूको भेटघाट प्रायशः भइरहन्थ्यो  । ,होच्यो डेराङ नाको डुपाट प्रायसः छान्ह्मनङुओला ।
करिव करिव तिन हप्ता खोजेपछि बानेश्वर बुद्धनगरमा एउटा मध्ययुगीन गुफा जस्तो कोठा पाएँ । ,करिव करिवन हप्टा पाप्याक बाल्लौ बर बुद्धन जागरमा काट मढ्याङ्गन कोठाङ लख कोठाङ नुहुँआ ।
कुटको शीरमा सारीकै फेर च्यातेर सुमतीले फेटा लगाइदिएकी छे । ,कटो शीराङ सारीमौ फेरो च्याक्म मीस्मनलेच मीटाय फेटाक्म ले ।
मैले तपाईँको अगाडि छापामार युद्धका करतबहरू देखाएको थिएँ  । ,ङै नाकुङ अगाडी छाप्डीचयुद्धुद्धो करतबको टनाक्च लेया ।
सर्वत्र गहिरो हतासा एवं भयावह सन्नाटा व्याप्त भयो  । ,सूव्र गहिरो हटा एक्वं भाइ वीन्न सन्न व्याप्ट छान्हा ।
तेमाल म्युजियममा यहाँलाई स्वागत छ । ,टेमाल म्युमयाङ इलाङके स्वागट ले ।
जानसेनले भन्यो  । ,मनने डेया ।
"अलिकति चियापत्ती , चिनी , दूध र पानी खाएर स्टोभमा पेट सेकाए त पेटमै पाक्छ नि चिया । ","इटार चियापत्ती , चिनिकानी , डुढ अनी डी गाम स्टाभाङ मीटुकाङ मीटुकान डीन्लेसा नी ।"
मैले शिर हल्लाएर स्वीकृति दिएँ  । ,ङै शिरो होयोक्म स्विकृति ङायाहाङ ।
सिन्की धूप मात्रै लिएर आएँ बुबाको सामुन्ने  । ,पाहाम धुप मात्र लाम राहा बोइओ सामुन्ने ।
"तेमालको इतिहास , सभ्यता , रहनसहन सबै झल्किने थाङ्का चित्र भित्ताभरि सजिएका थिए  । ","टेमालो इटीहास , सभ्यता , रहनस जम्मै झोल्की ठाङ्का ठोहोके ठिताभरिस्च लेया ।"
"ढलान छाना , सेता भित्ता । ","ढोन छाप्डीना , सुटा भीट्टा ।"
जति खोस्रे पनि आगोको झिल्कोसमेत फेला परेन  । ,जटी खोरे ड म्हेनीङो झिल्सो झिटमेल पैडीस्के ।
जानलाई ठाउँ कहीँ थिएन  । ,जुनके ठाउँ कुलाङ मालेया ।
चिसोले तपाईको शरीरमा दाँत गाडिदिएको हुन्छ । ,क्योक्च नाकुङ शरीराङ मीस्याक गामयाहाच छान्ह्ले ।
लोभले त्यागलाई ओझेलमा पार्यो  । ,लोट्चय च्यागके झाल्के पा ।
"हिलो जमेको ठाउँ अधिक प्रभावशाली , अशान्त र कहिलेकाहीँ भयानक अरु केही हुँदैन । ","टीसीनीङ जम्च ठाउँ अधिक प्रवर्शाली , अशान् अनी सेनका भाइ सन अरु हीड माछान्ह्ले ।"
तर हावाहुरीको बेला जान सक्थेनौँ  । ,टर नामसुहुरीओ बेला नुहुँके य्होक्ले ।
सन् १७२९ देखि चेरा वंशले शासन चलायो । ,फुन् १ वाङ्च २ काट वाङ्म शासन केटा ।
"तर , भावनात्मक पक्ष एकै प्रकारको हुने गर्दछ  । ","टर , भावनाट्म पक्षकै प्रकारो छान्ह्के जाट्ला ।"
सबै जातिका आफ्ना भाषाका गीत–संगीत थिए  । ,जम्मै जाटीओ मेल्लौ भाषाओ ल्हीङ्मभ्याच लेया ।
म तँलाई भोलि दिउँसो लैजाउँला  । ,ङा च पीहीन याहालाङ नुहुँनीङ नुहुँनीङ ।
एउटा कविलाले अर्को कविला समाजलाई ध्वस्त पार्ने युगबाट अगाडि बढेर एउटा सामन्ती राज्यलाई अर्काले नष्ट गर्ने हुँदै धार्मिक युद्धसम्ममा व्यापक मात्रामा रैथाने बौद्धिक सम्पदा नष्ट हुँदै गए  । ,काट कविताय आस्काट कवि समाजके ध्वस्त पार्के इटपरीस्च अगाडी बढीस्म काट साधुद्टीके खेरेप छान्ह्मन नुहुँआ ।
"र , आँगनमा हँसिया लगेर उत्तानो पारेर राखिदिई  । ","र , आर्भाङ हँसिया नुहुँम उट्टा पार्डीम डामया ।"
जीवनका कठिन र कष्टकर उकाली ओराली बीच लिन ताओ चिङको कम्यूनिष्ट चेतनासँग साक्षात्कार भयो  । ,जीवन कठन कठडी अनी कष्टै उकाली ओरालो बीच मामन्डीच चीन्डीच कमला ।
छ्यासमिस । ,ओछ्यास ।
आफूबाहेक जम्मैलाई गलत देख्न थाल्छन्् । ,मेनबाहेक सबैके गलैडीस्के ठाल्हा ।
स्वभावतः खस नेपाली भाषामार्फत् बोल्न थाल्यो  । ,आवभावतः खस नेपाली भाषाङ फुर्फ ङाक्के ठाला ।
फूलको बीउ लिन  । ,सारो ड माजाट्नी ।
माथिकाले उनलाई ठाकुर बनाइदिए  । ,ढेमाङोय होसके थाकुर खासा ।
फुटपाथको कपडा पसल । ,फुट्पाथौ कपडा पसल ।
त्यस्तै झरीको मनपरी अर्को समस्या थियो  । ,हुन्च झरीओ मीमनपरी आस्काट समिस लेया ।
भाषाबिना न चिन्तन सम्भव हुन्छ न त ज्ञानको पुस्तान्तरण  । ,भाषा माव्हारा चीन्टन सम्भाव छान्ह्ले न च ग्ञानो पुस्तक टन्डीमण ।
अनि वीरेन्द्र । ,अनी वीडैन्द्र ।
दुईवटी केटी उसको छेउमा उभिए । ,न्हीसवटी माझा होच्यो छेवाङ टोङ्म टोङ्च ।
उसको करङ भित्र पसेको थियो । ,होच्यो करङ भीट्री पैडीस्च लेया ।
दर्शक जमात भीडमभीड छ  । ,दर्शक जमात भिड भीमभ्रड ले ।
दिदीले मानिनन् । ,डैय मामन्डीया ।
उनी तिहार सकेर मात्र फर्किइन्् । ,होसे तिहार डूमार मात्रै ल्हेसा ।
"एउटा , विदेशीको कब्जामा रहेको भूमिलाई मुक्त गर्नु  । ","काट , विदेशीओ कब्जाआङ लेच भूमीके मुक्तके जाट्के ।"
पहेंलो घाम महाभारत पर्वतमाथिको आकाशबाट ओरालो झर्दै गर्दा म गाउँ उक्लिँदै थिएँ  । ,पहेंलो नामखन महाभारत व्होराढेमाङो आशेईङ ओरालो झर्मन लेया ।
"तर , मारीले उसलाई हेर्दा के देखी ? ","टर , माटरीय होसके ङोस्नाङ ही डाङा ?"
पुतली दिदी असमायिक मुर्झाएको बिहान घाम लागेन । ,पुली डै असमाय मुर्झाक्च गोराक नामखन मालैडीसा ।
सानो छँदा  । ,ङा मार्ह्नाङ ले ।
यो सत्ताधारी कन्यूनिष्टको चुनावी सभा हो  । ,इसे सट्टा डाधारी क्यूनिष्टो चुवी सभाषा आले ।
गाईका लागि गोठ नै घर हो । ,हेटो लागी बरसाल न इम आले ।
वीरेन्द्र बाजिगरको गीतमा जिब्रो फट्काथ्र्यो । ,विन्द्र बाजी बाजीओ ल्हीङो ल्हीङ जीब्रो फ्याँहोला ।
सबैथोक सामान्य छ । ,जम्मैथोक सामान्य ले ।
ताओ चिङको उत्ताल आवेगयुक्त यो स्वरको अन्तरधारमा मलाई उपन्यासकार याङका यी उदात्त वचनहरू ध्वनित भएझैँ लाग्छ । ,तारो चीलीङ उट्टाल आवेगयुक्त इसे स्वरो अन्तर ढाराङ ङाके उपन्यास ख्योहोम इटन लैडीस्ले ।
लेख्ने विषयको चार किल्ला आफैँँ बाँधेर उनले भने । ,रीक्च विषयौ बूली की होयोका बाँढीस्म होचे डेया ।
विज्ञापनमा मौलिकता के हो त  ? ,विज्ञापनाङ मौलिक ही आले च ?
मेरो मन बेस्वादले उम्लेर आयो  । ,ङौ मीमन आर्वादे होस होम्म राहा ।
उनीहरुको स्तनको नाप लिन्थे त्यसअनुसार कर असुल्थे । ,होसकुङ स्टनो नापन लाथे होस अनुहुँओला ।
बाँकीचाहिँ ढोका र भर्याङभरि उभिएर बसे  । ,बाँकी बाङ्गा गला अनी भर्याङभरि टोङ्च ङुच ।
मेरो सासबाट पनि बाफ उड्यो  । ,ङौ सासीङ ड बाफ भुरा ।
मैले उसको अनुहारमा दृष्टिपात गरेँ  । ,ङै होच्यो मीटाहाङ दृष्टिपार्लाक ङाजाटाङ ।
यस खालको जीवन जति मोजमस्तीको देखिन्छ त्यति मोजमस्तीको हुँदैन  । ,छेल्हेसो जीवन जटी मोजमस्तीओ डाङार डेले होटार मोजमस्तीओ माछान्ह्ले ।
"अचानक , एउटा खरायो फुत्त उफ्रियो झाडीबाट  । ","अचन , काट खरायो फुट्ट फोर्जोहोजोहा झाटीङ ।"
"दुई , जीवनलाई आवश्यक भौतिक र बौद्धिक सामग्री  । ","न्हीस , जीवनके आवश्यक भटीक अनी बौद्धिक सामग्री ।"
उनका प्रायः सबै रचना पाकिस्तानभन्दा उत्तर भारतको विशाल पाठक समुदायमा प्रिय छन्् । ,होच्यो प्रायः जम्मै अनी प्रायक्तानडेनाङ उट्टर भूतओ विशाल डीन्ठुआङ प्रियुक्नाङ प्रियुन्म ले ।
मैले आमाको निद्रालाई बिथोल्न चाहिनँ  । ,ङै मोइओ मीमीकके बिर्थोक्के चैडीसा ।
म पनि के भाको अर्काको स्वास्नीलाई बित्थैमा आँखा लगाको । ,ङा ड ही भाओ अर्थौ स्वास्नीके बीट्ठाङ मीमीक लैडीया ।
"भैँसीलाई कुँडो , घरका सदस्यहरूलाई नास्तापानी , खानापानी गर्दावर्दा आगोको कारोबार लगभग दिनभरि नै हुन्थ्यो  । ","भैँसीके कुँडो , इमो सदस्यके नामास , छोपानी , छोपानी जाट्नाङ राहानाङ कारठागोराबारो काभो याक न ङुआ ।"
तर गाली गर्ने शब्दको रूपमा बाहेक उसले ती शब्दहरू कहिल्यै सुनेकी थिइन्  । ,टर गाली जाट्के शब्दओ रूपाङ बाहेक होच्य होस शब्दको सेनर सेके लेया ।
नाटककार बालकृष्ण समले नवरस अभिनय गरेर देखाए  । ,न एकककार बालकृष्ण समे मासवर अडेनाङ जाट्म टनाका ।
ऊ रिसाहा ढंगले हाँसी  । ,होस मीरीस ढंगय रेट्म ।
समग्रमा दिदी स्याकडीमा उनीएको सुकुटीजस्तो देखिन्थी । ,साटाग्राङ डै साँडीआङ होसे मीकुजलख डाङा ।
यस दृष्टिबाट गम्ने हो भने मानव जातिको इतिहास आफ्नै बौद्धिक सम्पदालाई नष्ट गर्दै तर नयाँ बौद्धिक सम्पदा खोज्दै भौँतारिएको इतिहास हो  । ,इस दृष्टिईङ गर्मी आले डेनाङ मावन जाहानो इटारो मेल्लौ बन्ढिक सम्बोकके पामनले ।
जीवनमा पहिलोपल्ट मैले तपाईँको छोराको साइकल चढेको हुँ सर  । ,बाङ्नाङ पहीलोपल्ट ङै नाकुङ लेन्जामीजौ साइक बढीस्च आले सर ।
बडो भावुक हुँदै ती भन्थे । ,बज्या भावुक छान्ह्मन होस डेओला ।
निश्चित मानव समाजको सभ्यता वा रैथानीयता कसरी निर्माण हुन्छ  ? ,निश्चित मानवजो सभाव्य वाता अनी नथाय कुटरी निर्मा छान्ह्ले ?
त्यो छापामारको छोरोलाई यहाँ लिएर आइज भनौं हजुर  ? ,होस छाप्डीयाङो लेन्जामीजाके इलाङ लाम राहाउङ डेइङ ज्या ?
अर्को हँसोको फोहोरा छुट्यो  । ,आस्काट हँसो फोहोरा छुट्डीसा ।
हाम्रो खुसीको पारो ह्वात्तै बढेर गयो । ,कानुङ खुसीओ पार्लाक ह्वाट्टै बढीस्म नुहुँआ ।
बुबाले यसो भनिरहुन्जेल मैले सिन्की धूप भाँचेर रातो अक्षताले तीनपटक बुबालाई छुँदै पत्रिकामा राखिसकेकी थिएँ  । ,बोइय इटको डेयार डेप्याक ङै पाहाच धूप भाँच्डीम ग्याच अक्षपटक सोम बोइके छुमन ङालेयाङ ।
लिल्लाले मलाई उनका लुगा लाए हुन्छ भनेकी थिइन् । ,एक्लीय ङाके होच्यो आर्चीक्म छान्ह्ले डेनाङकी लेया ।
जानसेन ठूलो मेचको आरामदायी गद्दामा जिउलाई सहज पार्दै बस्यो  । ,जुनके बड्को मेरामडायी नुहुँनाङ खेर्मार जीम्ह्च सहज डीन्ह्म ङुआ ।
स्कुल जानु भनेको सजाय भोग्नु होइन  । ,स्कुल नुहुँके डेच सजाय छान्हा ।
"बाइस्कोप हेर्ने समय छ , होइन ? ","बारीओप ङोस्के समय ले , माहाले ?"
धेरै निकट भइसकेका थिए भूपि दाइ हामीसँग  । ,ढेर निकट छान्ह्मभ्याच लेया छान्ह्मन लेया कानकठा ।
बुख्याँचाको आकृति मनमा आउनासाथ पेटैदेखि हाँसो उठ्यो  । ,बुढौ मीटुकृति मीमनाङ राहान मीटुक रेट्च मीटुक रेटा ।
"मैयाँ फुपुले फोनबाट चिन्ता व्यक्त गर्नुभयो , वीरगञ्जमा ज्वाइँलाई । ","नयाँ फुलेकोय फोनटीङ चीन्डीच व्यक्त जाट्के , वीरगाङ ज्वाइके ।"
त्यसो नगर्नुस् है ल  । ,होटै माजाट्नी है ल ।
खोकीको मात्रा बढेको थियो । ,पार्लाको मीस्के बढीस्च लेया ।
मैले तँलाई के भनेकी थिएँ ? ,ङै च ही डेनाङ नाकोके ङालेयाङ ?
बौद्धिक सामग्रीमध्ये एक हो– संगीत  । ,बौद्धिक सामग्रीमढ्ये काट संगीन ।
"तर , मेरो त पासपोर्ट बन्दैन । ","टर , ङौ च पासपोर्ले ।"
म पछि फर्किनासाथ ऊ करायो । ,ङा न्हुनीङ ल्हेसा होस च्याका ।
मैले छोटो रुट रोजेँ  । ,ङै टुन्ह्च राप्च ङाजाटाङ ।
म बाहिर  । ,ङा बैरीङ ।
म भोली पल्ट बिहानै त्यही पार्टीको कार्यालय पुगेँ । ,ङा पीहीन पल्ट गोराकन होस पार्टीओ कार्यालय टाहा ।
उनी पार्टी चिन्तनको आलोकद्वारा प्रेरित भई संघर्षका अनेक मोर्चाहरूमा डटिन्  । ,होसे पार्टी चीन्टनो आलोकद्वारा प्रेट छान्ह्मभ्याच अंक होयोच अने मोर्जोआङ डिटना ।
एकखेप बाख्राको पाठोजस्तो बुरुक्क उफ्रिएँ  । ,काटपखे र्हाओ पाठी कुङ्च बुरुक्क फोर्जोहोजोआ ।
उसलाई रेलको डिब्बामा पुर्याएर भन्यो । ,होसके टालओ डिब्बाआङ पुर्याक्म डेया ।
विवाद बढेपछि नान्गेलीले कर तिर्नुको बदला हँसियाले आफ्नो स्तन आफैँं काटेर ठूलो पातमा राखी कर्मचारीलाई दिइन् । ,वीहाद बढेप्याक मानुहुँलीय करर्को बडला हँसियाय मेनो स्टै जीम्म डाम याहा ।
दुवै केटीका चौडा सपाट गाला र निधारले उनीहरू डच पुर्खाका सन्तान हुन् भन्ने झल्काउँथे  । ,न्हीस न माझाकुङ चौडा सपाट्म मीगाला अनी निधार होसको ड आर्जुम टाहाम साट्ला डेम झोन छान्ह्ला ।
"टोलीमा एक जापानी , तीन भारतीय र सात जना चिनियाँँ पर्यटक पनि थपिए  । ","टुलीआङ काट जापानी , सोम भातीले अनी सात जना चीन्डीम पार्लाक ड ठुक्का ।"
एकचोटिलाई कोठा सुनसान भयो  । ,काटचोटिके कोठा नसान छान्हा ।
"त्यो अंग्रेजको फलाम , तामा , सुती र चुरोट बेच्ने रणनीतिको सेवा थियो  । ","होस अंग्रेजौ फलाम , तामा , मीस्च अनी चुरोट अनी चुरोटौ सेके लेया ।"
संघर्षको विभिन्न ढोकाहरु ढकढक्याउने प्रयत्न गर्न बिर्सिएर त्यो अपरिचित अन्जान मान्छे कहाँ गयो होला ? ,संघीओ विभिन्न ढोकाको ढेरैक्याके प्रयत्न जाट्के बिर्सियन जाट्के होस अरिचितपोन कुलाक नुहुँआ ?
स्वादसँग सर्को तान्छ र धुँवा आकाशतिरै उडाउँछ । ,माझाकठा सर्को ट कान्छा र ढुँडीस्म नामलाक न भुट्ले ।
"अँ , एउटा उदेकलाग्दो तथ्य , भवानी भिक्षुले लय हालेर कविता पाठ गर्दा नयाँ पुस्ताका केही कवि मरीमरी हाँसे  । ","अँ , काट उदेकग्डीस्च चथ्याङ्के , भीक्षुय लय याहाम कविता डीन्ह्नाङ नयाँन सीया ।"
म र कार्ल चिसो सिरेटोले जम्दै गएका थियौँ । ,ङा अनी मीसील क्योक्च सिरेट जम्डीम गम्डीम लेया ।
त्यसपछि पुतली दिदी र मेरो भेट भएन । ,होटीङ पुन डै अनी ङौ डुपा ।
मैले कुकुरहरूलाई हेरेँ । ,ङै चीऊकोके ङोसा ।
"लौ जा , कस्तो किस्मत  ! ","लौ जा , कुङ्च कीइट !"
अहिले गाउँलेहरू तामाङ भाषाको पुरानै नाममा फर्किएछन्् । ,इनाङ लाङ्घालीको तामाङ भाषाओ पुरान म्यारमीनाङ ल्हेसा ।
तिनीहरू गाईवस्तु नै जारीको रूपमा दिन्थे  । ,होसको हेटवस्तु न जारीओ रूपाङ याहाओला ।
काठमाण्डु ! तिमीसँग मित्रता गाँसेको पनि आज १० वर्ष पुगिसकेछ । ,काठाङडु ! नाङकठा खाटार नुहुँनीओ ड छीनीङो ड छीनीङ ऐट टाहालेसा ।
"जन्म– १९१४ अगस्त २५ , मृत्यु– १९९५ डिसेम्बर ११  । ","फुन्ह्डीस्च १ काट्स्ट अगस्ट २२ , मृत्युच १ २ पनि५ टाम्बर १ ।"
तल घुमाउने दहमा राजाको टाउको घुमिरहेको देखेपछि त्यहीँ हाम फालिन्  । ,म्हाकाङ घुमाङ डहाङ राजाओ मीटालु होयोम डाङ्मन डाङा होसे हँडीया ।
फिल्महरू हेर्नुभन्दा त गर्नुपर्ने असल कुरा त अरू नै पो छन्् । ,फिल्मो ङोस्केडेनाङ च जाट्के परीस्के असल कुरा टुरूर न पो ले ।
खुब पढियो र यसको औधी चर्चा भयो  । ,खुब पढीसा अनी इच्यो ढेर बर्चालो छान्हा ।
"चार , हिन्दी गीत  । ","बूली , हीन्दी ल्हीङ ।"
फरक यत्ति थियो ऊ हिरासत कक्षको बारभित्र थियो  । ,सरक इडीक लेया होसे व्हारम कक्षा बारो बारभीट्री लेया ।
"तिमीलाई थाहा छैन , त्यो समयभरि म कति चिन्तामा हुन्छु । ","नाङके ठाहा माले , होस समयभरी ङा कुडीक चीन्टाङ छान्ह्लेुङ् ।"
"तेमालका अन्तिम राजा ह्रिन्जेनदोर्जेका दुई रानी थिए , धामोरानी र रूपरानी  । ","तेमालका अन्तिम राजा ह्रिजेनदोर्जे न्हीस राह्च लेया , धारानी अनी धरानी ।"
सन् १९५८ मा प्रकाशित ‘द सङ अफ युथ’ याङ मोको चर्चित उपन्यास हो  । ,फुन् १ २०५ प्रकाशितार सदुङ अफुओ इसे मीझारमाओ चर्च उपन्यास आले ।
ल यो तार मिलाऊ  । ,ल इसे टार खाटा ।
दिदी र म सातो हराएको बच्चाजस्ता भयौँ  । ,डै र ङा साटो म्हाक्च मीजााजुस्ता छान्हा ।
त्यसपछि मलाई लाग्यो जुन सपना देखेर मेरा बा जनयुद्धमा होमिनुभएको थियो । ,होटीङ ङाके लैडीसा जुन सपना डाङार ङौ जनयुद्धाङ आलेको ।
घरमा अलच्छिन् नलागोस् भनेर हामी आमाको कुरा सम्झिन्थ्यौँ  । ,इमाङ अलच्छीच नाङ्के डेम कान मोइओ कुरा आर्मीट्मनङुओला ।
"तर , राम्रा मान्छे मनका ठूला हुन्छन््् । ","टर , सेच भर्मीओ झ्याक्लाङ छान्ह्ले ।"
ढोका र पालीको चरबाट पसेको उज्यालोले भाँडाकुँडा र ओछ्यान टलक्क देखिने गरी खकालिसकेको थियो  । ,गलाम अनी पालीओ चैरीङ पैडीस्च ट्याङ्चय भाँडा कुँडा अनी ओछ्यानक्क डाङ्मभ्याच लेया ।
प्रतिरोधस्वरूप तिमीलगायत प्रगतिशील समकालीन साहित्यकारहरू उनीसँग चिढिए  । ,प्रस्रोधस्रोपूत नाकोइत प्रगत प्रगिल समेलीका साहित्यकोकठा चीन्डीया ।
हुन पनि स्यान्ड पेपर । ,आल्के ड स्याड चेसार ।
नेपालको व्यवस्था र राज्य त रैथानीयतामाथि तेजाब खन्याउँदै छ  । ,नेपालओ व्यवस्था अनी राज्य टैथानीले टेताढेमाङ तेजाबन ले ।
अरू सबै पछि लागे  । ,अरु जम्मै न्हुनीङ लैडीस् प्याक ।
तीन बजे कार्लले मलाई उठाए । ,सोम बजे कार्लय ङाके सोट्के ।
त्यसैले सन् २०१७ देखि १० कक्षाको परीक्षापत्रबाट स्तन–करको प्रश्न सोध्न नपाइन्े गरिएको छ । ,होटै सन्नाङ २०५ व्होरा ऋक्षो पर्डीच कक्षीङ स्टपन माबीर्हीन्के माडीन्म ले ।
उ हेर्दा हेर्दै म जस्तै देखिन थाल्यो । ,होस ङोस्नाङ ङोस्नाङ ङा लख माडाङा ।
एक्लै के जानु तर साथी लिएर जाने कुरा पनि त भएन नि । ,एक्लै ही नुहुँके टर लाफा लाम नुहुँके कुरा ड माछान्हा नी ।
निरपेक्ष भावमा आफ्ना दुवै हात एकआपसमा रगडिरह्यो  । ,निरपेक्ष भावाङ मेल्लौ न्हीसान्च मीहुटाङ काट आस अनी गगडीया ।
उनी आफैँँले स्विकारेका थिए । ,होस मेल्लै स्विकारे स्विकारे लेया ।
खोइ के समस्या प¥यो । ,खोइ ही सम्या पैडीसा ।
बुबालाई यस्तो डिसअर्डर भएपछि म बुबासँगै सुत्ने गर्छु  । ,बोइके इन्च डिसअर्ड छान्प्याक ङा बोइकठान मीस्के जाटलाङ ।
"तर , ऊ बुख्याँचा नभएर बुख्याँची हो । ","टर , होसे बुख्याँ माडेम बुम ङाहाकाङ ।"
"शाही सीडीओ , ऋषि देवकोटा ‘आजाद’का जीवन हरणकर्ता  । ","श्डीस्च सीच , ऋि देवताओ देउता माराहाच जीवन हरण हरकर्टा ।"
दिदीले विश्वास प्रकट गरी  । ,डैय विश्वास प्रकट जाटा ।
उनले सम्पूर्ण शरीर ढाकेकी थिइन्् । ,होच्य सम्पूर्ण ज्यान हुर्के लेया ।
पक्कै हो उनलाई म बुबासँग सुत्छु भन्ने कुराले नै छोएको छ  । ,पक्कै आले होसके ङा बोइकठा मीस्के नाजीम ले ।
मेरो बडिगार्डले नाम दोहोर्यायो  । ,ङौ बगडीस्चय म्यारमीन डोहोर्डीया ।
‘ला . . .   ! आगो त मरेछ रामे  ! ’,मेला . . . ! म्हेनीङ च मरे रामे !
जिउ बटारबुटुर पार्छ । ,जीट्टार बटुर डीन्ले ।
"दुई नदीको किनार जस्तो , तिमी सधैं ऐश्वर्यको ईन्द्र नगरमा सुनको थालीमा ज्यूनार गर्छौ । ","न्हीस छौ हीके लख , नाङ सधैं ऐनो ईश्वर्यौ नगरमा सुन्द्र माओसले ।"
सन् १९३१ मा जापानले उत्तरपूर्वी चीनका चारवटा प्रान्तलाई अजिङ्गरले झैँ सुलुक्कै निल्यो  । ,सन् १ होसकोइ झाङ मीहीलैन उट्टरपूर्वीओ बूलीवटा प्राजिक्डीस्च अन्तरे झाङन ख्योहोआ ।
सुरुमा त उहाँ केही बोल्न सक्नुभएन  । ,सुरुआङ च होसे न्हीसो हीड ङाक्के माय्होक्ले ।
यतिखेर मलाई सबथोक प्यारो लाग्न थालेको थियो  । ,इटार ङाके जम्मै मीज्यालाक प्यारो लैडीस्के ठाल्म लेया ।
ऊ एउटा यस्तो घरमा बस्दथ्यो जुन आधा फार्म हाउस र आधा कुनै ‘गढी’ जस्तो प्रतीत हुन्थ्यो । ,होसे काट इन्च इमाङ ङुओला जुधान फार्म अनी आढा अनी आढान खेर्नाङ लख माडास्च लख छान्ह्ला ।
"यो तपाईँलाई कन्ट्रोल होइन , हाम्रो माया र भक्ति हो  । ","इसे नाकोके कन्त्रो माहाले , कानुङ माया अनी भक्ति आले ।"
लखेट्ने जीव थिए श्री रामकृष्ण पन्त  । ,लखट्ने जीवनो लेया लेन्जा रामृष्ण पन्त ।
स्कुल होस्टेल अघि एक्लै उभिँदा यस्तै विचार आउँदोरहेछ  । ,स्कुल आलेस्तेल म्हेनीङ एक्लै टोङ्नाङ इन्चन विचार राहालेसा ।
हारजितभन्दा पनि हाम्रो आवाजले बाहिर सुतेका बा नब्युँझिउन् भन्ने थियो  । ,ह्याजितडेनाङ ड कानुङ आवाज बहीरीङ मीसो बहीरीङ माव्हारा डेम लेया ।
बाजेलाई केही भएको त छैन  ? ,बाजीके हीड लेच च माले ?
उपन्यासकार याङ मो को हुन् र के हुन् ? ,उयन्यासकार इचँही आले र ही आले ?
"तर , यसपटक आधुनिक उर्दू कविताका सम्भवतः सबैभन्दा प्रभावशाली हस्ताक्षर , दिवंगत पाकिस्तानी कवि र चिन्तक फैज अहमद फैजद्वारा आजभन्दा ४१ वर्ष पहिले रचित ‘हम देखेँगे’ नामक कविताले भारतीय उपमहाद्वीपभरि नै चर्चा–परिचर्चाको जुन उफान ल्याएको छ , त्यसलाई अभूतपूर्व मान्नुपर्छ  । ","टर , इसपटक आधुनिक उर्दूलो सम्भावः जम्मैडेनाङ प्रवस्तावर खेरेपन याहाच कविता नामबीक अनी अंकाट्म चीज आले ।"
जिद्दीको भाकामा उनले मलाई भने । ,हीद्दीओ भाकााङ होच्य ङाके डेया ।
समकालीनबीच त कुरै नगरौं । ,यामौलीबीच च कुरै माजाटीङ ।
समयको । ,यामओ ।
अनि उसले आफ्ना खुट्टाका नयाँ अग्ला कुर्कुच्चे जुत्ता हेरी र त्यो मानिसबाट मनमनै पन्छिई  । ,अनी होच्य मेल्लौ खुट्टाका नयाँ अग्ला कुर्कुच्चे जुत्री अनी होस भर्मीलाकीङ मीमन परीस्लाङ ।
तर सरोजलाई बुख्याँचाप्रति इष्र्या लागेर आउँछ । ,टर सरोजके बोख्याँचाप्रति इटार लैडीस्म राहाले ।
"नाइँ , हाम्लाई डर लाग्छ  । ","भया , हाम्के बीरीस लैडीस्ले ।"
त्यसको सासु जण्डी छ रे । ,होच्यो सासु जण्डी ले ता ।
कहिले खितखिताएर हाँस्थिन् । ,सेन खीटा रेट्म रेटोला ।
ए है मेरै कोठेबारीमा पनि एउटा बुख्याँचा छ नि । ,ए है ङाल्लौ कोठेआङ ड काट बोख्याम ले नी ।
हो बाजे  । ,बाजी बाजी ।
तर मैले सोध्न सक्ने सम्भावित प्रश्नको अनुमान गरेर ऊ तनावग्रस्त बनिरहेको थियो  । ,टर ङै गीन्के य्होक्च सम्भावीत प्रश्न अनुशामान जाट्म होस टूनाग्रच लेया ।
घरभित्रको कुरा भनेर लुकाउन खोजे पीडकले प्रोत्साहन पाउने गर्छ  । ,इमभीट्रीो कुरा डेम आर्चीकाके पाचेकय प्रल्सान डीन्ह्के जाट्ले ।
गाउँको सिरानबाट साइकल पूर्वतिर घुमाएँ  । ,लाङ्घौ सिराइङ साइल पूर्वलाक घुमा ।
उज्यालो भइसकेको थियो । ,ट्याङ्च छान्ह्मभ्याम लेया ।
लाहौरको अल हम्जा रंगशालामा कवि फैज अहमद फैजको जन्मजयन्ती मनाउन आयोजित एक कार्यक्रममा सुविख्यात पाकिस्तानी गजल गायिका इकबाल बानोले सैनिक तानाशाह जिया–उल–हकले फैजका कविताहरूमाथि लगाएको प्रतिबन्धलाई दृढतापूर्वक तोड्दै सुफियाना शैलीमा लेखिएको यो क्रान्तिकारी गीति–कविता गाएकी थिइन्  । ,लोसीङो अलम्जा अनी संगडीस्च कवि फैजलबाय लामो जन्मनाओ जन्टी आर्चीक्च राहाके डोजिताय डोन्म बीचाङ मीसक्मन लेया ।
फेरि उसको पाखुरोमा आफ्नो पाखुरो रगेड्न थाल्दै उसले भनी  । ,फेरी होच्यो पार्लाक मीमा मेनो पारो अनी म्हेभाङ्के ठाल्मन होच्य डेया ।
गर्नेका निम्ति यो संसारमा कहीँ न कहीँ ठाउँ हुन्छ  । ,जाट्के मीघाटुम्टी इसे संसाराङ हीड न कुलाङर ठाउँ ।
यो पातपतिङ्गरको सर्सराहटबाट उत्पन्न हुन्छ वा नीरव रातमा आउने आवाजबाट । ,इसे पार्लाकपटीङ सर्सराहरीङ उत्पन्न छान्ह्ले निरवर नाबीकआङ राहाके आवाजीङ ।
ओभानो लुगा खोजेर ओछ्यान लाए  । ,आफ्नो बन्डी पार्डीम ओछ्यान लाका ।
सहर भव्य र सभ्य थियो  । ,सहर भव्यवस अनी सभ्य लेया ।
मेरा बाको बलिदानले सुकिला बनेका कामरेडहरूले हामीलाई प्रतिगमनकारी देख्न थाले  । ,ङौ बालीओ बलिडै सेहेम बने कामरेडोय कानके प्रगिट डाङ्के ठाला ।
भोलिपल्ट बिहान घर छाड्नुअघि कान्छी बहिनीले ‘तेमाल कोर्वा’ को गाइडबुक थमाइदिइन्  । ,पीहीनपल्ट गोराक इम डास्के पार्लाक कान्छी नानीय छाट्चाङ सुर्वाइडीच कोठा केसा ।
म हत्केला भरी स्वाभिमान बोकेर तिमी हिड्ने बाटोहरुमा नुनिलो आँशु बगाउँथे । ,ङा हत्नुहुँला भरी स्वाभिमान बुम नाङ व्हाके लामकोआङ गएको आँशु बगडीसोला ।
जसको सरसराहटले आवाज निकाल्दै थियो । ,होच्यो सरसराह्रे आवाज छ्युक्मन लेया ।
त्यसलाई चुरोटजस्तो सल्काएर तान्न सक्नुपर्छ  । ,होसके चुरोट हुन्च सल्लाडीम टन्डीके य्होक्ले ।
आफ्नै निम्ति मात्र हो भने त जन्मिएको अर्थ नै के रह्यो र  ? ,मेल्ल्हो नीम्टी मात्रै आले डेनाङ च फुट्च अर्थ न ही अनीह्यो ?
वर्षौंअघि मैले छोडी हिँडेको घर यही हुनुपर्छ  । ,ल्हेसीङ म्हेनीङ ङै डास्च व्हाच इम इसे छान्ह्के पर्ले ।
जानसेनले भन्यो । ,मनने डेया ।
‘छापामारको छोरो सर  । ’,होसे मीछाटीओ लेन्जामीजा सररो आले ।
नलेखी नहुने  । ,होच्य माछीच ।
मार्ने राजकीय हक हुनेले मार्छु भन्नुको तात्पर्य मार्नु हो  । ,साट्के राजजाय हार्डीस्ले डेनाङ साट्लाङो टाट्प्य सानो आले ।
म भन्दा पाँच वर्ष जेठी । ,ङा डेनाङ बाङ्गा ल्हेस हीठी ।
"यसले रुख बिरुवालाई , कीरा फट्याङरालाई निर्जीव तुल्याइदिन्छ । ","इचे रुख बीरुवाके , किरा फट्याङके डोर्जी टर्जीयाहालाङ ।"
"त्यसपछिको काम भनेको ढिँडो ओडाल्नु , खानु , अगुल्ठो राम्ररी गाड्नु , स्कुल जानु हुन्थ्यो  । ","होटीङो काम डेच ढिँडो ओडा ङीहोके , अगुल्ठा सेकेपरीस्के , स्कुल नुङोलाको ।"
बाँकी हरिबिर्सना  । ,बाँकी हरिबिर्सना ।
"त्यही औजार नष्ट वा बेकाम हुन पुग्नु सम्पदाको कति ठूलो संहार होला , आकलन गर्न कठिनाइ पर्दैन  । ","होसे उजार माष्ट वाच बेकाम छान्ह्के पाके सम्परेओ कुडीक करङ्च संसार ओला , आकलन जाट्के कठि मापरीस्ले ।"
ठूलो सहर जाने बाटो,बड्को सहर नुहुँके लाम
दुवै जना प्रेममा परे  । ,न्हीस न जना प्रेमआङ परीस ।
"आठौं शताब्दीमा गुरु पद्मसम्भवले तपस्या गरेको यो गुफामा भुटान , चीन र भारतको लद्दाख तथा हिमाञ्चल प्रदेशका धार्मिक पर्यटक ओइरिँदा रहेछन्् । ","आठौ शब्टादीआङ गुरुङ्मभ्यासम्भे टप्या जाट्च इसे गुस जाट्च इसे गुण्टान , चिर्खारो व्ञ्च व्हा ।"
हामीले देख्नै पाएनौँ  । ,काने डाङ्के डीन्हा ।
"‘ब्रान्डी’ , पाको उमेरकी केटीले हत्तपत्त भनी  । ","होसब्रडीस्च , पार्लाक उमेर माझाय हट्टपट्टु भनी ।"
घरमा मैयाँ फुपु पनि पिउनुहुन्थ्यो । ,इमाङ ङाक्के फुटापु ड पीहोला ।
म बुबाको अर्डर मानेर उहाँको पूजाकोठा गएँ  । ,ङा बोइओ अर्थर मन्डीम उलाको पूजाको नुहुँआ ।
उनको आँखामा मैले माया बाहेक अरू केही देखिनँ  । ,होच्यो मीमीकाङ ङै मायाहेक अरु हीड माडाङा ।
अतिशय उदास र हतास आमा हाम्फालेर आत्महत्या गर्न विवश भइन् । ,खयाक्नाङ उदा अनी हटास मोइ हाम्फा छान्ह्म आत्मन गहट जाट्के विशा ।
एक जना योद्धा ढल्यो । ,काट जना इसेद्धा फुटा ।
तल बसपार्कतिर । ,म्हाकाङ बसपार्कलाक ।
कसैले भैंसीसँग आइमाई साट्या छन् कसैले गोरुसँग आइमाई साट्या छन्  । ,सुय भैंसीकठा राहा दमाई साट ले सुयर बरुकठा राहालेसा ।
"जब यो डुङ्गा चुपचाप स्थीर पानीमा चिप्लिन्थ्यो , त्यसबखत बग्दै गरेका माछाहरू कुनातिर लुक्थे । ","जब इसे डुङ्गा चुपचाप स्थिर डीमा चीन्डीओला , होसबख्डीस्मन जाट्च डीस्याको कुनालाक आर्चीक्ला ।"
आफ्नो सैद्धान्तिक र नैतिक अडानका कारण फैजले आफ्नो जीवनको लामो समय निर्वासनमा बिताउनुपरेको थियो  । ,मेनो सैद्धान्तिक अनी नाटीक अनमौ कारण फैजनो मेनो जीवनो समय निर्टानाङ मीर्सर बीर्टाक्के लेया ।
बा आएन भने माझी कान्छाको घर जाम्ला  । ,बाहा डेनाङ माझी कान्छाओ इम नुङ्ला ।
उसैलाई हेर्दै हुर्केको थिएँ म  । ,होसके ङोस्मन होर्मन लेया ङा ।
टाढाबाट हेर्दा ठ्याक्कै सुमती जस्तै देखिन्छे । ,लोसाङ ङोस्नाङ ठ्याक्कै सुमती लख डाङा ।
यसको अर्थ हो– ‘युवाहरूको गीत’बाट आर्जित ख्याति र यसको बिक्रीले याङ मोलाई जीवनभरि प्राण धान्न सघायो  । ,इच्यो अर्थ आले फ्याक्कै जीवनको ल्हीङ मेनीङ बेच्टी अनी इट्याक्तिओ इटरीय इसके मोल्म अनडीया ।
उनीहरूले लक्षित समूहलाई मध्यनजर गरी विज्ञापन निर्माण गरे  । ,होसकोइ लक्षिट समूहके मढ्यर जाट्म विज्ञापन नीर्मा जाटा ।
म पूरै अवाक भएँ  । ,ङा पूजा अंकवा छान्हा ।
साँझ अबेरसम्म आमा कौसीमा मौन बसिरहनुभयो  । ,नामारलाक अबेरसम्म मोइ कौसीआङ मकै ङुमनङुआको ।
एक दिन राजा ह्रिन्जेनदोर्जे यही बाटो भएर ल्हासा जाँदै थिए । ,का याक राजा रेन्जेलखनोर्जे इसे लाम छान्हार ल्हाह्मन लेया ।
कागजको टुक्राहरुमा मेरा आफ्नै समस्याका अनगिन्ती प्रश्नहरु देख्न थालेँ । ,कागजो टुक्राकोआङ मेल्लौन सम्यायो अनगिन्टी प्रश्न ठाला ।
"एक साँझ घरको कौसीमा उत्तरतिरको हरियो पहाडसँगै विपश्यना धर्मश्रृंग विहारको तेज अनि भर्खरै बनेको जाम्छेन स्तूपाको चमकसित टोलाउँदै थिएँ , हतार–हतार बुबा माथि आउनुभयो  । ",काट भोङ्ग इमो कौसीआङ उट्टरलाको हरियो पहाडकठा वीपहानको धर्म ढुशंग्रे ढेमाङो वीह्च ङालेयाङ ।
उसको घरमै गएर हेरौँ कि केही माग्ने निहुँ पारेर । ,होच्यो इमाङन नुहुँआर ङोसो की हीड ङीहीके ख्योहोम ।
देशमा संघीय लोकतान्त्रिक गणतान्त्रिक व्यवस्था लागू भयो  । ,देशाङ संघीले लोकतान्त्रिक गणतान्त्रिक व्यवस्थाहा छान्हा ।
"म भन्छु , ‘अछाम हो  । ’","ङा डेलाङ , २ौ न्हुन आले ।"
तपाईँको हरथोकलाई मैले छातीमा टाँसेर राखेँ  । ,नाकुङ हरकके ङै मीछाराङ लाहाम डा ।
हिमाललाई सृष्टिकर्ता भनिदिनुभो । ,हीमालके सृष्कर्ता डेमयाहाको ।
एक अर्काको परिपुरक हामी । ,काट अर्कुङ परिपुरक कान ।
आमा घरधन्दा गर्थिन्् र बाको हात बटाउँथिन्  । ,मोइ इमढन्दा जाटोला अनी बोइओ मीहुट बढेमाङ ।
सबै घर होमस्टेमा बदलिएछन्् । ,जम्मै इम आलेमस्ते बलिक्लेसा ।
यत्रो वर्ष पनि त धाएकै हो  । ,इतारको ल्हेस ड च धाकै आले ।
मानौ उनीहरु केही सम्वाद या संकेत गरिरहेका छन्् या मनको कुरा सञ्चार गरिरहेका छन्् । ,मानौ होसको हीड सम्वाद दिन संकेत जाट्मनलेच ले ।
त्यो ठाउँ ब्लोयमफोन्टियनदेखि धेरै टाढा छैन । ,होस ठाउँ ब्लायमफोन्तिय ढेर लोसाङ ढेर लोसाङ माले ।
अब व्यक्तिवादले टाउको उठायो  । ,अब व्यक्तिय मीटालु होयोका ।
भूपि शेरचनको बुख्याँचा,भूपीडीम ज्याचौ बुम
रैथाने केलाई र कहिलेदेखिकोलाई मान्ने  ? ,थोक्च हीके अनी सेनव्हाराके मापा ?
"वीर अस्पतालको आइसियुमा आमा , जीवन मृत्युको दोसाँदमा छट्पटाउँदै हुनुहुन्थ्यो । ","विर अस्पतालओ राहासियुआङ मोइ , जीवन मृत्युओ डोसादाङ छटपटडीस्च लेया ।"
बाले गरेको बलिदानको दुहाई दियौँ  । ,बाली जाट्च बलिनो दुइ याहाम ।
फुर्सद छ भने सुन छैन भने नसुन । ,फुर्सड ले डेनाङ सेके माले डेनाङ मासुन ।
छोरीलाई मेरो नजिक पर्नै दिँदैनन् । ,माझामीजाके ङौ खेरेपकेन याहाले ।
"मुटु र निमोनियाको रैथाने रोगी , त्यसमाथि अहिले दाँतको दुःखाइ छ आमालाई  । ","मीगीन अनी डोल्मोओ र नथाके रोगी , होसढेमाङ इनाङ डाँतओ डुखाः मोइके ।"
आगोको जीवन मरण,म्हेटो जीवन मरण
फेरि मनमा चिन्ता पलायो  । ,फेरी मीमनाङ चीन्टला पैडीसा ।
यसपछि पलाँसजी सुरुको अवस्थाभन्दा केही गजक्क देखिए  । ,छेल्हेस पहिलाजी शुरुओ अवस्थाडेनाङ हीड गजक्क डाङा ।
"गाउँमा छिटपुट दोकान त थिए , साहुहरूको  । ","लाङ्घाङ छीटपुट दोन च लेया , साहुओ ।"
प्रहरीलाई आदेश दिएँ  । ,प्रहरीके आदेश ङायाहाङ ।
दुईवटा बियरको बोतल । ,न्हीसवटा बीरो बुम ।
दसवर्षे माओवादी सशस्त्र द्वन्द्वको समाप्तिपश्चात् देशमा शान्ति बहाल भयो  । ,चूवर्षे माओवादी सशस्त्र द्वन्द्वो जीम्मबापूर्ा देशाङ सुन्तिहा छान्हा ।
सिकुटे पाखुरा । ,सीकुटे पार्लाक ।
हामीले हुरीलाई आँखाले त देखेनौँ  । ,काने हुरीके मीमीकय माडाङा ।
म चाहन्नँ कि तिमी बिरामी होऊ । ,ङा चाहँ की नाङ छाच आले ।
मनोविज्ञले पोखेका विचार । ,मीमनो विज्ञे पोखेका विचार ।
एकपटक उम्मायामा रानी अतिंगलको दरबारमा एउटी दलित महिला प्रवेश गरिन् । ,काटपटक उम्मायाआङ रानी अतिकंगलो दरबाराङ काट दलित माझा देश जाटा ।
त्यसैले यो हाँस यहाँबाट जाँदैन । ,होटै इसे रेटा इलाङ नुहुँले ।
उनले तपाईँलाई रोक्नेछिन्् । ,होच्य नाकोके रोक्डीया ।
वा बुझेर पनि बेवास्ता गरिरहेका छन्  ? ,जुवा व्हारनाङ ड बेवास्ता जाट्मन ले ?
व्यावसायिक कलामा काम गर्नेहरूले अरूको भावनालाई कदर गर्दै काम गर्नुपर्ने हुन्छ  । ,बाङ्सावीक कलायोआङ काम जाट्के अरूजौ भावनाके कदर जाट्मन छान्ह्ले ।
सोचेँ अनि चिठीलाई खाममा लगाएँ  । ,आर्मीटा अनी कठीके ज्यामाङ लैडीया ।
उनले बताए कि रातिका लागि के के व्यवस्था गरेका छन्् । ,होच्य ठूलो की राप्च लागी ही ही व्यवस्थाओ ले ।
आगो लिन जानुपरे दिदीभाइ नै अँगालो कसेर जान्थ्यौँ  । ,म्हे लाके नुहुँकेपरी डैभया न अँगालो सुयर नुहुँओला ।
पैसाको । ,पैसाओ ।
व्यंग्यको आवाजमा चेतावनीको रङ पनि बोकेको भान हुन्छ  । ,व्यंग्यओ आवाजाङ चेवटाओ रङ ड योट्के छान्ह्ले ।
उनले तत्कालै सैनिक जवानलाई ती महिलाको कम्मरमाथिको लुगा च्यात्न आदेश दिइन् । ,होच्य टट्का सैनीक जवानके होस मम्म कम्मराङो कम्मराङ च्याकाच च्याका ।
बेलायत भारतबाट फर्कियो । ,बेला भटारीङ ल्हेसा ।
"केही जान्दैन , बुझ्दैन यी केट्केटीहरूले  । ","हीड मानुहुँले , व्हारले इसे माझाको ।"
ब्राह्मण महिलाले आफ्नो स्तन छोप्न त पाउँथे तर उनीहरु पनि देवी–देवतासमक्ष प्रस्तुत हुँदा स्तनलाई खुल्लै छाडेर जाने गर्दथे । ,बढाएर माझामीजै मेनो स्टन हुप्के च डीन्ह्नाङ टेत होसको ड देवीस व्होराम प्रक्षुट छान्होस् ।
चीनको इतिहासमा त्यो हुनुसम्म अँध्यारो काल थियो  । ,चीन्डीच इटीहासाङ होस लेयासम्म छुम्च काल लेया ।
मैले तिमीलाई चिनें बाबु  । ,ङै नाङके चीन्डीच बाबु ।
‘प्रहरीको हिरासतमा छ ऊ  ? ’ ,नेहरीओ हिरासाङ ले होस ?
सायद मेरा प्रश्नहरूले उसलाई विचलित बनाएको हुनुपर्छ  । ,सायद ङौ प्रश्नकोइ होसके विचत खास्च आले ।
जानसेनको मनमा त्यो सानी केटीप्रति कति चर्को खुल्दुली पैदा भयो भने ऊ त्यहाँबाट हट्दै हटेन  । ,नुङ्नाङनो मीमनाङ होस मार्ह्च माझाप्रटी कुडीक बर्को कासादुली पैसा छान्हा डेनाङ होस होट्डीमन माट्डीमन हान ।
अचानक एउटा मोडमा मैले हिउँले बनेको छाप्रो देखेँ । ,अचानक काट मोडाङ ङै हीउँलाच बन्डीस्च डाङा ।
"यसमा के त्यस्तो सम्मोहक तत्व छ , जसले गर्दा यो लाल वाम वृत्तमा यति धेरै पढियो  ? ","इलाङ ही हुन्च सम्मैँहक टट्व ले , जसरे जाट्नाङ इसे मीरीस वृट्टाङ्म इटाराङ ढेर पढीसा ?"
फुर्सद मिले होस्टेल आउनुहोला  । ,फुर्सड खाट्च आलेस्टे आलेको ।
उमेरको यो हिसाब किताब तल माथि हुनुको पनि कारण थियो । ,उमेरौ इसे हिसाब किटाब ढेमाङ लेको ड कारण लेया ।
‘यहाँ बोलाऊ  । ’,इलाङ बोलाङ योहोनी ।
यदि यस्तो धृष्टता तल्लो जातिकाले गरेको छ भने ती महिलाको लुगा च्यातेर रुखमा झुण्ड्याइदिन्थे । ,माया इन्च धृष्टता टल्लो जाटीय जाट्च डेच होस माझाकुङ लुगाको आर्चीम रुट्मन झ्याहा ।
उ मेरो अगाडि ठिङ्ग उभिएर बोलीरह्यो । ,होसे ङौ अगाडी ठिङ्ग उभिसार बुरह्यो ।
छापामारको छोरो,मीछाटीओ लेन्जामीजा
मैले पानी चढाइहालेँ  । ,ङै डी चढ्डीया ।
हुस्सु तलतल बसेको थियो । ,आल्के टलटल ङुम लेया ।
दलहरूको मनमुटावका कारण तेमाल संग्रहालय नबन्ने भयो । ,डोल्मोओ मीमनमुटावो कारण टेमाल संग्रहा माकाके छान्हा ।
उनी भन्थे  । ,होसे डेओला ।
तपाईँले अरूलाई कहिल्यै खराब केटी भन्नु हुँदैन  । ,नाकोइ अरूके सेनर खराब ही डेयाको ।
अब भएको यो पाखो जमिन बेचेर भए नि म अरब जान्छु  । ,अब लेच इसे पाखो जमडी आर्लाम लेनाङ नी ङा अरब नुहुँले ।
सट्टामा लिड बत्ती बाल्दै अक्षतामा अबिर हालेर रातो बनाइँदिएँ  । ,सट्टााङ लाड बत्ती बाल्डीम अक्षाङ अबिर हाइ ग्याच खास्म ङायाहाङ ।
फुच्चे छापामारको छोरो बालक भए पनि निडर र निर्भीक थियो  । ,साँच्चे छापरो लेन्जामीजा बालक छान्हा ड निरदर र निर्क लेया ।
यत्ति नै बेला पर थिएटरतिरबाट एक युवती हातमा खादा बोकेर मुस्कुराउँदै आइन्  । ,इडीक न बेला परीस लेयाटलाकीङ काट युवटी मीहुटाङ ज्यानाङ ङाकाम मुस्डीम राहा ।
"अनि भनिदिएँ , पुतली दिदी । ","हतै डेया , पुन डै ।"
पुतली दिदीको लागि छुट्टै व्यवस्था गरियो । ,पुली डैओ लागी छुट्टै व्यवस्था जाटा ।
मानिसले जीवनमा दुई जिनिस उत्पादन गर्छ  । ,भर्मीय जीवनाङ न्हीस जीमार उत्पादन जाट्ले ।
मु पनि मेरा दोस्रा पुरुषले हजार रुपैयाँ हाली किन्यो  । ,बीरीनाङ ड मेराओस्रा पुरुजार रुपनयाँ हार्डीसा ।
जसले पसिना बगाएर मेहनत गर्छ उसैको घरमा पहिला दुईछाक मिठो मसिनो पाक्नुपर्छ । ,जये पसना बगडीस्म मेल्लाहन जाट्ले होच्यो इमाङ पहिला न्हीस न्हुन खाट्म मनो खोज्डीकेपरीसले ।
यसलाई यहाँ घरमा कुनै किसिमको पीरमर्का आइलाग्ने छैन  । ,इसके इलाङ इमाङन कीसिमओ पिरमेरो राहाके माले ।
परबाट एउटी अधबैंसे आइन्– उनी कम्युनिटी सपिङ सेन्टरमा अग्र्यानिक तरकारी बेच्न गइरहेकी रहेछिन्् । ,पार्लाक काट अतिबसेन राहाकेपरीस्च होसे कमलाड सपिङ सुन्तराङ अन्तराङ हार्डीस्म नुहुँआ ।
आज तिनले भाग्यको लगाम काठको गणेशलाई सुम्पिदिएका छन्् । ,छीनीङ होच्य भाग्यओ लैडीस्च काठो गणके सुम्पिडीम ले ।
घरमा सबैले घृणा गर्न थाले । ,इमाङ जम्मै घृणा जाट्के ठाला ।
कालो रङको लङ मिडी र बटरफ्लाइवाला टिसर्ट लगाएकी थिइन्् । ,कालो अनी नुहुँनो मीछाम अनी बटुटरफलाइ टिस लैडीस्च लेया ।
बुबा फेरि हुरहुरिँदै तल जानुभयो  । ,बोइ फेरी होरछीमन टल नुहुँआको ।
त्यसैले बिहानको खानापछि आगो मार्नु अनिवार्य थियो  । ,होटै बखटौ छोप्याक म्हे म्हीके अनी जाहा लेया ।
हात जोर्दै ऊ कुर्सीमा बस्यो  । ,मीहुट जोमन होसे कुर्सीआङ ङुआ ।
पोइला नै जानुथ्यो त एसएलसी सकेर जाँदा हुन्थ्यो । ,पहिले न नुहुँओला च एसएलसी डूमार नुहुँनाङ जाँह्ला ।
अलिकपछि आमालाई डाक्नुभयो आँगनमा  । ,चेकप्याक मोइके डाक्को आर्भा ।
कार्लले मलाई भने । ,सर्कालय ङाके डेया ।
"तिमीलाई कस्तो लाग्यो , अपराजिता  ? ","नाङके कुङ्च लैडीसा , अपराजिता ?"
त्यसपछि जारीको मूल्य २०२० सालमा हजार रुपैयाँ भयो  । ,होटीङ जारीओ मूल्य २०५ सालाङ व्जम रुपयाँ छान्हा ।
"तिमी छिटो सिक्ने खालकी रहिछ्यौ , यो कुरा मैले बुझेँ  । ","नाङ झोको सीके खालकी अनी बहीले , इसे कुरा ङै व्हा ।"
साठी–सत्तरीको दशकमा यो उपन्यास लटालट बिक्यो । ,ठीचाङ पट्टरीओ दशैंआङ इसे उपन्यास लटल बिकडीसा ।
यो देखेर कार्ल चिन्तित भयो । ,इसे डाङार काल चीन्टी छान्हा ।
मेरा बा रक्तबीज मिहिनेती र इमानदार कार्यकर्ता थिए  । ,ङौ बाक्त अनी चल्टी खेरेप अनी इमानदार कार्यकर्टा लेया ।
‘हेर्ने ढंग थाहा भए तैँले सजिलै त्यो ठाउँ ठम्याउन सक्नेछेस् । ,ङोस्के ढंग ठाहा डेनाङ चैँय सजीन होस ठाउँ ठम्याक्के माय्होक्ले ।
बुबाको हात त्यही सुलभतासाथ बिस्तारै सगबगिन्छ झोलातर्फ  । ,बोइओ मीहुट होसेन सुलडेनाङ बीस्टारै सगबगि झोला झोला लोहोले ।
त्यसले सानै उमेरमा आपूmखुसी बिहे गरी । ,होचे मार्ह्चन उमेराङ आपू छान्ह्मन बीहा जाटा ।
"तर , संस्कृतिमा रैथानीयता राजनीतिमा तोकिएजस्तो सपाट अवधिले न त उत्पादन नै गर्छ , न त निर्धारण नै  । ","टर , संस्तिआङ र नथानीको राजनी राजनीआङ चूपख्डीच अवेधिय माव्हारले नी होट्पा , न जाटा ।"
एकसरो जाङे र टाँकविहीन सर्टमाथि दरी खापेँ  । ,काटरो जम्मे अनी टाँकविओ सर्टढेमाङ ड ज्या ।
एक खुट्टा पनि लुलो भयो । ,काट खुट्टा ड लुलो छान्हा ।
भित्तापट्टि ठूलो होर्डिङबोर्डमा लेखिएको थियो– ‘आर्थिक समृद्धिको आधार स् एकघर एक बुद्धचित्त स्याहार  । ’,भित्तापट्टी बर्डूकाटाङ रीक्च लेया माराहाच लेया होसेढेमाङ समर्कृधिओ आधार स्धार काटजना बुद्धि स्या बुद्धि स्याहा ।
कर्मचारीले जनताको घरमा पसेर परिवारभित्र जति पनि विवाहित–अविवाहित महिला हुन्थे । ,कर्मचारी जनताओ इमाङ पैडीस्म जाहानो जटीभीट्री ड विवाहीरीङ माविवाह व्होला ।
खासमा म बेतोडसित रानीदहको भित्ता माथि–माथिको पिच बाटोमा साइकल कुदाइरहेको रहेछु  । ,गाचाङ म बेचूसी आर्नाम राडौ भिट्टा ढेमाङो पिढेमाङो लामाङ सयलक खेर्मनलेच लेसा ।
त्यसैले बुहारी हुने कुरै भएन । ,होटै बुहारी छान्ह्के कुरै माछान्हा ।
यो घोषणापछि धेरै दलित इसाइ बने । ,इसे घोषणाप्याक ढेर डोलिट य्हाके ।
बरु भोकै स्कुल धाउँथेँ  । ,बरु भोली स्कुल धाउला ।
"मन छुन्छ , एक किसिमको दुखाइको आनन्द मिल्छ  । ","मीमन छुले , काट किसिमओ डुखाओ आनन्ड खाट्म ।"
अर्को हात लम्काएर भित्ताको फल्याकबाट गिलास लियो  । ,आस्काट मीहुट खोम्र भट्टानो फलगुरीङ गिलास लाम ।
आज छुट्टिको दिन थियो  । ,छीनीङ छुट्टीओ याक लेया ।
विज्ञापनमा मौलिकता त्यसको स्वरूपसँग हुने गर्दछ । ,विज्ञापनाङ मौलिकताओ स्वर स्वूपकठा छान्ह्के जाट्ले ।
सुमती कति बेला गायब भई । ,ङा होस कुडीक बेला हेटब छान्हा ।
माझीकान्छाको घरमा पनि आगो रहेनछ  । ,श्रीकान्छा इमाङ ड म्हेन मालेसा ।
"र , उनलाई यसमा गर्व पनि थियो । ","र , होसके इचाङ जाट्मन लेया ।"
उसले कस्तो दिव्य वृक्ष देख्यो ? ,होचे कुङ्च याहाच वृक्ष डाङा ?
कमिलाको दुलो हुन्छ  । ,कमिलौ डुलो छान्ह्ले ।
नयाँ वर्षमा छ्यामालाई ग्रिटिङ कार्ड दिएको थियो । ,नयाँ ल्हेसाङ छ्यामाके ग्रिसिङ खुर्ड याहाच लेया ।
‘ल्याऊ  । ’ मैले भनेँ  । ,छल्याऊ ।
गहिरो वेग छ आतुङ नामसँग  । ,हिरो वेग ले आटङ म्यारमीनकठा ।
तरुण मित्र दीपक सापकोटाले विद्युतीय यन्त्रमा मलाई ‘हेलो’ भने  । ,तरुण खाट्च दीपक सापकोटाय विदीती इन्त्राङ ङाके माचीन्डीच डेनाङ ।
कसको छोरा हुँ ? ,सुकुङ लेन्जामीजा आले ?
मैले भेडाको छालाको ओभरकोट लगाएँ । ,ङै भेडाओ मीछलाओ ओभरो बील्हा ।
नेपाली विज्ञापन बजारले वस्तु तथा सेवाको प्रवद्र्धन तथा बिक्रीवितरणका लागि छिमेकी मुलुकमा बनेका विज्ञापनहरू र विदेशी लेखकहरूले लेखेका पुस्तक पढेर त्यसकै आधारमा निर्माण गर्ने गरेका छन्् । ,नेपाली विज्ञापन बजारे वस्तु तथापनौ प्रवर्ढन चैडीस्के ठाला ।
साथीसङ्गीको प्रभाव । ,लाफाङ्गीओ प्रभाव ।
हामी फर्कने सोच्दै थियौँ । ,कान ल्हेस्के सोच लेया ।
भत्केको भित्ता र छरपष्ट सामान देखेँ  । ,डेनाङ भीट्टा अनी छरपष्ट सामान डाङा ।
साँझ छिप्पिएर दैलोसम्म पसिसकेको थियो  । ,नामारलाक छीप्पिडीम दैलोसम्म पपामनभ्याच लेया ।
उत्तरतिर जुगल हिमाल मुसुक्क हाँस्यो  । ,उट्टरलाक जुगल हिमाल मुसुक्क रेटा ।
म तिखो आवाजमा चिच्याएँ  । ,ङा होसे आवाजाङ चीन्डीच ।
हरियालीबिच नागबेली पक्की बाटो बनिसकेछ  । ,हरिया बिचार नागार बेली पक्की लाम बढीस्मभ्यालेसा ।
पागलप्रेमी मजाज दुःख बिर्सन मदिरा पिउँथे  ।,पागलप्रेको मजाजी डुखा बिर्सन मूहोला ।
गाउँँमा आफूजस्तै कुखुराहरु केही कुरा खाईरहेको देख्यो । ,लाङ्घाङ मेल्लान वाङ्मन ग्वाको हीड कुरा ज्यामन डाङा ।
उसले उपचार खर्चको लागि सबैभन्दा पहिला आफन्तसँग हात फैलायो । ,होच्य उपचार खर्च लागी जम्मैडेनाङ पहिलाकठा मीहुट फैलाका ।
"लासको अनुहारमा भने जिउँदो भएको बेलामाझैं आफ्नो प्रशंसा सुनेर न त कुनै रौनक नै छायो , न त विरोध गरेको सुनेर कुनै ग्लानी नै छायो । ","लोट्च मीटाहाङ डेनाङ जीवानाङ छान्ह्च बेलाङलख मेनो प्रशंसा सेम न च कुटिकै न छाप्डीसा , वीढ जाट्च सुन जाट्च सेयार न नुहुँआ ।"
उनीहरु विनासकारी हुन्छन् । ,होसको विनासकारी छान्ह्ले ।
आमा ! यो आगो भन्ने चिज कहाँबाट आएको हो ? ,मोइ ! इसे म्हेनीङ डेच चीज कुलाङ राहाच आले ?
किसानले सोच्यो । ,किटाने आर्मीटा ।
आखिर केही सीप नचलेर त्यही झुपडीमा फर्किन् । ,म्हेवाङ हीड सीप मााट्म होसे झुपाङ ल्हेसा ।
यता आज सहिद दिवस । ,इलाक छीनीङ सै याहाम ।
चालकले स्पीड बढाएर भाग्यो । ,चालकय स्पीड बढ्डीस्म जोहा ।
दुःख परेका परिवारजन रुँदा ऊपनि सँगसँगै क्वाँक्वाँ रोयो । ,न्हीस सीनाङ जाहानो जाहानन राप्नाङ होसपनिकठान क्वाँक्वाँ राटा ।
एकदिन उ घुम्दै फिर्दै कुकुरलोक पुग्यो । ,कायाक होयोम फीर्मन चीऊलोक टाहा ।
"यतिबेला स्वर्ग , नर्क र आफ्नो भाग्यमा मानिसहरु विश्वस्त थियो । ","होसबेला स्वर्ग , नर्क अनी मेनो भाग्य भर्मीको विश्वस्ती लेया ।"
हैन सर ! यो त अति नै भयो । ,माहाले सर ! इसे च अटी न छान्हा ।
कहिले कसको के सामान चोथ्र्यो त कहिले कसको छोरी बुहारीमाथि हात लम्काउँथ्यो । ,सेन कुटौ ही सामान चोठी च सेन सुयो माझा मीजा बुहारीढेमाङ मीहुट खोला ।
भ्रष्टाचार निर्मूल गर्न एउटा सर्वशक्तिमान समिति गठन गरेर आदेश दियो । ,भ्रष्टाचार निर्म जाट्के काट सर्वक्ति समिति समिति गठन जाट्म आदेश याहा ।
गाउँँलेहरुलाई उसको कुरा मनासिब लाग्यो । ,लाङ्घालीकोके होच्यो कुरा महीना सीके पा ।
तुरुन्तै । ,आर्रुन ।
यो सब मान्छेहरुको काम हो । ,इसे जम्मैकुङ काम आले ।
ऋण खान जान्नेले तिर्न चाहिँँ जान्नु पर्दैन । ,ऋण ज्याके मानुङ्ले टीँके चैडीस्के मापरीस्ले ।
अब उसँग केवल बसिरहेको छाप्रोको एक चपरी माटो मत्र रह्यो । ,अब होच्यो हीवल ङुमन माझामीप्रो काट चपरी साटा अनी मरिया अनीह्यो ।
उनको अगाडि आदरपूर्वक अभिवादन टक्र्याउन उठेका तिनीहरुका हातहरु अब भने धारेहात लाएर सराप्नमा तल्लिन थियो । ,होच्यो अगाडी आर्भाओ पूर्वक अभिदन टक्रहोके सोट्के सोच होसकोइ डेच मीहुट लैडीम लेया ।
उसको नाङ्गो ढाडमा नङ्ग्रा गाडेर आकाशतिर उडाई हाल्यो । ,होच्यो नाङ्गाङ मीचार्डीआङ माकाम नामलाक भुरा ।
त्यसपछि त्यो मजदुर उसँग पैसा नै नमागी सरासर आफ्नो झुपडी फर्कियो । ,होटीङ होस मजुर होच्यो पैसा न मासोगी सरासर मेनो झुपडीसा ।
अस्पताल थिएन । ,अस्पटाल मालेया ।
म यो जंगलको राजा भएको नाताले अबदेखि मांसाहार त्यागेर शाकाहार ग्रहण गर्ने प्रण गर्दछु । ,ङा इसे जंगलो राजाको स्याहाके अबव्हारा ङीहा ट्यागडीम ज्याम शा जाट्के प्रण जाट्के प्रण गर्लाङ ।
स्वर्ग कस्तो रहेछ बाबु ? ,ल्हेस्च कुङ्च लेसा बाबु ?
मान्छेको स्तर,भर्मीओ स्टर
बगैंचामा फेरि नयाँ सुपारीको बोट उम्रियो । ,बगँडाङ फेरी नयाँ नयाँ सेपारीओ बोट होसे सेटा ।
बुढा र बलियाबाङ्गालाई रिस उठ्यो । ,बुढा अनी बलियाके मीरीस ख्योआ ।
उनीहरु जुन जुन घरमा पुग्दथ्यो त्यहाँँकाहरु भन्ने गर्थे । ,होसको जुन जुन इमाङ टाहाओला होलाङोको डेच जाटोला ।
होइन मलाई किन झुक्याएको ? ,माहाले ङाके हीके झुक्याक्च ?
त्यसदिनको रोचक कुरा त यो थियो कि यी व्यापार संघले आपसमा गाभिएपछि जानकारीको लागि आयोजना गरिएको आरम्भ कार्यक्रममा नक्कली हिङ समेत देखाउन नसकेर हिङ बाधेको उही थोत्रे टालोको मात्र प्रदर्शन गरिएको थियो । ,होसयाकौ रोच कुरा च इसे लेया की इडीक व्यापार संघार राहाकेपाङ मीसप्याक जाल्हीङो लागी राहा ।
आफ्नो गुँडको त भईहाल्यो र वरपर छरछिमेकको गुँडकाहरु पनि ऊदेखि हैरान थियो । ,मेनो म्युमओ च छान्ह्मभ्यासा अनी वरपर छर छर छरछीमौ म्यूमको ड होसे लेया ।
अहो ! यो रुखको दाना कसरी बिग्रन गयो हँ ! ,अआले ! इसे कुङो ड कुटरी बीगान नुहुँआ हँ !
भन बाला ! ,डेउ बाला !
ट्राफिक प्रहरी उमाथि एक्कासी बाघझैं झम्टियो र केही नभनी थप्पड लगायो । ,nan
पण्डितले स्वास्तिशान्ति गरि यो बताइयो कि अब यस घरमा कुनै आपतविपत तथा पीर बिमार पर्ने छैन । ,पण्डीस्चय स्वास्तिशान्टी जाट्म इसे बन्डीच की अब इच इमाङ न राहाकेपन गाके परीस्च टर बीर्हीन्के परीस्के माले ।
धामी–झाँक्रीले सोधे । ,छोसाथाङ झाँक्रीय गीना ।
"ब्युँझिदा आफू वरिपरी लामा , धामी–झाँक्री र मान्छेको घुईचो देखेर उहाँँले ताजुब मान्दै साध्नुभयो रे । ","ढीँझीस्नाङ मेल्ला वरिपरी लामा , धामीजौ झाँक्री अनी भर्मीओ भर्मीओ हुन्च डाङ्मन टिँडियाको टा ।"
किनकि गाउँका चल्ताफिर्ता व्यक्तिहरुलाई अप्ठ्यारो पर्दा उसले प्रशस्त सहयोग गरेको उनीहरुले पनि देखेको थियो । ,हिके लाङ्घौ चल्टाफिर्ता व्यक्तिकोके अप्ठ्यारो परीस्नाङ होच्य प्रशा जाट्च होसकोइ ड डाङ्म लेया ।
उसको अप्रेशन गर्नुपर्ने भयो । ,होच्यो अप्रेशन जाट्केपरीस्च छान्हा ।
यसले गर्दा प्रतिवादीले वादीलाई राम्ररी नै न्यायको स्वाद चखाउने विचार गर्यो र न्यायधिसलाई भेट्न गयो । ,इचे जाट्नाङ प्रतिदीय वादीके सेहेम न न्यायौ स्वाड केट्च विचार जाटा र न्यायेस जाटा ।
तर उसको आमाले उसलाई बल्लतल्ल बचायो । ,टर होच्यो मोइय होसके बल्ल छान्हा ।
रामराज्य चलाउँदै छ रे । ,रामराज्य केट्म ले टा ।
यस गाउँँका उनीहरु पढे लेखेका विद्धान थिए । ,इलाङ लाङ्घौ होसको पढ्डीस्म रीक्च विद्धान लेया ।
यो देखेर ब्रम्हादेवलाई असह्यै भएछ । ,इसे डाङार बम्हेवके अहस छान्ह्लेसा ।
सर्पले भ्यागुतोको आधी जीउ निलिसकेको थियो । ,सर्परे भ्यागुरौ आधी जीउसभ्याम लेया ।
त्यस दिनदेखि उ आफ्नो टोलको अरुभन्दा नामी नाइके बन्यो । ,होस याकव्हारा होसे मेनो टोलो अरुडेनाङ स्याहाच बन्डीसा ।
सल्लाह मुताबिक धामीलाई देखाइयो । ,सल्लाह मुताबिक धामीके टनाका ।
रोटीको लागि आमा कुरिरहेको त्यो भोको बालक खुशी भएर चिच्यायो । ,सोम लागी मोइ मीरिस्मलेच होस भोलो बालक काशी छान्ह्म चीन्डीया ।
अर्डर गर्यो । ,अर्र जाटा ।
भोली फर्काउने हो कि होइन के थाहा ? ,पीहीन ल्हेस्च आले की माहाले ही ठाहा ?
आमा चाहिँँले यसो हेरी देख्यो कि उसको पुरानै साथी लोखोर्केको बच्चा पनि त्यो जंगलबाट भागेर त्यहाँँ आईपुगेको रहेछ । ,मोइ चैडीस्चय इट हेरी ङोसा की होच्यो पुरान लाफा लोहोनाङ बच्चा ड होस जजाईङ जोड्डीम होयोक्म होलाङ लेसा ।
बाटो विस्तार भयो । ,लामो विस्तार छान्हा ।
यात्रुहरुले होहल्ला गर्दै गाडी रोक्न लगायो । ,यात्रुकोय आलेहै जाट्मन गामन रोक्डीसा ।
उहाँँको कुरा सुनेर सबैले एकमुस्ट जवाफ फर्काए । ,होलाङो कुरा सेयार जम्मैय काटमुस्ट जवाफ ल्हेटा ।
सासु चाहिँँको कटाक्ष गर्न थालिन् । ,सासु चैडीस्च कक्ष जाट्के ठाला ।
उसँग भनेजस्तो धन थियो तर आफ्ना केही आफन्तजन र छरछिमेकले बाहेक उसलाई कसैले पनि चिन्दैनथ्यो । ,होसकठा डेनाङलख धन लेया टर मेल्नाके हीड मेल्लाजन अनी छरछीक बाहेकके सुय ड चीन्डीओला ।
हजुर ! यसो नियम कानुनको पनि ख्याल गरिदिनु भए हुन्थ्यो । ,ज्या ! इट नियम मेनके ड ख्याम जाट्मयाहाको ।
कुकुरलाई पैंचो . . . । ,चीऊके पसेनचो . . ।
पक्कै तेरो बुद्धिमा विपक्षीको किरा सल्बलाएको हुनुपर्छ । ,पक्कै च ङौ बुद्धिआङ विपक्षो किराब सल्ह्केपर्ले ।
उनीहरु ठूलो अपेक्षासहित पहिले त उद्योगपति र व्यापारीहरुकहाँ पुगे । ,होसको करङ्च अपेक्षत पहीला च होसे होयोगपटी अनी व्यापानीकोटुक टाहा ।
तिनीहरु मध्ये केहीले मान्छेको सँगति ब्योहोरिसकेको थियो । ,होसको मढ्ये हीडय भर्मीओ कठा बन्डीस्मभ्याच लेया ।
आफूले कल्पनै नगरेको बरदान पाएको हुनाले त्यो लासले विलाप गर्न थाल्यो । ,मेने कल्पके माजाट्च बरनाङन डीन्ह्च छान्ह्के ठाला ।
आफ्नो शक्ति खोसिने डरले उ पनि महादेवको गोडामा गएर लम्पसार पर्यो । ,मेनो शक्टी खोके बीरीसरे ड महादेवो बड्को गोडाआङ नुहुँआरम्पसार परीसा ।
"रंगरोगन , पुराना फर्निचर तथा सामानहरुको मर्मत सम्भार र नयाँ खरिद गरायो । ","रंगरोगन , पुराना फर्निचर चथाकुङ मर्म सम्मान अनी नयाँ खरिसा ।"
ढाडमा भारी बोकिरहेको मजदुर मालिकको गाली नसकिन्जेल केहीक्षण त्यही ठाउँमा मेशिनझैं यन्त्रवत उभिइरह्यो । ,धाकाङ भारी बुमलेच मजदुर मालीकौ गाके माय्होक्म हीड माजाटा ।
उसले छुट्टिने बेलामा न्यायधिसलाई भर्खरको दुहुनो माली गाई चढाएर हिड्यो । ,होचे छुट्टी छुट्टी बेलाङ न्यायधिसके भर्खरो डुखाओ ढाक्म व्हा ।
आज दिपावली । ,छीनीङ छेल्हेस ।
उ र उसको परिवार मजदुरी गर्दथ्यो । ,होस अनी होच्यो जाहान ङाजुरी जाट्के जाटोला ।
पहिले रावण आयो । ,पहीला राण राहा ।
साँच्चै भोली त्यति ठूलो रोटी पाउने . . . ! ,साँच्चै न पीहीन करङ्च रोटी डीन्ह्के . . !
त्यहाँँ लुकाएर राखेको दश हजार रुपैयाँ झिकेर चन्दा संकलकहरुको झोलीमा हालि दिए । ,होलाङ आर्चीक्म डाच चू व्हाङ रुपनयाँ झिर च संकलककुङ झोलीआङ याहा ।
यो देखेपछि गधालाई लाग्यो । ,इसे डाङप्याक नुढीके लैडीसा ।
सबैले माया मारे तर आशा पनि थियो किनकि जीउ चिसो भईसक्दा पनि मुटुको केही चाल बाँकी थियो । ,जम्मैय माया नरे टर आशा ड लेया हीके क्योक्च क्योक्च भ्याक्नाङ ड मीगीनो हीड बाँकी लेया ।
अरुबेला स्यालहरुको सल्लाह मिल्थ्यो । ,अरुबेला मासुकुङ सल्लाह खासोला ।
नयाँ साल,नयाँ साल
उनीहरुले सहयोग गर्न अस्वीकार गर्यो । ,होसकोइ सहयोग जाट्के अवीकार जाटा ।
हातमा ‘आदेश’का घन पक्रेर कुर्सीमा बिराजमान श्रीमान् न्यायधिसज्यू भने पावरवाला ठूलठूला चस्माका सिसाबाट दायाँबायाँ नियालेर गजधम्म फुलिरहेका छन् । ,मीहुटाङ स्याहाडेनाङडौ घोन परीस्म कुर्सीआङ बिराजमान लेन्जामीजै न्याय कोठिस्यू व्यवर करङ्च पाख्डीस्मलेच ले ।
कहिले सुनिन्छ– रावण पक्षले जित्यो रे । ,सेन सेले सेलाङ मानवण पक्षै जीटा टा ।
साथै आफूलाई न्याय दिनको लागि सम्झना भइराखुन भनेर छुट्टिने बेलामा न्यायधिसलाई राडी टक्र्याएर हिड्यो । ,साठै मेल्लाके न्याय याहाम लागी आर्मीट्ठन डेम छुट्डीस्च बेलाङ न्याय न्याधिके राक्रडीस्म व्हा ।
अरु कुकुरहरुले उसलाई हियाएर हेर्न पनि सक्दैनथ्यो । ,अरु चीऊकोइ होसके व्हारम ङोस्के ड माय्होक्ले ।
अकालमै मर्यो विचरा ! ,अलखाङन सीयार विचरा !
मान्छेहरु आफ्ना स्वार्थपूर्तिका लागि उसको अगाडि हात मोल्थ्यो । ,भर्मीको मेनो स्वार्थटीओ लागी होच्यो अगाडी होयोओला ।
म हुँ । ,ङा आले ।
विचरा ! इमानी भने निर्वस्त्र भएर अध्यारो गुफाभित्र सधैँको लाकि लुकिरह्यो । ,विचरा ! इमानी डेनाङ निर्वस्त्र छान्हार अध्यारो मफाभीट्री सल्लाहओ लाक्डीसा ।
म यो राजदण्ड छोएर कसम खान्छु । ,ङा इसे राजदण्ड डासार कुटम ज्यालाङ ।
धामीहरुले नै सुनाइयो कि उनीहरुभन्दा कयौं गुणा विद्या भएको धामी टाढाको कुनै गाउँँमा बस्छन् । ,छोसानकोइ न सेटाका की होसकोइ क्योक्च गुणड्को विद्यालय छान्ह्च धामीजौ लोसाङ ङुले ।
"मालिक ! तपाई , तपाईले गठन गरेको सेना प्रमुख , न्यायालय , प्रहरी प्रमखु र कर्मचारीको उच्चतहका मान्छेहरुको पनि सम्पत्ति छानविन गर्नुपर्ने देखियो । ","मालिक ! नाकोके गनठन जाट्च सेना प्रमुखीया , प्रहरी , प्रहरीओ कर्म उत्केपट्टी ड सम्बोहौ सम्पट्टी जाट्के पर्ले ।"
पैसा जहाँँजहाँँ पुग्थ्यो घृणा–द्वन्द्व फैलन्थ्यो । ,पैसा जुलाङजुरुङ टाहाओला घृणाड्वन्द्वो फैलोला ।
"तै पनि मान्छेको घर , गोठ , हलो , जुवा जस्ता सरसामान बनाउन उपयोगी हुनेछु भनेर चाहिँ केही केहीले सहमति जनायो । ","ट्याङ ड भर्मीओ इम , बरसाल , हवा जवास्ता सरसामान खास्के उपटुङ छान्ह्च चैडीसा डेम हीड जनाय सहमडीया ।"
त्यो व्यक्तिको छेउमै गएर उसले अभिवादन टक्र्यायो र याचना गर्यो । ,होस व्यक्तिओ छेवाङन नुहुँआर होच्य अभिवादन टक्रडीया अनी दियो ।
बाख्रीको आँसु,र्हाओ मीमीकडी
हामी तपाईहरुलाई आवश्यक भए जति हिङ दिने छौँ । ,कान नाकोके आवश्यक छान्हा जटीङ व्हाके ले ।
जसरी मालिक्नीकी छोरी बिवाह भएर जाँदा तरुनी बनेकी थिईनन् । ,जुटरी मालीक्नीओ माझा मीजा वीहा छान्हार नुहुँनाङ चरुनी बन्डीच लेया ।
प्रकृति देवीले उसलाई सम्झाउँदै भनिन् । ,प्रृति देवीय होसके आर्मीटाक्मन डेया ।
उसले सम्झेको थियो कि यो रिपोर्टले ब्रम्हादेव अवश्य नै खुशीले गद्गद् भएर नाच्नेछ । ,होच्य आर्मीट्च लेया की इसे लेखपोर्के खुशीय बम्देव्य न कासा ।
समाजका मान्छेहरु उबाट केही लिन सक्दैन थे । ,समाचौ भर्मीको होसीङ हीड लाके माय्होक्ले ।
केही घर चहारी सकेपछि एकजना काकाले बस्तुलाई कुँडो पकाउन आगो दन्काइरहेको देख्यो । ,हीड इम केट्प्याक काटजना बाबुय बस्तुके कुँडो ठोहोके म्हे म्हुच डाङ्मन डाङ्मनले ।
भन्यो कि यो लगेर बोक्सीको टाउकोमा तीनपटक बज्राउ । ,डेउ की इसे लगेर ङाक्नीओ मीटालुआङ सोमपटक बज्याउ ।
पल्लोटोले बलिया बाङगा कुकुर नाइकेले उसलाई कुनै शारीरिक चोट नपुर्याइ यतिकै छाडि गएको देखेर उसको टोलको कुकुरहरु उदेखि झन डाराउन थाल्यो । ,पल्लोटै बलियामागा चीऊ स्याहाच होसके कुटरी शरीकरिक मीरीस माओ इटार नुङ्च डाङ्म होच्यो टोङ्के ठाला ।
"लामा , धामी–झाँक्रीले आफूले गर्नुपर्ने तन्त्रमन्त्र विधि पनि गर्दैछन् । ","लामा , धामीज माव्हारीय मेल्लके जाट्के पाटात्रमन्त्रो विधि ड जाट्मन जाट्ले ।"
फलतः उसलाई समाजले उदार हृदय भएको महान समाजसेवी भनेर औधी सम्मान गर्दथ्यो । ,फलटनः होसके समाजय केदार हृदय छान्ह्च ङा गोराक जीवाहीच डेम ढेर सम्मान जाटोला ।
केटाकेटीहरु टाढा टाढा धाएर पढ्नलाई पुग्नु पर्दथ्यो । ,जजाको लोसाङ लोसाङ लोसाङ छोक्म पढीस्के टाहाके परीसोला ।
उसँग ब्लुबुक थिएन । ,होसकठा बलुक मालेया ।
उसको केही उपाय चलेन । ,होच्यो हीड उपाय माजाटा ।
उसको निस्पक्षताको होस नै गुम भयो । ,होच्यो मीझारपक्षौ त्यो न गुम छान्हा ।
त्यो धामीलाई घटना वृतान्त सुनाइयो । ,होस धामीके घटना वृतान्हा ।
पुलिस ठानाबाट छुटेर आयो कि उ फेरि त्यही कुकर्म दोहोर्याउँथ्यो । ,पुलिस थानाङ छुट्डीस्म राहा की फेरी होसे होसे वोहोला ।
लोखोर्केको बच्चाले एक्कासी आफ्नो पुरानो साथी भेट्दा ऊ खुशी खुशी भएर मिलनको आवेगमा आफ्ना साथी सानी चरीलाई अंगालो मार्दा उसको पोलेको खुट्टालाई कुल्चिन पुगेको रहेछ । ,लोट्चलाई बच्चाय एक्कासी मेनो पुरानो लाफा डूप्नाङ होसे खुशी काशी छान्ह्म खाट्च आवनो आवेल्लौ सानीके लेसा ।
ठाउँँ ठाउँँमा पहिरो गएको र मान्छेहरु बगाउँको समाचारहरु सुनिन थाले । ,जुलाङ ठाउँआङ बहीरीङ नुहुँन्च अनी भर्मीको बगँको जीचार सेके ठाला ।
साथी र शुभचिन्तकहरु भित्रबाट कराए । ,लाफाको अनी शुचिन्टको भीट्रीईङ च्याका ।
आफ्नो देशबासीलाई सिधै स्वर्ग पुग्ने भर्याङ हालिदिने । ,मेनो देशबासीके सिधै स्वर्के टाहाके भर्याङयाहाके ।
भोका कुकुर र बाँदरहरुलाई उ प्रत्येक बिहान पाउरोटी बाँड्ने गर्दथ्यो । ,भोलीओ चीऊ अनी बाँदरकोके उहोचेक गोराक पाउको बाँके जाटोला ।
साथी लोखोर्केले आफ्नो पोलेको खुट्टामा ध्यानै नदिई टेकेपछि पीडाले रन्थनिएको उसले भनि । ,लाफा लोट्चय मेनो पोच मीहील्नाङ हुर्केन मायाहाम टेक्प्याक पीडाय अनी पीडाय डेया ।
त्यो मान्छे रिसाएर नाकको प्वाल फुल्लिएर छिटोछिटो बोलिरहेको थियो । ,होस भर्मी मीरीसडीस्म नाकौ प्वाल फुल्लिक्म झोको बुम लेया ।
उसले सानो छोरालाई अह्रायो । ,होचे सानो लेन्जामीजाके अह्रडीया ।
तर ती सुपारीले प्रकृतिदेवीको कुरा नै सुन्न चाहेनन् । ,टर होस सुपारीय प्रकृतिदेवीओ कुरा न सेके माडासा ।
देशमा उसको कोही विरोधी नभएकाले उ यति शक्तिशाली बन्यो कि अब उसलाई कसैले हराउन सक्ने स्थिति नै रहेन । ,देशाङ होच्यो सुर विरोधी माडेनाङ होसे इटार शरिशाली बन्यो की अब सुयरसाक्के माय्होका ।
"दिन , महिनाहरु यसरी नै बितिरहेको थियो । ","याक , महीनाको इटरी न बीट्टीमन लेया ।"
उ दौडदै गयो र मोटरसाइकिलको चाबी खोसेर चुपचाप फर्कियो । ,होस खेरम नुङ्च अनी मोतरसाइकौ चालड खोस्म चुपचाप ल्हेसा ।
भुँइमा मान्छेहरु थियो । ,भुँइआङ भर्मीको लेया ।
कुकुर र बाँदरहरुलाई मायालुपूर्वक मुस्कुराएर पाउरोटी बाँडिरहेका ती व्यक्ति उसलाई देखेर झनक्क रिसायो र हकार्यो । ,चीऊ अनी बाँदरकोके मायालुपूर्वक मुस्डीम डीन्टी बाँझडीस्च होस व्यूली सीकार अनी मीरीसा ।
हिङ नै पाइरहेको अवस्थामा टालोप्रति उपभोक्ताहरुको आकार्षण घट्नु स्वभाविकै हो । ,टीसीनीङ न माडीन्ह्मन अवस्थााङ टाप्रटी उपूर्णकुङ आस्काट घोषण स्वभावीकै आले ।
"गाउँघर , सहरबजारमा बाटोघाटो बनाउन खटि टोपल्थ्यो । ","लाङ्घाङ , सहरबजाराङ लाम खास्के खट्पडीसोला ।"
सबै प्रमाण जुटेपछि त्यहाँँ कार्यरत एक सोझा पियन जेल चलान गरियो । ,जम्मै प्रमाण जुटेप्याक होलाङ कार्यँतार काट सोझा पील हीलैडीस्के गरी ।
छागाबाट खसेझैं भयो । ,न्हुनलाकीङ खैलखन छान्हा ।
उ महादेवको घाटीमा तुन्तुरुङ्ग झुण्डिन पुग्यो । ,होस महादेवो घण्टीआङ टुन्टुरुङ्गुरुङ्ग झण्ड टाहा ।
कसैको घरबारी त कसैको खोरिया बस्तुभाउ । ,सुयो इमबारी ट सुयो खोरिया बस्तुभाउ ।
उसको वाक्य पूरा हुन नपाउँदै त्यहाँँ एउटा बाज उड्दै आयो । ,होच्यो वाक पूजा छान्ह्के माडीन्ह्म होलाङ बाजी उट्मन राहा ।
उ ट्राफिक चेकिङमा पर्यो । ,उ ट्राफिक काट किटाङ परीसा ।
उसलाई सम्झना भयो कि बाघ र सर्पले कसरी दुःख दिएको थियो । ,होसके आर्मीट्च छान्हा की बाघ अनी सर्पे कुटरी डुखा याहाच लेया ।
उसले यो बारे कुनै जानकारी राखेको थिएन । ,होचे इसे बारेन सुर नुहुँके माडाम लेया ।
म मान्छेजस्तै दम्भले उभिन्छु । ,ङा भर्मी हुन्चन दम्भरे टोङ्च ।
उ मरेर घाटमा लगेको सुनेपछि सबै आफन्तजन र चिनेजानेका गाउँँलेहरु भेला भए । ,होस सीम घाटाङ नुहुँच सेयार जम्मै मेल्लाजन अनी चीन्डीके लाङ्घालाय भेला छान्हा ।
भक्ते ! यो एक घन्टाको समयभित्र ती सारा भ्रष्चारीहरुको विवरण ल्याउ र कारबाहीको लागि तयार होऔं । ,भाक्ते ! इसे काट घन्टाओ समयभीट्री होस भ्रेष्चाकुङ विवरण राक्टार अनी कार बोइओ लागी टरंरंडा आले ।
कान्छा हजुरबा सबैभन्दा कुनामा ओछ्यान लाएर सुत्नुभएको थियो । ,कान्छा ज्यू जम्मैडेनाङ कुनाङ कुरानामाङ ओछ्यान लैडीस्च मीस्के लेया ।
त्यो दर्दनाक समयमा एउटा फट्याङ्ग्रो उच्छिटिएर भ्यागुतोको मुख छेउमा पछारिन आइपुग्यो । ,होस दर्डनीक समयाङ काट फोर्जोग्रो उचार ल्हुङो छेवाङ राहालेसा ।
दोस्रो कसी हुन् । ,राङ्क्रो कन्सी आले ।
विवरण आइहाल्यो । ,वीरण राहा ।
एउटा पात्र जसलाई प्रशासनले दिनहुजसो झ्याइकुटी पारिरहन्थ्यो । ,काट पार्लाक जत्रके प्रशाने याक ढुङ्गाको लख झ्याकुटी पार्डीयोला ।
"हे भगवान ! नयाँ सालको नयाँ दिनबाट मेरो दुःख , पीडा हरण होस् । ","हेगवान ! नयाँ सालो नयाँ याकीङ ङौ डुखा , पिडा हरण छानोस् ।"
सालिकलाई मर्मत–सम्भार गरी चिटिक्क पारियो । ,सालिकके मर्म भएर मीसम्भार जाट्म चीन्डीया ।
दाजुभाइ बीचको झगडा चर्किदै चर्किदै एकदिन सामाजिक कचहरीसम्म पुग्यो । ,न्हीसभाइ बीचौ झगडा स्याहामन केट्मन कायाक डूमाजिक कहचिक कहरीसम्म टाहा ।
"भक्ते ! अति उतम , अति उतम , अति उतम । ","भ्या ! अतिटम , अति होमतिटम , अटीटम ।"
उसले मालिक र मजदुरको अनुहार हेर्यो । ,होचे मालिक अनी ङाजुरो मीटाहा ङोसा ।
दंगा फसाद सुरु भयो । ,संगाली फसाद शुरु छान्हा ।
अस्पतालमा लागेको उपचार खर्च चुक्ता नगरेसम्म डाक्टर र अस्पताल संचालकले डिस्चार्ज गर्न मानेनन् । ,अस्पतालाङ लागि उपचार खर्च चुर्च नगरेसम्म डाक्तान अस्पताल अस्पताल संचार जाट्के मन्डीके ।
अप्रेशन प्रमुख डाक्टरले बिरामीसँग सोध्यो । ,अप्रेशन प्रमुख डाक्टरय छाचकठा गीना ।
जाँचपछि डाक्टरले उ क्यान्सर पीडित भएको पत्ता लगायो । ,जाँच्प्याक डाक्टरय होस क्यासर पीडीस्च पट्टा लैडीया ।
तपाईहरुले देखिरहनुभएको छ । ,नाकोइ डाङ्म ले ।
रङ्गीचङ्गी फूलैफूलहरु फुलिरहेको । ,रङ्गीचय सारो फुलिक्मनलेच ।
मालिकमा दयाभाव जाग्यो । ,ढलिकाङ दयाभाव नुहुँके नुहुँआ ।
उ बेरोजगारी बन्यो । ,उ बेरोजगारी बाटा ।
उसले घरलाई चिटिक्क पारेर चलाएको थियो । ,होच्य इमके चितिक्क डीन्ह्च लेया ।
सहरमा घडेरी जोड्यो । ,सहराङ घन्ड जोड ।
उसैले सहयोग गर्ने रे । ,होच्य सहयोग जाट्के टा ।
हिङ व्यापारले बजार लियो । ,टीसीनीङ व्यापारे बजारे लाम ।
उसको छोरो पनि लाहुरे बन्यो । ,होच्यो लेन्जामीजा ड लाटी ङाहा ।
केही विरोधीहरु त थिए तर उनीहरु पनि आफ्नो अडानप्रति दोधारे अवस्थामा थियो । ,हीड विरोधीको च लेया टर होसको ड मेनो अनप्रोधार दोधारे अवस्थाआङ लेया ।
"जब सिरक खोलेर हेरे सबै तीनछक्क मात्र परेनन् , छाँगाबाट खसेझैं भयो । ","जब सीक खोर ङोस्म जम्मै सोमछक्क मात्रै मापनन् , छेटीङ खेरेचलखन छान्हा ।"
ज्योषित र पण्डितले भनेअनुसार कार्य सम्पन्न भएकाले उ र उसको घरपरिवारको खुशीको सीमा नै रहेनन् । ,ह्याषित अनी पण्डीस्चय डेनाङ अन्डिसार कार्यपन्न लेनाङ होच्यो इमजानो उपरिवारो कासाक्के न ङुआ ।
एकदिन घिउ विरोधी सभा चलिरहेकै बेला ती अभियन्ता सभास्थलबाट सुटुक्क हरायो । ,कायाक घिउ विरोधी सभालीमनलेच होस अभियन्ता सभास्थीङ सुक्करा ।
तिनी नजिकका बजार जान्थिन् । ,होसे खेरेप बजार नुहुँनी ।
छोरा हामी बाख्राहरुको लागि पाठा भएर जन्मनु र यो मधेसमा मान्छेहरुको लागि छोरी भएर जन्मनु एउटै हो । ,लेन्जामीजा कान र्हाकुङ लागी बीर्हीन्ह्के अनी इसे मधेआङ भर्मीकुङ लागी माझामीजाकुङ लागी काट्डीस्च आले ।
अप्रेशन सकेर त्यो डाक्टर सरासर कफी सप पस्यो । ,प्रेशन डूमार होस डाक्टर सरासर कफी सपडीसा ।
यो दृश्य देखेर भिखारीले सोच्यो । ,इसे दृश्य डाङार भरीय आर्मीटा ।
त्यो भँगेरालाई टपक्क टिपेर त्यही गुँडमाथिको रुखमा बसेर खान थाल्यो । ,होस आर्भेराके टपक्क ढुमार होसे म्युम होसे म्यूढेमाङ ङुम ठाला ।
केहि समयपछि चुनावको घोषणा गर्यो । ,हीड समय न्हुनीङ चुनावो घोषणा जाटा ।
यो बुहारी असाध्यै असल छिन् । ,इसे बुहारी असाध सेनर मास्या ।
अघिसम्म देउतालाई बल मागिरहेको पूजारी बा अब चाँहि गाउँँलेहरुसँग गुहार मागिरहेको थियो । ,म्हेनीङसम्म डेउटाके बल गीडीस्मलेच पूजारी बा अब च लाङ्घालीकोकठा गुल्मलेच लेया ।
उसको धार्मिक आदेशलाई सबैले अक्षरस पालना गर्दथे । ,होच्यो धार्मिक आदेशके जम्मैय अक्षर कोक्के डीन्ह्ला ।
"देख्ने , हेर्नेहरु गलफती गर्दागर्दै उद्धारको लागि प्रहरी टोली आइपुगुन्जेलसम्ममा विचरा घाइतेको मृत्यु भइसकेको थियो । ","डाङ्च , ङोस्केको गलफल जाट्नाङ जाट्नाङ उद्धारो लागी प्रहरी टोली टाराहा ।"
खोलाले उनलाई बगाउँन थाल्यो । ,खोलाय होसके बन्डीके ठाला ।
मालिक ! ’,ढलिक !
कसैको निजि छैन । ,सुयो निज माले ।
पाठो खाईलाग्दो थियो । ,पार्लाक गाम र्हाङ्क्वा लेया ।
देशबासी उसको अन्धोभक्ति बनेपछि शक्तिको उन्मादले उ पनि अन्धो बन्यो । ,देशबासी होच्यो अन्धोक्ति बन्डीस्च शक्तिओ उन्मतिओ उन्धो बढ्डीया ।
"छोराछोरी , घरपरिवारसँग बसेर केही मसिनो मीठो खायो । ","मीजाको , इमजाहानकठा ङुम हीड मसिनो जाहा ।"
कतिपटक गाउँँलेहरुले पुलिसको जिम्मा लाईसकेको थियो । ,कुडीकपटक लाङ्घाँलेइ पुलिसो जीम्माकेभ्याम लेया ।
आमा मलाई देखेर तपाई किन बेखुशी हुनुहुन्छ । ,मोइ ङाके डाङार नाकुङ हीके आर्मास लेको ।
"आफूले कार्यभार सम्हालेदेखि उसले घुसखोरी , भ्रष्टचारी , तस्करी , डन सबैलाई तह लायो । ","मेने कार्यभार सम्हाल्याकीङ होच्य घुसखोरी , भ्रतरी , तैडीस्के , जम्मैके टन्डीया ।"
मालिक रवाफसाथ कराइरहेको थियो । ,ढलिक रवाफ च्याक्म लेया ।
यो समस्याबाट आक्रान्त भएका मध्ये केही मिलेर एकदिन सल्लाह गर्यो । ,इसे सम्यासीङ राहाच डेनाङ मढ्ये हीड खाट्म कायाक सल्लाह जाटा ।
केही समयपछि आउ । ,हीड समय न्हुनीङ राहान ।
तत्काल त्यस चौपायाको उद्धार गरियो । ,म्हाकाङो होस चौपौयाओ उद्धार जाटा ।
"जुन कुरीति हटाउन उ त्यस कुर्सीमा बसेको थियो , बस्ने वित्तिकै उल्टो परिणाम निस्कियो । ","जुन कुटरी हटाके होस कुर्सीआङ ङुच लेया , ङुके विट्टीकै उल्टो परिणाम निस्डीसा नी ।"
उ त यौवनमा प्रवेश गरेर बोको बन्न पनि पाएको थिएन । ,होस टौवनाङ प्रवेश जाटार ङाहाके ड डीन्ह्च मालेया ।
तिमीजस्तो कंगाललाई कसरी पत्याउने ? ,नाङलख कुंगालके कुटरी पट्डीके ?
जीउ सबै सेलाइसकेको थियो । ,ज्यान जम्मै सेमभ्याम लेया ।
घर स्याहार्ने कोही भएनन् । ,इम नामास राहाके सुर माछान्हा ।
विकल्प नपाएर नक्कली हिङ प्रयोग गर्न विवश उपभोक्ताहरुलाई भनिरहेको छ । ,विल्प माडीन्ह्म मारोक्ता व्हाके प्रयोग जाट्के विशाङ उपाङ्मलेचकोके डेया ।
बर्खामा भने खोला नालाले गर्दा विद्यार्थीहरुले औधी कष्ट व्योहोर्नु पर्दथ्यो । ,बर्खाआङ डेनाङ खोला स्याहाके जाट्नाङ विद्यार्थीकोय ढेर कष्ट वाङा डास्के परीसोला ।
एउटै पहिरन पहिरिएका । ,काट न बहीरीङ पहीसा ।
त्यसको केही समयपछि अचानक अर्को एक पैदलयात्रीलाई ठक्कर दियो । ,होच्यो हीड समय न्हुनीङ अचान आस्काट काट पैडीस्म याहा ।
फोहोरको दुर्गन्ध पनि हट्यो । ,फोहोरो दुर्डा ड रेटा ।
चिच्याउँदै सभाको अगाडि गुप्ताङ्गलाई निर्वस्त्र पारेर देखायो– ‘यि तेरो कुरा ! ’,चीउको अगाडी सभावो अगाडी गुप्ट्याङ्के डोर्वस्त्र पार्डीम माओस् !
सबै आश्चर्यमा परे । ,जम्मै आश्चर्यआङ परीस् ।
आफू पुगेर भेटघाट गरेको प्रमाण देखाउन धेरैजसोले त विमारीको छेउमा बसेर सेल्फी समेत खिच्न भ्याए । ,मेन टाहार डुपाट जाट्च प्रमाण टनाक्के ढेरजै च विमारीओ छेवाङ ङुम सुन्दै समेत छान्ह्मन समिट्याट छान्हा ।
विकराल बन्दै गएको यो समस्याको समाधानको लागि तिनीहरुले एउटा कडा नियम बनाउने विचार गर्यो । ,विराल बन्ह्म नुङ्च इसे सम्यासो जीधानो लागी होसकोइ काट कडाय नियम खास्के जाटा ।
अघि चौपायाको उद्धार गर्न हतारिएकाहरु रमिते बनेर बसे । ,म्हेनीङ चौपानीओ उद्धार जाट्के हतारिचको अनी बढ्डीस्म ङुम ङुआ ।
"व्यापारी , उद्योगपति र घरानाहरुले रित्तै फर्काई दिएको झोक बोकेका उनीहरु भिखारी बुढाको कुरा सुनेर हाँसे । ","व्यापरी , उड्योगपटी अनी घरानाकोय मीरीका याहाच झोक्डीस्च झोक्डीयार कुरा सेयार कुरा ङाका ।"
आमा देख्ने बितिकै छोराले भन्यो । ,मोइ डाङ्च बीट्टीकै लेन्जामीजै डेया ।
एक गास भातको लागि त्यही मान्छेको वरीपरी आसे भएर उसैको अह्राउ खटाउको नारकीय जीवन बिताइ रह्यो । ,काट गायो छोओ लागी होलाङ भर्मीओ वरीपरी आस छान्ह्मन होच्यो अह्रडीच ज्याउटा होच्यो न जीवन बीरीसा ।
अघि सुरुमा यो हुलको ठूलो को हो भनी कराउने बुढालाई पनि रिस उठ्यो । ,म्हेनीङ शुरुआङ इसे हुलओ करङ्च कोही आले डेम च्याक्के बुढाके ड मीरीस सोआ ।
तर गाउँँका पहुँचवालाहरुले क्षतिपूर्ति पाउनेको सूचीको लहरमा उसको नाम एक नम्बरमा राखेको थियो । ,टर लाङ्घौ पराएको बाङ्लाकोय झेरेपूर् पाके सूचीओ लहराङ होच्यो काका डाच लेया ।
उपचार खर्च जुटाउन नसकेर मर्यो । ,उपचार खर्च जुके माय्होक्च सीया ।
फेरि यस देशको पुर्व झापातिर चलाक व्यापारीहरुको समूह खडा भयो । ,फेरी इसे देशो पुर्व झापालाक चूलाक व्यापाकुङ समूह छान्हा ।
कान्छो हजुरबा त्यतिखेर १३ वर्षको हुनुहुन्थ्यो । ,कान्छा ज्यूनीङ होडीक वाङ्म ऐनो ल्हेसोला ।
"धर्म , संस्कृति , भाषा , माटो , पुर्खा , जाती केही होइन । ","धर्म , संस्टी , भाषा , झाल्के , पुर्खाखाखाखा , हीड माहाले ।"
तर आफू जस्तै कुखुराहरु खुशी भएको देखेर उसको खुट्टा यसै यसै त्यतातिर अघि बढ्यो । ,टर मेल्ला लख ग्वाको काशी लेच डाङार होच्यो मीहील इटनलाक होलाक बढीसा ।
लोभ राग केही छैन । ,लेन्जा राप्म हीड माले ।
नियम विपरित,नियम विपट
विस्तारै पशुपंक्षी र जीवजन्तु खान थाले । ,विस्तारै पशुपक्षी अनी जीवजुन्टुन गाके ठाला ।
आगो दिनुको सट्टा बरु ऊ फतफतायो । ,म्हेनओ सट्टा बरु ब होसे फटफटा ।
त्यो दिनदेखि पैसाको खुबै शान बढ्यो । ,होस याकव्हारा पैसाओ खुबै शान बढीसा ।
उजाड र मरुभूमि भनेको कहीकतै छैन । ,व्हारम अनी मरुभूमी डेच कलाक माले ।
नर्स तथा त्यहाँका कर्मचारीहरुले भीडभाड नगरिदिन गरेको आग्रहलाई समेत वास्त नगरी उनीहरु एकअर्काले उसलाई भेटिरह्यो । ,नर्स चथा होलाङ कर्मचारीकोइ भीडभाग माजाट्म राहाच राहा ।
सुकुम्बासी बस्तीमा जेनतेन जीवन गुजारिरहेको तिनको लोग्ने बितेपछि एक छोरोको जिम्मेवार तिनकै काधमा आइपर्यो । ,सुकुबासी बस्तीआङ हीन जीवन गुम्मन जीवन होच्यो लेन्जामीजारौ लेन्जामीजा डास्प्याक काट लेन्जामीजौ जीम्मे आर्भाङ राहा ।
तिमी आफै सर्पले आधी निलिसकेको छ । ,नाङ मेल्लैन सर्पे आधी निलिमभ्याम ले ।
"सबैको साझा , सबैको खवाई एउटै , मिलेर काम गरिरहेका छन् । ","जम्मैओ साझा , जम्मैओ खवाई काटै , खाट्म काम जाट्मन ले ।"
बोक्सीले बाण नहानेको भए कसरी यस्तो सद्दे मान्छे एक्कासी रुख ढलेझैं ढल्छ र ? ,रक्सीय बाण माकाच लेनाङ कुटरी इन्च सद्दे भर्मी एक्कासी रुखन फुर्ह्ले र ?
पापीहरुले दाईजो पुगेन भनेर मेरी छोरीलाई जिउँदै जलाईन् । ,पापीकोइ दाजीके माटाहाले डेम ङौ माझामीजाके जीट्मनके ।
राम्रै राम्रो हुनेछ । ,सेहेम सेच छान्ह्के छान्ह्लेसा ।
"भक्ते ! घोर अन्याय , घोर अन्याय । ","भाक्ते ! घोर अन्याय , घोरन्याय ।"
खोला धमिलो थियो । ,खोला धमिलो लेया ।
यो नियम विपरित हुनेछ । ,इसे नियम विपट छान्ह्के छान्ह्ले ।
उ सबैको नजरमा धर्मात्म व्यक्ति थियो । ,होस जम्मैओ नजराङ ढुर्हाङ व्यक्ति लेया ।
बल्ल आज बिहान उसले बुझ्यो । ,बल्ल छीनीङ गोराक होच्य व्हा ।
उपचारत अस्पतालमा उसको शीघ्र स्वास्थ्यलाभाको कामना गर्न आफन्तजन र शुभचिन्तकहरुको भीड लाग्यो । ,उपचार अस्पतालाङ होच्यो शीघ्र स्वास्थ्यभालाओ काम जाट्के मेनो मन्डीचन अनी सुन्टिकुङ लैडीसा ।
त्यसको लागि विश्वसम्मेलनको आयोजना गर्यो । ,होच्यो लागी विश्वलसम्मौ राहा ।
समय एवंरीतले चल्दै थियो । ,समय काटवंरीटरीय केस्मन लेया ।
घरमा सल्लाह नगरि कसरी भन्नु ? ,इमाङ सल्लाह माजाट्म कुटरी डेयाको ?
उसले चाह्यो भने पृथ्वी पनि पल्टाई दिनेछ । ,होचे चाह्या डेनाङ पृथ्वी ड पल्टाई याहालेसा ।
"जीव , जनावरहरु जन्मिदा जेजस्तो हुन्छ त्यस्तै मर्छन र निर्दागी हुन्छ । ","बाँचुव , जजाको फुमिनाङ ही छान्ने हुन्चन सीले नीर्नाङ छान्ह्ले ।"
तेरो बुद्धि छैन ? ,होसे बुद्धिने ?
खबर सुनेर कुद्दै आउदा सबैभन्दा ढिला पुग्यो मृग । ,खबर सेयार कुद्दै राहानाङ जम्मैडेनाङ ढिला टाहा ।
उ बिमारी पर्यो । ,उन्ने बीचाङ परीसा ।
चिनापर्ची गर्न तछाड मछाड गथ्र्यो । ,चिनापरी मेचीके च न्हुन ङालाक नुङा ।
माफ पाऊ ! ,मामा पानी !
बिरालोले सानो स्वरमा म्याउ म्याउ गर्यो । ,बीरीचय सानो स्वराङ म्याउ बिर्ही जाटा ।
अर्कोले थप्यो । ,आस्काटय ठप्डीया ।
अब हामीले मानव जातीलाई बचाउन आफू आफूले सकेको योगदान गर्नुपर्यो । ,अब कानकोइ मावाट्चके बाङ्के ङाल्ला मेल्लाय य्होक्नाङ इसेगन जाट्केपरीसा ।
उसको बिन्तिभाउ सुनेर महान समाजसेवीले भन्यो । ,होच्यो गोराकन्टीभाउ सेयार ङा गोराक सुयर डेया ।
प्रकृति देवतासँग त्यो फल लाग्न खोज्दै गरेको सुपारीले याचना गर्यो । ,प्रृति देवटाकठा होस फल लैडीस्मन जाट्च सेयारीय याटा जाटा ।
चरित्र,चरित्र
एकाबिहानै अनुहारमा चिटचिट पसिना छुट्यो । ,एगोराकन मीटाहाआङ चिसो पसिना छुट्डीसा ।
मान्छे जस्तै बाङगो हुन्छौं । ,भर्मी लख बाङ्गो छान्ह्ले ।
कुटाई खाईरहेको उसले सोच्यो र बिनित भाउमा भन्यो । ,कुटाई ज्यामन होच्य आर्मीटा अनी बीट्डीसा ।
"लामा , धामी–झाँक्री बोलाईयो । ","लामा , धामीजै झाँक्री ङाका ।"
"भक्ते ! अति उतम , अति उतम । ","भ्या ! अतिटम , अटी होम ।"
एकछिनपछि खर्चको जोहोको लागि त्यो पाठोलाई कसाइको हातमा बेचियो । ,कलापीङ खर्चओ जोहोके लागी होस पाठोके कलापो मीहुटाङ आर्लाका ।
यो देखेर महादेवले भन्यो । ,इसे डाङार ङाहादेवे डेया ।
हिन्दू धार्मिक कथाअनुसार त्यतिबेला महादेव नाम गरेका भगवान सबैभन्दा शक्तिशाली थियो । ,टीसीनीङ धार्मिक कथाअसार होटारबेला महादेव म्यारमीन जाट्च भगवान जम्मैडेनाङ शाक्ति लेया ।
जुनजुन सिधा रुख छ छानीछानी काटेर बसोबासको साधन बनाए । ,जुनजुनाङ सिधा रुख ले न माझा मीजा चेम बसोबासओ साधन खासा ।
धत् साला मगन्ते खाते ! ,ढट्ट सला ङागन्ते ज्या !
आफूले लगाइरहेको बस्त्र इमानीले पैसाको एकै वचनमा खुरुक्क खोलेर दियो । ,मेने लैडीस्मलेच बस्त्र इमानीय पैसाओ काट न वाङ्म खोरोचक्क याहा ।
विद्या प्रभाव,विद्यालय प्रभाव
उसले बाटो विस्तार गर्दा मन्दिरलाई क्षति नपुर्याई सडकको बीचैमा संरक्षित गरेर राख्यो । ,होचे लाम विस्टार जाट्नाङ ङान्दिरके झाङ नपुर्याई सदा बीचौ बीचाङन संक्षिट जाटार डा ।
ठीक छ । ,ठिक ले ।
उसको स्वभिमान बनेको अभिमान पल्लोटोले कुकुरहरु र उसको नाइकेको अगाडि सुइकुच्च ठोके पनि आफ्नो टोलका कुकुरहरुका अगाडि भने झन् उच्चो भयो । ,होच्यो स्वभिमान बन्डीच अभिमान पल्लो चीऊको अनी होच्यो नाइच अगाडी सेया ।
उसकहाँ नयाँ नयाँ भक्तजनहरुको दिनहुँ घुईचो लाग्ने गर्दथ्यो । ,होसकुलाङ नयाँ नयाँ भक्तजनकुङ याहाके पार्के जाटोला ।
कसैले पनि आफ्नो पहिचानलाई भुल्न हुँदैन । ,सुय ड मेनो पहीचानके भुक्के माछान्ह्ले ।
तिमीहरु फलाना फलना हौ । ,नाको फलाना फलाना आले ।
यस्ती क्रुर बुढीमान्छे त मैले आजसम्म देखेकी नै छैन । ’,इटार क्रर बुढीआङ च ङै छीनीङसम्म माडाङ्म न माले ।
गाउँँलेको उजुरीअनुसार प्रहरीले सोचेको थियो । ,लाङ्घालीओ उजुरी असार प्रहरीय सोच लेया ।
घर पस्ने साइत जुर्याइयो । ,इम पैडीस्च साइट जुर जोहोका ।
"वर्षौंदेखि ती रुखहरु सँगसँगै हुर्के , बाढेका थिए । ","ल्हेसीङ होस रुखको कठाकठा न आले , बाढीस्च लेया ।"
स्वर्ग बगैंचा नै बगैचाले भरिएको थियो । ,माझा बगर्डै न बगर्डीस्चय भरीस्च लेया ।
सबैतिरबाट वा वा र स्याबासी पाइरह्यो । ,जम्मैलाक वाकीङ वार्लाक अनी मासुबासी माडीन्हा ।
बेहुला बेहुलीलाई टिकाटालो गरेर आशिर्वाद दियो । ,बेहुला बेलीके टीकतालो जाटार आसर्वाद याहा ।
उल्टै दिनुपथ्र्यो र भन्ने गर्थे । ,उल्टै याहाकेप्रसा अनी डेच जाटोला ।
यसपछि . . . यसपछि . . . भने उसको कलिलो दिमागले को मित्र को शत्रु केही पनि बुझ्न सकेन । ,छेल्हेस . . . इटार . . डेनाङ होच्यो कलिलो याहाच कोत्राङ सु खाट्च कोत्रुके माय्होका ।
"सबैले सुने पनि नसुनेझैं , देखे पनि नदेखेझैं गर्यो । ","जम्मैय सेनाङ ड मासेनाङलखन , डाङानाङ ड माडाङ्च गरी ।"
अहो ! मैले त त्यसलाई दुःख दिन मात्र मुद्दा हालेको हुँ । ,अआले ! ङै च होटके डुखा मात्रै मुड्डा काच आले ।
बेवास्त मात्र होइन कि आलस्यतासमेत देखाए सुँगुरले । ,वार्लाक मात्रै माहाले की आलस्यटासम टनाका सेयार ।
"मान , प्रतिष्ठा , इज्जत त्यही बाटो भएर हिडिरहेको थियो । ","मान , प्रतिष्कर , इज्जट होसे लाम छान्ह्म व्हामन लेया ।"
भ्यागुतोले भन्यो । ,सगुनेय डेया ।
सासु चाहिँँलाई लाग्यो । ,सासु चैडीसके लैडीसा ।
मान्छे जन्मनेवित्तिकै आफूलाई पहिरन भित्र लुकाउँछ र दागी जीवन जीउँछ । ,भर्मी फुन्ह्चविकै मेल्लाके पहीसारन भीट्री आर्चीक्लेसा अनी जीवन जीट्ले ।
बगैंचामा विभिन्न प्रजातिका फूलका नयाँ नयाँ गमलाहरु थपे । ,बगैँचाङ विभिन्न प्रतिका सारो नयाँ गमलाको ठप्डीया ।
स्यालहरुको जति जति संख्या बढ्दै गयो उतिउति समस्या पनि झागिदै गयो । ,मासुकुङ जटी जटी संख्या बढीस्मन नुहुँआ होसे जटी समिस ड झाल्मन नुहुँआ ।
त्यही बाटो भएर आइरहेको बटुवाहरुले उनलाई खोलाले बगाइरहेको देखेर हत्त न पत्त उद्धार गरे । ,होस लाम छान्ह्म राहामन बटुवाकोय होसके खोलाके खोलाय बगडीस्मलेच हट्ट माट्टै उट्टार जाटा ।
अब यो सानो मान्छे पनि म जस्तै अर्काको पिँजडामा पर्ने भयो । ,अब इसे सानो भर्मी ड ङा लखन अर्काओ पीँजाङ परीस्च छान्हा ।
मृगले महादेवको शरीरमा हेर्यो । ,मृगरे महादेवो शरीराङ ङोसा ।
के तिमीले चुरोट पिउने गरेका छौ ? ,ही ने चुरोट गाके माजाटा ?
यो नियम छट्टु र बुज्रुक बुढा तथा बलियाबाङ्गा स्यालहरुलाई मन परे पनि ठिटा र स–सानाहरुलाई मन परेको थिएन । ,इसे नियम छट्टु अनी बुज्रक बुढा चथा बलिबाङ्गा स्याकोके मीमन परीसनाङ ड ठिटाकोके मीमन परीस्च ।
यति भनेर उ आफ्नो धुनमा रह्यो । ,इटार डेम होसे मेनो ढुनाङ ङुआ ।
उसको कुरा अर्कोले पत्याएनन् र करायो । ,होच्यो कुरा आस्काटय प्याट माका अनी च्याका ।
ज्योतिषले बताएअनुसार चारैदिशा मिलाएर घर ठडियो । ,जटी खै सीनाङ अआरसाक्म बख्डीस्म इम ठाँडीया ।
प्रतिवादी ढुक्क थियो उसले नै मुद्दा जित्नेमा । ,प्रतिवादी ल्हीङ लेया होच्य न मुद्दा जीट्केपाङ ।
ती केटाकेटीले भने । ,होस जजाकोइ डेया ।
यसैबीच उनीहरुलाई त्यो महान समाजसेवीको सम्झना भयो । ,इसेबीच होसकोके होसकोके ङा गोराक समाजो आर्मीट्च छान्हा ।
सयौं पटक मन्दिरको मुर्तिमा लम्पसार परेर रक्षाको लागि याचना गरिरह्यो । ,भोङ्गौ पटक मन्दिरो मुर्टीआङ लम्पसार परीस्म अनी लागी याह्च जाट्मनङुआ ।
उ आगो पाउने आशामा रुँङेर बसिरह्यो । ,होस म्हेल्हेस डीन्ह्के आशाङ राप्के ङुमनङुआ ।
मालिक ! चुनाव बेलाका असहयोगी व्यापारीहरुको कालो धन हरण गर्नुपर्ने देखियो । ,मालीक ! चुनाव बेला ठोहोच अहयोगी व्यापारीकुङ धनण हरण जाट्केपरीस्च डाङा ।
"केरा , स्याउ , नास्पाती , अंगुर , सुन्तला जस्ता फलफूल , मकै , धान , कोदो केके हो केके अन्नबालीहरुको बेग्लाबेग्लै हरियाली फाँटहरु । ","मोजा , मासु , नास्पाती , अंगुर , सुन्टला जस्ता फोर्जोहोचौ मकै , धान , कोहीलीबारीच आले ।"
सडक वरीपरीका मान्छेहरु भेला भए । ,सक वरीपरीओ भर्मीको भेला छान्हा ।
"हुन पनि झापातिरका व्यापारीहरुसग नक्कली हिङसम्म नि बाकी थिएन , टालो मात्र थियो । ","आल्के ड झापार्लाक व्यापरीकोस माजाट्म व्हाम लेया , बाहाम मालेया रेन्म लेया ।"
कुकुरहरु आ–आफ्नो धुनमा थियो । ,चीऊको मेमेल्लौ ढुनाङ लेया ।
ए मेरोतर्फबाट जग्गा दान है । ,ए ङौ मीटफीङ जग्डीनी है ।
"काटमार , चोरी , डकैती , लुटपाट मच्चाएर त्रासित पाथ्र्यो । ","लामार , चोरी , डाटी , लुतपाट मच्चाम च्राट डीन्ला ।"
पल्लोटोले कुकुर नाइके तर्सेन । ,पल्लोय चीऊ स्याहाके टर्सेन ।
महादेवलाई खुशी पार्न उ महादेवको गोडामा लम्पसार पर्यो । ,ङामुदेवके खुशी पार्के होसे महादेवो गोडाआङ लम्पसार परीसा ।
बालीमालिक तिनीहरुमाथि जाइलाग्यो । ,बालीआङ होसकोढेमाङ नुहुँके पा ।
निर्दागी,निर्हाङ राहानाङ
माया गर्नुपर्ने मूलीले त सौता हाल्यो । ,माया जाट्केपरीस्च ङा च सौटाय च सौटा ।
खैलाबैलाले गर्दा बालीमालिक जाइ लागेको सुइको नपाएका केही स्यालहरु ठाउँँका ठाउँँ मारिए । ,खैलाबैलाय जाट्नाङ बालीआङ नुङ्क नुहुँके पाच मीस्मन माडीन्ह्म हीड मासुको ठाउँ आर्जुँका ।
मान्छेहरु उसले आफूलाई छोइदिए मात्र पनि सूर्य नै दाहिने परेझैं ठान्थ्यो । ,भर्मीको होच्य मेल्लाके छुमयाहानाङ मात्रै ड सूर्य न दाजीओ पैडीस्च ठान्ला ।
मालिकको शक्तिमान आदेश पाउने बित्तिकै भक्तेहरु ग्वारारा सलबलाए । ,मालीकौ शक्तिमान आदेश कोक्के बीट्टीकै भतेको कुखुरा सराबला ।
तर नसक्ने देखेर पछाडि हट्यो । ,टर माय्होक्च डाङार न्हुन न्हुन रेटा ।
आफूहरु राज्यबाट अनाहकमा मारिने छैनन् भन्ने लागेर उनीहरु चनाखो हुन छाडे । ,मेनको राज्य लाटीङ अहकाङ मान्डीच माले डेच पाम होसकोइ माखोल्म होसे केसा ।
ममताकी खानी । ,ङाकी ज्यानी ।
बाँकी भाग अमालाई दिनेछु । ,बाँकी भागाङके याहालाङ ।
कहिले सनिन्छ– रामले जित्यो रे । ,सेन सनिङ्मो रामय जीटा टा ।
उसले धामीका अगाडि नोटका बिटाहरु मिल्कायो । ,होच्य धामीका अगाडी नोटका बिताको मिल्हा ।
शाकाहार सिंह,ओल्मौ सिंह
अर्को तेस्रो पात्र जो उ प्रशासनलाई चुनौती दिन्थ्यो । ,आस्काट तेस्रो पात्र जोहोसनके चुहाम याहाओला ।
रोटी,रोटी
त्यही बेला एउटा सानी चरा आमासँगै भखरै उड्न सिक्दै थियो । ,होस बेला काट मार्ह्च चरा मोइकठा भखरै भुर्के पामन लेया ।
भिखारी बुढाले कुनै प्रतिक्रिया दिएनन् । ,भारी बुढाय सुन प्रतिक्रिया मायाहा ।
उ त्यो गाउँँको नामी ब्राह्माचारी थियो । ,होसे होस लाङ्घौ मीमाझाराङचार्डी लेया ।
फलना महाराज ! ,फलना महाराज !
एउटा अलौकिक भालेको प्रार्दुभव भयो । ,काट अलौ जोस्च प्रार्दुभाव छान्हा ।
उ त्यहाँँ पुग्यो । ,होलाङ होलाङ टाहा ।
जुनजुन कन्दमूल दिने लहरा हो त्यसत्यसको कन्दमूल झिकेर लहरालाई मासिदिए । ,जुनजुम कन्डार याहाके लहरा आले इसे होच्यो कन्दिसम झीम लहराके मन्डीम मायाहा ।
यो कुर्सीमा मभन्दा अघि को थियो ? ,इसे कुर्सीआङ सीनाङ अघि सु लेया ?
कसैले भन्यो । ,सुय डेया ।
त्यो समयमा गाउँँगाउँँमा आगो हुँदैनथ्यो । ,होस समयाङ लाङ्घाँगालाङ म्हे म्हुटोला माछान्ह्ले ।
उसले किनारामा गएर राम्ररी नियालो । ,होचे किटाराआङ नुहुँआर सेहेम ।
मर्नै नहुने मान्छे थियो । ,सीकेन माछान्ह्च भर्मी लेया ।
जाने मन धेरै भए पनि जान पाइरहेको थिएन । ,नुङ्के मीमन ढेर ड नुहुँके डीन्ह्च मालेया ।
पढ्दै आएको थिएँ । ,पढीस्मन राहाच ङालेयाङ ।
माहिली सदाझैं अगेनामा आगो फुक्न छिरिन् । ,माहीली सनडसेन म्हेभोराङ म्हे म्हुट्के पैडीसा ।
उनलाई थाहा पाउन मन लाग्यो । ,होसके ठाहा डीन्ह्के मीमन लैडीसा ।
ती बूढाले भने । ,होस बढीय डेया ।
माहिली,माहीली
साथीले मलाई कवि दाज्यु अमित घिमिरेसँग पनि भेट हुन पाइन्छ भनेको थियो । ,लाफाय ङाके कवि दाजी अमित घीमिरेकठा ड डुप्के डीन्ह्ले डेच लेया ।
सबैलाई यहीँ ल्याएँ ! ,जम्मैके इलाङ राका !
ऊ झन् भोकै भयो । ,होसे झगकै छान्हा ।
माहिलीले सुन्तला खान मागि । ,माहिलीय सुन्टला ज्याके ग्हीम ।
अनिहामी सँगसँगै बसौँला । ,अनको कठाकठान ङुआ ।
कुकुरलाई भोक लागेको थियो । ,चीऊके रन्छीक लैडीस्म लेया ।
अनि उनी जङ्गलमा ती जनवारहरु भएको ठाउँमा पुगे । ,अनी होस जङ्गलाङ होस जनहानको ठाउँआङ टाहा ।
कुकुरा भाले बास्दै थियो । ,ग्वा भाल्या राट्मन लेया ।
भन्दै उनीहरु त्यो माग्नेका लागि खानेकुरा खोज्न दगुरे । ,डेमन होसको होस ङीहीच लागी ज्याके पाके दगुरे ।
अमित दाज्युसँग केहिबेर,अमिट दाजीकठा हीडबर्डीस्म
भैंसी भने तल झ¥यो । ,भैसी डेनाङ म्हाकाङ झाला ।
त्यत्ति भनेर भाउजु खाजा बनाउनु जानुभयो । ,होटार डेम भजी अर्नी खासाको ।
मलाई समुन्ने देखेर अमित दाज्यु फुरुङ्ङ हुनुभयो । ,ङाके समुच डाङार अमिट दाजी फुरुङ छान्हाको ।
त्यो अभिलेखालयलाई सामुन्ने देख्न पाउँदा मलाई अति खुसी लाग्यो । ,होस अभिसे हुर्के सामुन्ने डाङ्के डीन्ह्नाङ ङाके अटी खुसी लैडीसा ।
मलाई ती लेखकहरुले लेखेका पुस्तकहरु पनि ल्याएर पढ्न दिन्थ्यो । ,ङाके होस लेखककोइ रीक्म ड राक्म पढीस्के याहाला ।
अनि यत्तिकैमा उसको दिमागमा एउटा विचार फु¥यो । ,अनी इटकै होच्यो डीमागाङ काट वीचार फुट्के ।
ल ! आज राति तिमीले त्यो उज्यालो चन्द्रमालाई नियालेर हेर है ।,ल ! छीनीङ राती ने होस ट्याङच चन्द्रमाके डोन्म ङोस्नी है ।
पुतलीसँग खेल्नु प¥यो । ,पुलीकठा गेस्के पैडीसा ।
"तर , निबा का खाराङ लासि ? ","टर , निबोइओ खारमा नुहुँनी ?"
‘हरे राम ! अब म के गरुँ ? ’,लहररे राम ! अब ङा ही गरुँ ?
छाँयाको मुखमा पनि हाड थियो । ,छाँडीयाओ मेङ्गेराङ ड ह्यामन लेया ।
उपाय केही गर्छु । ,उपाय हीड जाटलाङ ।
"‘लौ न बाबु हो , म भोकले मर्न लागेँ , मलाई केही खाने कुरा देओ । ’ ","लौ न बाबु आले , ङा रन्छीकय सीके पाम , ङाके हीड ज्याके कुरा देको ।"
कलेज बिदा हुँदा हुँदा मात्र घरमा आउने गर्दछ । ,कलेज सीनाङ लेनाङ मात्रै इमाङ राहाके जाट्लाङ ।
म चाहीँ एकैछिनमा खाजा बनाएर ल्याउँछु । ,ङा चाहँ कालापाङ अर्नी खास्म राक्लाङ ।
आमाको वाक्य हराइसक्यो । ,मोइओ वाक म्हाटा ।
फुरुङ्ग भएर आयो । ,फुरुङ्ग छान्ह्म राहा ।
भाइ तपाईं दुईजना कुराकानी गरी बस्नुहोस् । ,भया नाको न्हीसजना कुराकानी जाट्म ङुनी ।
"आगो दनदन दन्कन थालेपछि , खरायोले माग्ने बूढालाई भन्यो । ","म्हेनीङ दन्डन दन्के ठाला , खरायोय मन्डीच बढ्के डेया ।"
"ईश्वर , भोक लाग्यो होला । ","ईश्वर , टुक रङ्छीया ओला ।"
बाटोमा पुल थियो । ,लामो पुल लेया ।
परिचित हुँदै आएको थिएँ । ,पढीस्चित छान्ह्मन राहाच लेया ।
त्यो भन्दा पहिले चाँही भक्तपुरको एउटा साहित्यिक कार्यक्रममा भेट्न भएका थियौं अमित दाज्युलाई । ,होस डेनाङ पहीला चाँही भक्तपुरो काट साहित्यिक कार्यक्रमाङ डूप्के लेनाङ लेया अमिका लेया दाजीके ।
भेट भएपछि त्यहाँका लेखक साथीहरुले मलाई उनीहरुको घरमा जाउँ भनेर कर गर्न थाल्यो । ,डूप्च छान्ह्प्याक होलाङो लेखक लाफाकोय ङाके होसकुङ इमाङ नुहुँईङ डेम कर जाट्के ठाला ।
देवतालाई पनि सोल्मा चढाउने कुराले जाम्बियाङको रिस कम्ति हुँदै गयो । ,डेवटाके ड सोल्साङ चढडीके कुराय नुहुँके बीरीसो मीरीस होम्टी छान्ह्म नुहुँआ ।
"स्टिलको थालमा जाम्बियाङ , दुईटी बहिनी छेतेन , बोइमो र आमालाई । ","स्कुलओ थालाङ नुहुँकेबिर्क्याङ , न्हीस छेतेन , बुबा अनी मोइके ।"
यता खड्कुलामा चामलको भात पाकेको छ । ,इलाक खड्कुलाङ चामलो छो म्ही ले ।
छेतेन र बोइमोले भोलीको लागि पानी ओसारी । ,छतेन अनी बुबामघो लागी डी ओसा ।
हेडमिसले सोध्नुभयो । ,हेडमिसे गीनाको ।
कालीले बुबालाई तर्साउनका लागि आवाज ठूलो पारी । ,कालीय बोइके टर्साक्के लागी आवाज करङ्च पार्लाक ।
लौ यहाँ चित्र बनाऊ । ,लौ इलाङ चीन्डी खासो ।
बिहान यो कुरा भएन । ,गोराक इसे कुरा माछान्हा ।
पुन्नेले गुन्नेलाई सोध्यो । ,चीन्डीचये म्याङ्के गीना ।
ट्वाइलेटको ढोका फुट्ला झैँ गरी बज्यो । ,ट्वाइलेटो ढोका फुट्ला झै जाट्म ङाहा ।
बज्यैलाई कुर्न बस्नु भएको लमतन्न साँहिलाबा कराउनुभयो । ,बज्याके वाङ्म ङुम लमटन्न साँहिलाबा च्याकाको ।
साँहिलाबा कराउनुसाथ जाउले कान्छा जुरुक्क् उठेर बाहिर निस्क्यो । ,साँहीलाबा च्याक्म नुङ्नीय कान्छा जुरुक्क सोआर बहीरीङ ख्योहोआ ।
"गाउँम त एक डोको घाँस , एक गाग्री पानी ल्याउन सकेपछि ठूलो भयो भन्छन् । ","लाङ्घाङ च काट डोको घाँस , काट गाग्री डी राक्के य्होक्प्याक बड्को छान्हा ।"
गाउँमा उसलाई सबैले ठूलो भएछ भन्छन् । ,लाङ्घाङ होसके जम्मैय करङ्च छान्ह्लेसा ।
पुन्नेले सोध्यो । ,चीन्डीचय गीना ।
‘त्यसैले हामी दुई राती नै पुग्नु पर्छ । ’,होटै कान न्हीस न टाहाके पर्ले ।
चारवटा भयो । ,बूलीवटा छान्हा ।
"गाउँले , विद्यालयका साथीहरु , सरमिस डराएको देखेर धेरै खुसी थिइ काली । ","लाङ्घालीय , विद्यालयौ लाफाको , सरमिस बीरीच डाङार खुसी लेया ।"
‘राती नै चाहीँ किन त ? ’,ने न चाउला हीके च ?
आमाले नाङ्लोमा सोल्मा ल्याउनुभयो । ,मोइय माडाङ्च सोल्साङ राको ।
"‘ए . . . त्यो मलाई खाजा पनि नल्याइ पौडी खेल्न गएको , मैले जानेको छु घरमा पुगेपछि । ’","एई . . . होस ङाके खाजा ड मामल्याम गेस्के नुङ्च , ङै नुहुँके इमाङ टाहाप्याक ।"
च्यान्टे चुपचाप बस्यो । ,च्यान्त चुपचाप ङुआ ।
"तर , यसमाथि प्रष्ट चाहीँ भएको थिएन । ","टर , इढेमाङ प्रष्ट माचीम लेया ।"
गुन्नेले पुन्नेलाई भन्यो । ,गुहुय ओल्चके डेया ।
कोहि गुलियो चिजमा । ,सु गुलियो चीजाङ ।
गुहु चरो भनेकोले छेडुप हाँस्यो । ,बेहु ग्वाय घुमा रेटा ।
आमाले छेडुपलाई बोलायो । ,मोइय छेटपके ङाका ।
गुन्नेले भन्यो । ,र्है डेया ।
विद्यालयमा जानालाई अबेर होला । ,विद्यालयाङ नुहुँके अबेर ओला ।
छेडुपलाई बिस्तारै खोज्यो । ,छेल्हेसके बीस्टारै पा ।
"त्यति मात्र होइन , त्यसले त सर्प पनि खाने गर्दछ । ","होडीक मात्रै माहाले , होटै च सर्प ड ज्याके जाट्लेसा ।"
शुभकामना शुभकामना हाम्रो शुभकामना ,शुभकामना शुभकामना कानुङ शुभकामना ।
"कसैको लामा , कसैको छामा , कसैको बिरालो , कसैको मुसा । ","सुयो लामा , सुयो छाप्डीनाङ , सुयो बिरालो , सु सुयो मुसा ।"
अनि साँहिलोले छेडुपलाई ट्वाइलेटमा हुल्यो । ,अनी साँहिलाय छेट्यापके ट्वाइलेटाङ छान्ह्आ ।
विहानी झलमल्ल भयो । ,विवाल झलमल छान्हा ।
कसैले झ्याम्टा बजायो । ,सुय झ्याम्टा ङाहा ।
हेडमिस डोल्मा लामा हुनुहुन्थ्यो । ,हेडमिस डोल्हाङ लामा लेयाको ।
सोल्मा बनाइसकेपछि बुबाले अतिकति सोल्मा जाम्बियाङलाई दियो । ,सोलमा खास्मभ्याप्याक बोइय अटीकटी सोल्साङ जाम्माय याहा ।
"तर , सबै विद्यालयमा आयो । ","टर , जम्मै विद्यालयाङ राहा ।"
आमा सँुक्क सँुक्क रुनुभयो । ,मोइ साङुक्क सुक्क रापाको ।
च्यान्टेसे दुबै कान हातले समात्दै भन्यो । ,चाल्होसे न्हीसान्च मेनकेप जीम्मन डेया ।
बुबाले दिएको सोल्मा मुखमा हाल्यो । ,बोइय याहाच सोल्हाङ मेङ्गेराङ का ।
तिम्रो छोरा हराएको छैन । ,नो मीजा माजाप्मने ।
‘त्यो भुमरीले मलाई पनि कागज जस्तै गरी माथि माथि उडाए हुनेथ्यो । ’,होसे भुरीय ङाके ड कागज लख जाट्म ढेमाङ ढेमाङ उडा छान्ह्चला ।
अझै सकेन पल्लो छेउमा पु¥याउन । ,अझै डुम पल्लो छेवाङ पुग्डीया ।
‘ए आदरणीय मातामयी ! ’,होसे आदरणीय गुमायीहा !
बसबाट झरेर दुबैलाई मान्छेले जस्ताले बारेको ठाउँ छेवैमा लग्यो । ,बसीङ झाल्च न्हीसान्चके भर्मीय जस्ताय बारो ठाउँ छेवाङ नुहुँआ ।
साँहिलो हात फुत्त तानेर भित्र छि¥यो । ,साँहिला मीहुट फुट्ट टन्डीम भीट्री पैडीसा ।
"ऐँसेलु , चुथ्रो , काफल , हाकुपाकु , कारसिङ , तिमुन , गोगन पाक्दा त उसको मन साह्रै खुसी हुन्थ्यो । ","र्लुङ , चुथ्रो , काफल , 'कपानी , कारण , कारहा , तिमुर्हीन्के डीन्ह्नाङ च होच्यो मीमन खुसी छान्ह्म मह्रहोला ।"
फेरी गीत गाई । ,फेरि ल्हीङ ल्हीङ ।
जाम्बियाङ रिसले कालोकालो भयो । ,ताम्ह्चमा मीरीसय कालो छान्हा ।
विद्यालय असार महिना पुरै बिदा भयो । ,विद्यालय असार महीना पुरै बीडा छान्हा ।
त्यति भनेर उ भुमरी भित्र पस्यो । ,होटार डेम उ भुरी भीट्री पैडीसा ।
बुबाले केहि भन्नुभएन । ,बोइय हीड माडेया ।
"हो आमा , तर बुबालाई धेरै भोक लागिरेहो छ , तपाईं र म मिलेर ढिँडो बनाउँ । ","आले मोइ , चर बोइके ढेर भोक लागी ले , नाकुङ म खाटार ढुम खास्च ।"
आफ्नो जन्म दिनको जमघटको कुरा सुनेर जाम्बियाङ खुसी भयो । ,मेनो फुन्ह्च जमघो कुरा सेयार जाम्के खुसी छान्हा ।
घरभित्र छेडुपको बज्यै ओल्टिपल्टि बसेको छ । ,इमभीट्री लेडुपौ बज्या ओल्टीपल्ट ङुच ले ।
छिरिङको कुराले सर नै खितिति हाँस्यो । ,छौ कुराय सर न खिति हेट्म रेटा ।
उसलाई लाग्यो । ,होसके लैडीसा ।
प्लेन त छिटो छिटो उड्छ । ,हुँछोन च झोको झोको हुर्ले ।
‘आज भने ठूलै भेट्यो । ’,छीनीङ डेनाङ करङ्च डुपडीसा ।
आमाले गाउँका सबैलाई बोलाउनु हुन्छ । ,मोइय लाङ्घौ जम्मैके योट्च छान्ह्ले ।
थरर काम्दै ङिमाले पानी पियो । ,थर होयोमन मागानाङय डी गा ।
अँध्यारो भयो । ,छुम्च छान्हा ।
‘पाहा किन मारेको भनेर मलाई खोलाको पुलिसले समातेको देखेपछि डर लाग्यो मला त । ’,होलाङ हीके मासाट्च डेम ङाके खोलौ पुलिसय जीट्च डाङा ङा च ।
छाँया त छोटो भएर आएछ । ,छाँया च टुन्ह्च छान्हार राहालेसा ।
चरेसको थालमा बुबालाई । ,चरेसो थालाङ बोइके ।
त्यही भातबाट माने जस्तो सोल्मा बनाउनु भयो बुबाले । ,होसे छोङ माच लख सोल्हाङ खास्के छान्हा बोइय ।
आधा विहानमै कता गयो भनेर बाहिर पनि खोज्यो । ,आधा वि गोराक न कुलाक नुहुँआ डेम बहीरीङ ड पा ।
विद्यालय गयो । ,विद्यालय नुहुँआ ।
"कहिले कुनामा , कहिले बीचमा , डीलमा भुमरीसँग सँगसँगै उफ्रियो । ","सेन कुनाङ , सेन बीचाङ , पानीलाङ भुरीकठान कठाकठान फोर्होजोआ ।"
अँध्यारो रातमा यसो गर्दा भूतहरुको सातो हरायो । ,छुम्च नाबीकआङ इट जाट्नाङ भूटकुङ साटो वोचरा ।
"थाल बजाएको , गीत गाएको सुनेर बुबा पनि कालीको कोठामा आइपुग्नुभयो । ","थाल बच्चा , ल्हीङ ल्हीङ सेम बोइ ड कालीओ कोठाङ टाराहाको ।"
"क्रिम हालेको काठमाडौंको केक खाने मन , साथीहरुलाई पनि केक खुवाउन नपाउने कुराले भने उसको मन रोयो । ","नामसीन कास्च काठमाडौंओ ही ज्याके मीमन , लाफाकोके ड ही कास्के माडीन्ह्के माडीन्हा डेनाङ होच्यो मीमन राका ।"
त्यत्तिनै बेला आँखामा झँल्यास्स आगो उछिट्टि झैं भयो । ,होसन बेला मीमीकाङ झल्याँस्स म्हे म्हुङ्म लख छान्हा ।
‘छन्द्रङ्ग . . . ’ अँध्यारो आँगनबाट ठूलो आवाज सुनियो । ,स्यान्द्रङ्ग . . . छुरु छुम्च आर्भाईङ बड्को आवाज सेया ।
यत्तिको मान्छे भएको ठाउँमा थाल फुटाएको कुरा भन्योभने लाज होला । ,इडीकौ भर्मी लेच ठाउँआङ ठाल फुटाच कुरा डेयाडेनाङ लाज ओला ।
मावला बाजेले राखेको नाम । ,मावला बाजीय डाच म्यारमीन ।
डाँडामा पुग्दा त घाम अस्ताइ सकेको थियो । ,डाँडाङ टाहानाङ च नामखन खाटाक्म य्होक्मन लेया ।
"म भूते बनोन , हिहिहि . . . । ","ङा भूटे बखट , व्हाच . . . ।"
रोएर समस्याको समाधान नहुने नै थियो । ,राप्म सम्याओ जीधान माछान्ह्के न लेया ।
पौडी खेल्ने बेलामा धेरै पानी खाएर मलाई यस्तो भएको हो । ,पौडी गेस्च बेलाङ ढेर डी गाम ङाके इन्च छान्ह्च आले ।
अनि सानो सानो स्टिलको चारवटा भाँडोमा । ,होसको सानो स्टिलो बूलीओ बूलीवटा भाँडाआङ ।
तेस्रो कुरा हामीले विद्यालयमा पाहा पोखरी बनाउन सक्यो भने यहाँ धेरै मान्छे घुम्न आउँछ । ,सोम कुरा कान विद्यालयाङ डीन्हा पोखरी खास्के सका डेनाङ इलाङ भर्मी छलखन राहाले ।
चौधा वर्ष पुगेको आफ्नो छोरालाई आमाले घुक्र्याउनुभयो । ,चौधा ल्हेस टाहाच मेनो लेन्जामीजै मोइय घुक्रडीयाको ।
फुटाएको थाल बारीमा खाल्टो खनेर पु¥यो । ,फुटाक्च थाल बारीआङ ज्याच खाटार पुच्डीया ।
वनबाट चरा मारेर ल्याउन पाउँनु अर्को खुसीको कार्य हो उसको । ,वनलाकीङ ग्वा ङीम राक्के डीन्ह्के आस्काट खुसी आले होच्यो ।
छेडुप खोइ ? ,छेल्हेस खोइ ?
अर्को भेक लागेर । ,आस्काट भेक लैडीस्म ।
साँहिलो पनि करायो । ,साँहिला ड च्याका ।
"बुबा र आमा चाहीँ छोरीलाई निको पार्न कहिले झाँक्रीकोमा , कहिले देवताथानमा , कहिले अस्पतालमा कुद्ने गर्छन् । ","बोइ अनी मोइ चामल माझामीजाके निको पार्के सेन झाँक्रीओ , सेन देवतावतानाङ , सेन अस्पटालाङ कुलाङ जाट्ले ।"
गुन्ने र पुन्नेलाई त ढुङ्गा खोज्दा देवता पाए जतिकै भयो । ,बेन्ने अनी पुन्नेके च ल्हुङ पानाङ देवता डीन्नाङ जटी न छान्हा ।
"‘न घरैबाटै ल्याएन कि’ , उसलाई त्यस्तै लाग्यो । ","सोम इमलाइङन माखाट्म , होस्के हुन्चन लैडीसा ।"
‘लौ आफ्नो साथी । ’,लौ मेनो लाफा ।
अनि घुमौ । ,हतै घुमा ।
मामाले टिका लगाइदिनु भयो । ,मामाय टीका बुसाका ।
‘कहीँ आज मलाई ट्वाइलेटमा थुनेको छेडुपले त होइन ? ’,हजुर छीनीङ ङाके ट्वाइलेटाङ ठुक्च छेवाङ ठुक्च ले च माहाले ?
"बुबाले पिट्ने , आमाले पिट्ने सम्झेर साँहिलोले आफ्नो बच्चालाई नपिट्ने विचार बोक्यो । ",बोइय डुडुप्च मोइय डुडुप्च आर्मीटा साँहीलाय मेनो बजाके माडुप्च विचार ङाचाराङ ।
म बनाउछु ढिँडो । ,ङा खालाङ ढीँडोओ ।
झरेको थाल र चम्चा टिपेर त्यही बजाएर गीत गाइ कालीले । ,झाल्च ठाल अनी चम्चा ढुमार होसेन ङाहाम ल्हीङ्म ल्हीङो काइलीय ।
उता भूतको भने दुःखको दिन शुरु भयो । ,होलाक भूटौ डुखाओ याक सुरु छान्हा ।
हेडमिसले जुम्ल्याहको परिचय दिनुहुँदै भन्नुभयो–,हेडमिसे जुम्ले जाहानो परिचय याहामन डेयाको ।
कहिले गिलासहरु फुटाएर राख्थ्यो । ,सेन गीलासको फुटाक्म डाओला ।
परर ताली बज्यो । ,पर टाली ङाहा ।
"पिकनिकमा आउने मानिसहरुले फ्याँकेका पत्रिका , चाउचाउका प्लास्टिक चौरमा छरिएको छ । ","पिटिक राहाके भर्मीकोइ फ्याँक्ने पत्रिका , चाउचाउओ पस्टिक चौराङ ले ।"
एकैछिनमा उनीहरु सिभिल मलमा पुग्यो । ,कलापीङ होसको सिभिल मलाङ टाहा ।
गाउँमा गएपछि काङ्फु सिक्ने मन गरेर चलचित्र घरबाट निस्क्यो । ,लाङ्घाङ नुहुँप्याक काङ्फुट्के मीमन जाटार केसा ।
भैँसीको पगालेको घिउ थियो । ,झैसीओ पगडीस्च घीउसी लेया ।
त्यत्तिनै बेला छेडुपको आमा पनि त्यहीँ आइपुगिन । ,होसन बेला छेवाङ मोइ ड होलाङ टाराहा ।
चुप लागेरै बस्यो । ,चुप लग्डीस्मन ङुआ ।
‘नछोउ मेरो छोरोलाई । ’,सोम मीजा ङौ लेन्जामीजाके ।
कालीलाई पनि बुबा देखेर धेरै रिस उठ्यो । ,कालीके ड बोइ डाङार ढेर मीरीस ख्योआ ।
उसलाई चाहीँ कागजलाई जस्तै उडाउन सकेन भुमरीले । ,होसके चाउला कागजके लख होयोक्के माय्होका ।
काली बहुलाए पनि हलल बढेर आई । ,काली बहुलानाङ ड हल बढीस्म राहा ।
"तर , छेउमा भएको एउटा सरले सोध्यो । ","टर , छेवाङ लेच काट सरय गीना ।"
पोखरीमा पौडीदा पौडीदै ङिमाले छाँगामा चेढेर ढुङ्गाको कापबाट पाहा तान्यो । ,पोखरीआङ पौडीस्नाङ पैडीमन ङीह्रीय छाँगाआङ चेसार ल्हुङो काके डीन्हा ।
यो त धेरै चोखो चिज हो । ,इसे च ढेर चोखो चीज आले ।
गाउँमा कसैले कालीलाई बहुलाइछिन् भन्छन् । ,लाङ्घाङ सुयर कालीके बहुलाइ छान्हा ।
तिम्रो बुबालाई त तिम्रो माया नै छैन । ,नो बोइके च नो माया न माले ।
"‘त्यही सिमलको रुखमा रहेछ , साँढे त । ’","होसे होसे सीलओ मीकुवाङ लेसा , साँधे च ।"
पाहाको पुलिसले जेजखानामा हाल्ने भनेको देखेर निन्द्राबाट बिउँजेछ । ,सिक्डीओ पुलिसे मीजाराङ काके डेच डाङार मीमीकीङ बीर्हीले ।
त्यो मान्छेले भन्यो । ,होसे भर्मीय डेया ।
निक्लेर ढोकामा पग्ने बेलामा बाहिरबाट पत्रिका फ्याक्यो । ,निक्डीस्म गलामाङ पैडीस्च बेलाङ बहीरीङ पत्रिका फ्याका ।
जुम्ल्याहहरको कुरा सुनेर सरलाई नै अचम्म लाग्यो । ,जाम्जाओ कुरा सेयार सरके न अम्म लैडीसा ।
"‘लौ चाख्नु त जाम्बियाङ , सोल्माकेक । ’","लौ चाम्च च जाक्म्याङ , सोल्माके ।"
तिमीलाई ज्वरो आएको छ । ,नाङके ज्वोरी राहाच ले ।
उनीहरु डाँडामा पुग्यो । ,होसको डाँडाआङ टाहा ।
भूत गाउँ छोडेर भाग्यो । ,भूट लाङ्घा डासार जोहा ।
भोलीपल्ट जाम्बियाङको जन्म दिनको कार्यक्रम शुरु भयो । ,पीहीनपल्ट जागोमाओ जन्म याहाच कार्यक्रम सुरु छान्हा ।
भुमरी नाच्ने ठाउँमा उफ्रियो । ,भुरी स्याहाके ठाउँआङ फोर्जोहोआ ।
ओछ्यानमा पसेपछि जाम्बियाङलाई निन्द्रा लागेना । ,ओछ्यानाङ पैडीस्प्याक जाम्छुके निन्द्रा लैडीया ।
"‘छिः , यो भूतलाई मन्छाउने सोल्मा पनि हुन्छ त ? ’","कलापीङ , इसे भूटके मन्छडीके सोल्मा ड छान्ह्ले च ?"
पहिले त भिमसेन थापाले बनाएको धरहरा थियो रे । ,पहीला च भीसेन थापाय खास्च धरहरा लेया टा ।
"‘थाकी सक्यो , अब यता कता जाने ? ’","न्हुनीङो सक्यो , अब इलाक नुहुँके ?"
साथीहरुले गीत गाउन थाल्यो–,लाफाकोय ल्हीङ ल्हीङ्के ठाला ।
कालीको शक्ति देखेर बुबा पनि डराउनु भयो । ,कालीओ श्टी डाङार बोइ ड बीरीकाको ।
थिएन । ,ढेमाङ माहा ।
"अघाउँजी खाएपछि बज्यैलाई , बाजेलाई अनि माइज्युलाई पनि दुना , टपरी बनाएर झुसी पारेर ल्याउँथ्यो उसले । ","अघाउजी ज्याप्याक बज्याके , बाजीके अनी माइज्युके ड दुना , टन्डीम खास्म झ्याकोला होच्य ।"
मेरो पनि गल्ति छ । ,ङौ ड गील्टी ले ।
जाम्बियाङको ओछ्यान छेवैमा थियो । ,जाम्बि्याङो ओछ्यान छेवाङ लेया ।
भोलीपल्ट विहान छिट्टै घरमा जाने तयारी गरेर बिदा लियो । ,पीहीनपल्ट वि गोराक छीट्टै इमाङ नुहुँके टयारी जाट्म गोराक लाका ।
छिरिङले ङिमाको हात समातेर सोध्यो । ,छिरिङे मिमाओ मीहुट जीमार गीना ।
यो त थ्रिडी चलचित्र रहेछ । ,इसे ट्रियो सीचित्र लेसा ।
जाम्बियाङको मनमा कुरा खेल्यो । ,जाक्म्याङो मीमनाङ कुरा गेसा ।
कति धेरै ताराहरु । ,कुडीक ढेर टाराको ।
"ओहो , ठूलो हुँदै आएछ । ","ओहो , करङ्च छान्ह्मन राहालेसा ।"
उनीहरु चस्म लाएर मकै खाँदै चलचित्र हेर्न सिटमा बस्यो । ,होसको चौडीस्म ङाकै खाँमन स्यालचित्र ङोस्के सीटाङ ङुना ।
तिमी त भूत जस्तै बन्छ । ,नाङ च भूट लख बन्डीस्ले ।
च्यान्टेलाई विद्यालयबाट आएपछि खेतमा खाजा लिएर आउ भनेको थियो बुबाले । ,च्यान्तके विद्यालयीङ राहाप्याक गार्हाङ अर्नी लाम राहान डेच लेया बोइय ।
उसले त गुलेली टाउकोमा सिउरेको भुसुक्कै पो बिर्सेछ । ,होचे च गुहुचे मीटालुआङ सीच भुर्सुक्कै पो बीर्हीले ।
बज्यैके नारीमा सलाइन पाइप जोडेको छ । ,बज्यालाई स्यारीआङ सलाइन माडीन्ड जोड ले ।
आमाले ढिँडो पस्कनु भयो । ,मोइय ढीँड ठोहोके छान्हा ।
गर्मी शुरु भयो । ,मान्छे सुरु छान्हा ।
छेडुपकी आमा चाहीँ पसलमा दूध किन्न गएकी थिई । ,छेल्हेस्च मोइ चाहँ पसलाङ डुढ चीन्न नुङ्म लेया ।
च्यान्टे खेतमा पुगेको भए सहयोग पनि हुन्थ्यो बुबालाई । ,च्यान्त गार्हाङ टाहाच डेनाङ सहयोग ड बोइके ।
चरो मार्न नहुने भनेर बजारबाट नै गुलेली हटाइदिने भयो । ,चर सानै माछान्ह्च डेम बजारीङ न गुलीय हटाइडीमयाहाके छान्हा ।
धेरै जसोले प्लेन बनाउने कुरा मन परायो । ,ढेर जसोइ पाट्के खास्के कुरा जाका ।
छेडुपको आमाको आँखा पनि आँसुले भरियो । ,छेल्हेसो मोइओ मीमीक ड मीमीकडीय पीङा ।
सोल्मा बनाएपछि बुबाले भन्नुभयो । ,सोल्मा खास्प्याक बोइय डेयाको ।
ओहो काली ए त कति राम्री । ,ओहो काली च कुडीक सेहेच सेहेच ।
प्लेनमा चढेर भूतहरु मान्छेलाई मार्न गयो । ,प्नाङ काल्ह्म भूटको भर्मीकोके साट्के नुहुँआ ।
"रमाइलो सहर , ठूलो ठूलो घर , काठमाडौंको बारे तिमीले पनि धेरै कथा सुनेको छ हैन । ","मामा सहर , करङ्च इम , काठमाडौंओ बारे ने ड कथा सेके ले माहाले ।"
‘लौ यसलाई त अजिर्नले भेटेछ । ’,लौ इसके च अजिने डुप्लेसा ।
आमाले लठ्ठीले कुट्नु हुन्थ्यो । ,मोइय लठ्ठीय डुडुको ।
"च्यान्टेले आफूले गरेको बदमासी सम्झियो , मनन ग¥यो । ","चाल्होय मेल्लाय जाट्च बदाङ आर्मीट्म आर्मीटा , मीमन मानुहुँआ ।"
अनि एक्लै खेल्यो । ,होसकोल्लाखाट गेसा ।
पोखरी मात्र होइन छाँगा पानि बनाउने भनेको छ । ,पोखरी मात्रै माहाले छाँगा डीन्ह्के डेच ले ।
त्यो छाँगामा पाहा पनि पाउँथ्यो । ,होस लेाँगााङ डीन्हा ड डीन्होला ।
त्यसैले हामी छिट्टै पुग्नु पर्छ । ,होटै कान छीट्टै टाहाके पर्ले ।
त्यति बेला कालीलाई कसैले पनि राम्रो गर्दैनथ्यो । ,होस बेला कालीके सुय ड सेहेच माजाट्ला ।
आफूहरुले बनाएको योजना विद्यालयले यत्ति छिटो कार्यान्वयन गर्दा दुबै खुसी भयो । ,मेनकोइ खास्च इसे विद्यालये इडीक झ्याक्ट झ्याबन जाट्नाङ न्हीसान्ह्च खुसी छान्हा ।
बिस्तारै गएर ढोका खोलेको मात्र थियो । ,बीस्तारै नुहुँआर गलाच खोल्म मात्रै लेया ।
आमाले पनि त्यसै भन्नु भयो । ,मोइय ड होटन डेयाको ।
वनको बीचमा ठूलो चौर छ । ,वनो बीचाङ बड्को चौरु ले ।
"‘मलाई नि मार्नुहोस् , यसलाई नि मार्नुहोस् , हामी दुबैलाई एउटै खाल्टोको हाल्नुहोस् । ’","होडीकके साट्नी , इसके साट्नी , कान दुबैके काटन गानीओ कानुस् ।"
असत्ति लाटोकोसेरो । ,असट्टी लाटोसौस् ।
पोखरी भएको ठाउँमा अग्लो अग्लो छाँगा पनि थियो । ,पोखरी लेच ठाउँआङ घाङ्च करङ्च करङ्च करङ्च लेाँगा ड लेया ।
जाम्बियाङ तिमीलाई हाम्रो धेरै धेरै शुभकामना,जाम्क्याङ नाङके कानुङ ढेर शुभकामना ।
पुन्नेले पुल्टुङ पुल्टुङ पल्टेर भन्यो । ,मेने पुल्टुङ पुग्डीम डेया ।
"कोहि खानामा , कोहि तरकारीमा । ","सु छोआङ , सु मेटआङ ।"
यता काठमाडौं जाँदै छौं । ,इलाक काठमाडौं नुहुँमन ले ।
हामी यत्ति हतार किन गर्ने भनेको । ,कान इडीक हटार हीके जाट्के डेच ।
अनि जाम्बियाङसे ठूलो सोल्मा काट्यो । ,अनी जाम्रामार बड्को सोल्हाङ चेसा ।
हेडमिसको कुरा सुन्नसाथ ङिमाले आफूले बनाएको नक्सा सबैलाई देखायो । ,हेडमिसो कुरा सेकेङुओला माव्हाराय मेल्ला खास्च माका जम्मैके टनाका ।
ढलेको छोरालाई तान्दै उठाउनुभयो । ,धने लेन्जामीजाके टन्डीम होस बीर्हीनाको ।
सबै साथीहरु भेला भए । ,जम्मै लाफाको भेला छान्हा ।
फोटो खिचेर सकेपछि दुबै पत्रकार साथीसँग नै सुत्न गयो । ,टुन्ह्च झालाम डुम्प्याक न्हीसान्कार लाफाकठा न मीस्के नुहुँआ ।
बज्यैको अर्को हातमा समातेर छेडुप ‘बज्यै . . . बज्यै . . . ’ भनिरहेको छ । ,बज्यो आस्काट मीहुटाङ जीमार छेटप ले ।
बुबालाई नराम्रो लाग्यो । ,बोइके मासेहेच लैडीसा ।
"‘आज म पान्डा नै हिरो भएको चलचित्र हेर्न जाँदै छु , आफूहरु पनि जाने होइन त ? ’","छीनीङ ङै पान्डा न हिरो छान्ह्म चलचित्र ङोस्मन नुहुँमन ले , मेल्लौ ड माहाले च ?"
छिरिङ चालाख छ । ,छौरिङ चाखला ले ।
बुबाले नाङ्लोमा भात पस्कनु भयो । ,बोइय नाङ्गालाङ छो ठोहोको ।
बज्यैको हातमा सलाइन पानी झर्दै थियो । ,बज्यो मीहुटाङ सलाइन डी झर्मन लेया ।
छिरिङले भन्यो । ,छौरिङय डेया ।
त्यही खोले छेपुपले बज्यैलाई खुवायो । ,होसे खोले छेवाङ बज्याके कासाका ।
त्यही समयमा उनलेनै छोडेको खान ल्याएर आमा कालीको कोठामा आइपुग्नु भयो । ,होस समयाङ होच्यन डास्च ज्याके राक्म मोइ कालीओ कोठाङ टाराहाको ।
अनि सिन्किको अचार र मोही । ,अनी सीकौ अचार अनी मोही ।
यसको मासुलाई पैसा धेरै तिर्छन् । ,इच्यो स्याके पैसा ढुम्लेसा ।
‘बोक्सी चढेर भएकोले त्यो लाटोकोसेरो बाघ भन्दा पनि हुन्छ रे । ’,इलाङ काल्ह्म लेचय होस लाटोसोस बाघेरो ड छान्ह्ले टा ।
त्यसलाई उसिन्नु पर्छ । ,होस्के होसके होसके पर्ले ।
त्यही बेला मान्छेले पुन्नेलाई गुन्ने छेउमा ल्यायो । ,होस बेला भर्मीय ओल्चके मन्डीके छेवाङ राका ।
पिपिरिको पात टिप्यो । ,पिटौ पार्लाक ढुमाहा ।
‘नभत्केको भए हामी माथिको तलामा गएर काठमाडौं हेर्न पाउने थियो । ’,आल्केभेटो डेनाङ कान ढेमाङो टलाआङ नुहुँआर ङोस्के डीन्ह्म लेया ।
बुबाले नौनी घिउको धुपले सुद्ध पार्नु भयो । ,बोइय नौ घिउओ ढुपे सेद्ध डीन्हा ।
भोकले प्याकप्याक भएको बुबाको अनुहार झन कालोनिलो भयो । ,भ्याकय सकेपछि बोइओ मीटाहा झन कालोनिलो छान्हा ।
"विद्यालयमा , घरमा , गाउँमा जताततै । ","विद्यालयाङ , इमाङ , लाङ्घाङ जुलाकर ।"
धेरै फाइदा छैन त मेडम ? ,ढेरै फाइड माले च ङौ मीचार्डी ?
त्यो त अचम्मको थिएछ । ,होसे च अम्मो लेया ।
गुन्नेलाई पिर प¥यो । ,गुहुके पिरडीया ।
मामाहरु पनि आउनुहुन्छ । ,मामाको ड राहालेको ।
एकछिन त छिरिङले केहि भन्न सकेन । ,कलाप च छीरिङे हीड डेके माय्होका ।
छेडुपको आमासँग । ,छेल्हेसो मोइकठा ।
बुबाले भन्नुभयो । ,बोइय डेयाको ।
"कसैले कोदाली , कसैले कोदालो । ","सुय कोदाली , सुय ओडालो ।"
"‘देख्यो तिम्रो बुबाले तिमीलाई के ग¥यो , मुटु नभएको । ’ ","माडाङा नो बोइय नाङके ही गर्मी , मीगीनाङ माछान्ह्च ।"
कहिले काँचो चामलसँग काँचो दाल मिसाएर राख्थ्यो । ,सेन सेन काँचो छुरुकठा काँचो डाम डाओला ।
अहिले त छेडुप नै आठ वर्ष भैसक्यो । ,इनाङ च छेवाङ न आठ ल्हेस छान्ह्मभ्या ।
अघाएपछि फेरि डोकोमा छोप्दै थियो । ,अख्डीप्याक फेरी डोकोआङ डामन लेया ।
बरु जाउ पाल्दनलाई पनि यहाँ बोलाएर लिएर आउ । ,बरु नुङ्न पाल्डनके ड इलाङ योट्म लाम राहार राहान ।
होइसालले फेरि छाद्यो । ,साइलय फेरी डासा ।
तल आउ मुख धोएर खाजा खाना ढिलो भयो । ,म्हाकाङ राहान मेङ्गेर हुरम अर्नी ज्याके ढिलो छान्हा ।
एकदिन बज्यैले सार र मकेको ढिँडो खान मन गुर्नभयो । ,कायाक बज्ये सार अनी ङाके ढिँडो ज्याम जाको ।
"पासाङ , उठेन छोरा तिमी ? ","पासाङ , सोठो लेन्जामीजा नाङ ?"
घर पुग्दा बुबाआमा बारीमा मकै छर्न जानुभएछ । ,इम टाहानाङ बोइमोइ बारीआङ मकै लेल्के नुहुँलेसा ।
चाखेर हेर्न मान लाग्यो । ,मखेर ङोस्के मालैडीस्के ।
पारी पाखामा काफल पाक्यो चरी कराइरहेको थियो । ,पार्लाक पाखाङ काफल पार्लाक स्यास्म लेया ।
तलामाथि बच्चाहरु च्यारच्यार गरेको पनि सुन्यो । ,म्हाकाङढेमाङ बजाको च्याकार जाट्च ड सेया ।
दुबै अलि के थामिएको थियो होइसालले छाद्न थाल्यो । ,न्हीसान्च अली ही ठामिक्च आलेइ होयोक्म डास्के ठाला ।
मेरो छोरोलाई मैले अर्को बनाइ दिउँला नि । ,ङौ लेन्जामीजाके ङै आस्काट खास्म याहालाङ नी ।
मकै भटमास भुटेर नाङ्लोमा फिँजाएर राखेको थियो । ,मकै भटमास भुट्डीम माडाङाम डाच लेया ।
‘ए तिम्रो घरमा सलाइ होला जाउँ । ’,एई नो इमाङ सलाइ ओला ।
आमालाई सोधी । ,मोइके गीना ।
म उसको आमाकहाँ दूध ख्वाएर आउँछु । ,ङा होच्यो मोइकुलाङ डुढ ख्वाक्म राहालाङ ।
छ वर्षको साम्देनलाई फिरफिरे खेल्दा मन निकै खुसी थियो । ,छै ल्हेसो साम्डनके फीरफिरे गेस्नाङ मीमन नीकै खुसी लेया ।
आमाले मुइसाङलाई कुटे झैं गरी पासाङलाई फकाउनु भयो । ,मोइय मुइके कुट लख जाट्म पासाङके फकाको ।
तिमि यहीँ बस ल । ,नाङ इलाङ ङुन ल ।
दुबै घरभित्र पसी । ,न्हीसान्च इमभीट्री पैडीसा ।
जिङ्रिङ्ग भैबसेको पासाङको कपाल मिलाउँदै आमाले भन्नुभयो । ,ह्याङार भैबसेओ पासाङओ कपाल आर्जुम मोइय डेयाको ।
पासाङकी आमा फुलमायाले मकै चलाउँदै कराउनु भयो । ,पासाङो मोइ फुलाङय मकै केटाको ।
होइसाल विद्यालयको आँगनमा धुलो खेलेर धुलोपिठो भएर आएको थियो । ,इसाल विद्यालयौ आर्भाङ धुलो गेस्म ढुपी छान्हार राहाच लेया ।
भुर्र उडेर माउ चाहीँ आयो गुँडमा । ,भुर्हाङ भुर्म मोइउ चामडीस्म राहा ।
पासाङ रोयो । ,पासाङ रोयो ।
ढुङ्गा पो छैन । ,ल्हुङ पो माले ।
आठ वर्ष भए पनि मायाले पासाङले आमालाई जहिले पनि भ¥याङ झर्दा बोक्न लगाउँथ्यो । ,आठ ल्हेस डेनाङ ड मायाय मोइके जहीलेर ड भीन्नाङ झर्नाङ बुके लैडीसोला ।
आमाले भन्नुभयो । ,मोइय डेयाको ।
तिमी एक्दै खेल न त ? ,नाकोल्लाखाट गेल न च ?
‘आहा ! हुुर्नुस् न दिदी । ’ ,आ ह्या ! हुर्नी न डैया ।
‘ए . . . हो ? ’,एई . . . आले ?
‘हेर हेर अनुहार त बाँदरको नै भएछ नि । ’,ङोसो ङोसो मीटाहा च बाँडौ न छान्ह्लेसा नी ।
भाइले खुट्टा नै टेक्न नसक्ला जस्तो भएपछि त दिनिले भनी । ,भये खुट्टा न टेक्के माय्होक्ले लख छान्प्याक च दिनिय डेया ।
होइसालले मछेनी खाएर जिब्रो मात्र कालो होइन अनुहार पनि कालो बनाएछ । ,इसालय सीलेसा ज्याम जीब्रो मात्रै कालो माहाले मीटाहा ड कालो खासा ।
होइसालले लुगाको माटो झारेझै ग¥यो । ं,त्योसालय लुगाओ झाल्के झारेझारडीया ।
होइसालले कुरा नमान्न खोजी । ,इसालय कुरा मामन्डीके पा ।
"केहिबेर रोएपछि उसले मनमा सम्झी , साना नानीहरुले आगो खेल्ना नहुने भन्ने कुरा । ","हीडबेर रोक्प्याक होच्य मीमनाङ आर्मीटा , साना नानीकोय म्हे म्हुट्के माछान्ह्के डेच कुरा ।"
"‘ए आमा , मछेनी मातिएछ नि बच्चा त । ’","होसे मोइ , ङाछान्लेसा नी मीजा च ।"
बच्चाको जिद्दि देखेर आमाले फकाउनु भयो । ,मीजाको जीद्म्च डाङार मोइय होयोकाको ।
‘किन ? ’,हिके ?
होइसाल गईनन् । ,इसाल नुहुँआ ।
त्यत्तिकैमा दुबै किताब बोकेर घरपट्टि हिड्यो । ,होसट्टीकै न्हीसान्च किटाब बुम इमपट्टी व्हा ।
"त्यसैले हाम्रो यो घर र हाम्रो तलामाथि भएको गौंथलीको गुँड , उसको माउ भाले , बच्चाहरु हामी जस्तै हो । ","होटै कानुङ इसे इम अनी कानुङ टलाढेमाङ लेच ग्लीओ म्युम , होच्यो मोइय , होच्यो भाषाको लखन आले ।"
त्यसैल विद्यालयमा भर्खरै एउटै कक्षामा पढ्न भर्ना भएको थियो । ,होसन विद्यालयाङ भर्खरै काट न कक्षाङ पढीस्के भर्ना छान्ह्च लेया ।
ठूलाहरुलाई सारेर पासाङलाई अट्ने गरी राखिदिनु भयो । ,बड्लाकोके सार पासाङके अटडीस्च जाट्म डामयाहाको ।
"‘आहा ! घुम्यो है , घुम्यो हाम्रो फिरफिरे हि हि . . . । ’","छारी ! घुमा है , छ्याम्याङ कानुङ फिरफिरे व्हा . . ।"
आमा नजिक आइपुगेपछि साम्देनले बाडुली तान्दै आमालाई भन्यो । ,मोइ खेरेप टाराहाप्याक साम्देनय बाली टन्डीमन मोइके डेया ।
उसको कामै त्यो हुन्छ । ,होच्यो काम न होस छान्ह्ले ।
आँखा माढी माढी उठ्दा घाम चिरिरि उदाएको रहेछ । ,मीमीक मोइ पढ्डीस्च सोनाङ नामखन आर्जुम ख्योहोच लेसा ।
‘काफल पाक्यो . . . काफल पाक्यो . . . । ’ ,होटल पार्लाक . . . . काफल पार्लाक . . . ।
हेर तिमीहरुको आमा म तिमीहरु बच्चा । ,ङोसो नाकुङ मोइ ङा नाको मीजा ।
‘के गरेर पाल्ने ? ’,होस जाट्म डीन्ह्के ?
आमा चाहीँले भन्यो । ,मोइ चालाङ डेया ।
दिनि र होयसाल अझै आधा बाटो कटेको छैन । ,दिनि अनी आलेसाल अझै काबोक लाम कत माले ।
नाङ्सालले राखेको त्यो बाख्राको बच्चाको नाम तरकुलि थियो । ,नाङ्सालय डाच होस र्हाओ मीजाओ म्यारमीन टरकुलिक लेया ।
होइसाल जिब्रो निकालेर हास्यो । ,इसाल जीब्रो छ्युक्म ङापा ।
नाङ्साल आफूले नहुने काम गरेर तरकुली मरेकोले उफ्रि उफ्रि रोई । ,नाङ्साल मेल्लै माछान्ह्के काम जाटार टरकुली सीचय फोर्होजोम फोर्जोहा ।
पासाङ काखमा बस्न आयो । ,पासाङ मीकुवाङ ङुके राहा ।
बगर डाँडको प्राथमिक विद्यालयमा भर्ना भएको उनीहरु दुबैलाई पढ्नमा ध्यान त्यति जाँदैनथ्यो । ,बगर बीनौ प्राठमिक विद्यालयाङ भर्ना छान्ह्च होसको न्हीसान्ह्चौ पढ्न ढुस्के ढ्याके ढ्याओला ।
काफल पाक्यो चरी ,काफल पार्लाक चौरी
झल्यास्स बिउँझियो पासाङ । ,झल्यास्स रीहीना पासाङ ।
‘किन हुनु नि आमाले हिजो मात्र धोएको लुगा हेर त्यहाँ । ’,हिके छान्ह्के नी मोइय टीसीनीङ मात्रै धोच कप ङोस्च होलाङ ।
होइसाल र नाङ्साल पनि जानि नजाति ‘छुट्टि मकै मुट्टि’ भनेर घरपट्टि कुद्यो । ,इसाल अनी नाङ्साल ड नुहुँकेम्टी माव्हालाङ ङा पट्टीकै मुट्टी हार्डीसा डेम इम खेर्हीना ।
होइसाल अलि सोझि थिइन् । ,इसाल अली सोझि लेया ।
फिरफिरे खोसेर भागेको पाल्देनलाई बोलाउन मन नभई नभई गयो साम्देन । ,फिरफिरे खोर्डीम भागो पाल्देनके ङाक्के मीमन माडेनाङ सम्हा ।
‘आमा ! . . . आमा ! . . . ’,इ ! . . . . मोइ !
बज्यैले जमिन भित्रबाट सागको पोका निकाल्नुभयो । ,बज्ये जमिन भीट्रीङ सागौ पोका नीकाल्हाको ।
पासाङ धेरै जिज्ञासु थियो । ,पासाङ ढेर जीज्ञासु लेया ।
यो भुँडेलाई । ,इसे भुँके ।
त्यही बेलो बज्यैको माइती गाउँबाट नाति बज्यैलाई लिन आइपुग्यो । ,होसे बेलो बज्याओ माइटीङ नाटीक बज्याके लाके नुहुँआ ।
हेर छोरा तिमीलाई त मकै फूल उठेको उठेको । ,ङोसो मीजा नाङके च ङा सार सोच सोच सोच ।
घर पुग्न कुकुरचिहान भन्ने ठाउँ काटेर जानु पथ्र्यो । ,इम टाहाके चीऊि गोराक डेच ठाउँ चेम नुहुँके परीसा ।
साम्देनले भन्यो । ,साम्देने डेया ।
दुबै एकै वर्षमा जेन्मेको हो । ,न्हीसान्च काट ल्हेसाङ हीसच आले ।
आमाले होइसाललाई काखमा फुत्त तान्नुभयो । ,मोइय आलेसालके मीकुवाङ फुट्ट टन्डीयाको ।
आगो बालेपछि उनी अलिपर भागी । ,म्हे बाहाप्याक होसे अलीपार्लाक जोहा ।
तिमीहरुलाई खाना अघाउँजी नखुवाएसम्म मैले कहिल्यै नखाए जस्तै हो । ,नाङकोके छो ज्यानजी माखुस्चसम्म ङै सेनर माज्याम लखन आले ।
कहिल्यै यसरी नरोएको छोरो रोएको देखेर साम्देनको आमा डराएर दौडेर आइपुग्नु भयो । ,सेनर सेनर इटरी मारोक्च लेन्जा राप्च डाङार सादेनो मोइ बीरीम दौरीम टाराहाको ।
"त्यो मात्र होइन च्याख्ला , मकैको ओडालेको ढिँडो सँगै सिस्नु र पात्ले सिस्नुको तरकारी भनेपछि त बढी बज्यैको मुखमा थुकनै रसाउँथ्यो । ","होस मात्रै माहाले च्याक्प्याक , मकैओ मीऔँडो झोँडो कठान सीके डीन्होला अनि सिकारीओ बरकारीओस्प्याक बज्या अनी ठुक्चन थुक्चन ठुक्चन थुक्चन ठुक्चन थुक्चन थुँहोला ।"
बाटो माथि मछेनी पाकेर लटरम्म थियो । ,लाम ढेमाङ ङाछान्लेसा पार्लाक लरम्म लेया ।
आमाले पासाङलाई जुरुक्क बोकेर तल्लो तलामा लानुभयो । ,मोइय पासाङके जुरुक्क बुम टल्लो टलाआङ नुहुँनाको ।
संसारका सबै पहाडी उपत्यकाहरूले पच्चीसौं जातिका पृथक् अस्तित्वलाई आफूभित्र समाहित गरेर राखेका हुन्छन् । ,संसारो जम्मै पहाडी उपहोच होटै मीजाकोइ पृसौ पृथुक्ति ट्व सल्लाहभीट्री जीट्च जाटार डालेको ।
म राम्रैसँग तिब्बती बोल्न सक्थेँ । ,ङा सेहेमकठा तिब्बती ङाक्के हेल्थाङ ।
जिउँदोपनाको धुकधुकी पाइन्छ । ,जीट्चपाङ्क्वाओ ढुकढुन्च डीहीन्ले ।
मेरो छेउको टसी–ल्हुन्पोको साथमा बस्नेवाली मध्य–तिब्बतकी थिइन् । ,ङौ छेउओ टिन्हुनीङ मढ्डीच साथाङ ङुके मढ्यवाली मढेमाङ लेया ।
यो रिपोर्ट सुन्ने वित्तिकै ब्रम्हादेवको लालीमय मोहनी रुपमा मेघ गर्जियो । ,इसे रीक्केपोर्के वित्तिकै बम्देवो लालीमय मोहनीआङ मेङ्गेराङ का ।
संक्रमणकालको जाँतोमा भविष्य पिसेर यो काठमाडौंदेखि हारेको एउटा टुहुरो कहाँ गयो होला ? ,संक्रेरणोलओ जाँस्चआङ भविष्य डुसेर इसे काठमाडौंव्हारा काच काट टुहुरो कुलाक नुहुँआ ओला ?
हरेकपटक भोलि–पर्सि भनिन्थ्यो । ,हरेकपटक पीहीन आपीर्सियोला ।
फागुन बित्यो  । ,फागुन बीट्डीसा ।
तैपनि मैले यिनीहरूसँगै बसेर खाने निर्णय गरेँ । ,टन्डीम ङै इसकोकठा न ङुआर ज्याके नीर्णय ङाजाट्ला ।
किनभने ज्यादा हेलमेलले रहस्य खुल्ने डर थियो  । ,हीकेडेनाङ खाल ङोस्नाङय रहस्य खुस्के बीरीस लेया ।
नेपाल देशमा राजनीतिक परिवर्तनसँगै राजनैतिक शक्तिको आडमा संस्थागत रुपमा भ्रष्टाचार मौलायो । ,नेपाल देशाङ राजटीनीक परिवर्टनकठा राजारनकेपतिओ आताराङ ज्याड संग्रहाङ भला रोप्डीया ।
हृदयदेखि धेरैधेरै धन्यवाद ! ,ृदव्हारा ढेर ढेर धन्यवाद !
तर त्यो स्टेजमा प्रस्तुत भएको कहिल्यै पनि देखिनँ । ,टर होस स्जाङ प्रस्तुट छान्ह्म सेनर ड माडाङा ।
राजमार्ग छेउमा दाउरा बेचेर मेरी एक्ली आमाले यो भन्दा धेरै पढाउँन सक्ने अवस्था पनि थिएन । ,राजाङ हुर्के छेवाङ डाजी आर्लाम ङौ एक्ली मोइय इसे डेनाङ ढेर पढीस्के माय्होक्च अवस्था ड मालेया ।
एक दुई दिनका लागि उनीकहाँ गएर बसूँ भनेर उनले खबर पठाएका थिए  । ,का याक न्हीस्च लागी होसको कुलाक नुहुँआर ङुन डेम होच्य खबर पठाएका लेया ।
नेपाल उपत्यकाका सबै बौद्धमार्गीहरूमाझ डुक्पा लामा आगमजानी सिद्ध हुन् र यिनी चौबीसै घण्टा समाधिमा रहन्छन् भनेर प्रसिद्ध थिए  । ,नेपाल उपहोच जम्मै बौद्धाङ मुटुकोआङ झाङ डुपाआङ आयाङ्गानी सिद्धिओस अनी यही घिताको घिसिपाङ्मन लेया ।
उपत्यका बाहिरबाट काठमाडौंमा केहि गर्छु भनेर आउँनेहरुका लागि बाह्रमासे डिउटी हो कोठा खोज्नु । ,उप लाङ्घौ बहीरीङ काठमाडौंआङ हीड जाटलाङ डेम राहाके लागी बाह्रसाङ बीर्हीन्के पाच आले ।
यो विहार सम्भवतः पुरानै हो तर घरहरू चाहीँ प्रायःजसो नयाँ थिए  । ,इसे विहार सम्भावः पुरान आले टर इमको चामल प्रायःः नयाँ लेया नयाँ लेया ।
मेरो आँशु पोखिएर बनेको दियोमा शान्तिको पानसहरु जलायौ तिमीले । ,ङौ मीमीकडी पोखाट्म बन्डीयाहाङ शान्टीओ पार्टको जनसलाले ने ।
रिन्छेनले पहिला मलाई एउटा नेपालीको घरको कोठामा राखेको थियो  । ,रिसने पहीलो ङाके काट नेपालीओ इमो कोठाङ डाम लेया ।
"‘भक्ते ! घोर अन्याय , घोर अन्याय । ’","ह्याक्ते ! घोर अन्याय , घोरन्याय ।"
"यो सुन्दर दृश्य देखेर मात्र होइन , अब म राजधानीबाट धेरै पर छु भन्ने विचारले पनि मलाई ज्यादै खुसी तुल्यायो  । ","इसे सुन्दर दृश्य डाङार मात्रै माहाले , अब ङा रुधानीईङ ढेर परीचार डेच विचार ङाके ड खास्मन खुसी तुल ।"
"अप्रिल ९ , १८९३ मा भारतको उत्तरप्रदेश आजमगढमा जन्मिएका केदारनाथ पाण्डे पछि महापण्डित राहुल सांकृत्यायन बने । ","अप्रिल ९ , २९ २ मोइबारो उत्तरप्रदेश छीनीङमगाङ जन्म केस्के डीन्ह्ना ङाहा ।"
हाइकु कसरी लेख्ने ? ,कान कुटरी रीक्के ?
"म त्यहाँ मे , जुन महिनातिर पुगेको थिएँ  । ","ङा होलाङ , जुन महीनालाक टाहाम ङालेयाङ ।"
आज तिमीलाई सिंगार्ने प्रत्येक गरिबहरु पलायन हुँदै गयो भने तिमीलाई कस्ले बनाउँछ काठमाण्डु ? ,छीनीङ नाङके सिंगार्डीस्के प्रहोक गरीबको पन छान्ह्म नुहुँआ डेनाङ नाङके कुलाङ खास्लेसा ही ?
डेढ सय वर्षअघि गोरखाका राजा पृथ्वीनारायणले नेपाल उपत्यकालाई जितेर गोरखा राज्यको जग नबसाल्दासम्म नेवारहरू नै नेपालका शासक थिए  । ,भए सय ल्हेस अघि गोर बीक्च राजानो पृथ्वीनाले नेपाल उपटके जीमार बरसाल्यायो बाल्लौ ज्यूसम्म न लेया ।
एउटा राम्रो हाइकुले चिन्तन मनन गर्न मात्र हैन एउटा उज्यालो दिएर आत्मीय सुखशान्तिको भिन्नै दुनियाँमा पु¥याउँछ । ,काट सेहेच हाइकुले चीन मीमन जाट्के मात्रै माहाले काट ट्याङ्च याहाम आय मीस्मन राहाले ।
"पसिनासँगै मेरो सपना , मेरो भविष्य सबैसबै किस्तावन्दीमा परेको छ । ","पाटानाकठा ङौ सपना , ङौ भविष्य जम्मैन कीस्तावन्दीआङ परीस्च ले ।"
यहाँ काठमाडौंको जस्तो गर्मी पनि थिएन  । ,इलाङ काठमाडौंओ लख गर्मी ड मालेया ।
अचानक आमालाई बिमारले च्याप्यो । ,अचानक मोइके बीचाङय च्याका ।
खासमा यस्तो मैले किन लेख्न सकिनँ भनेर इष्र्यालू पनि भएँ । ,गाचाङ इन्च ङै हीके रीक्के माय्होका डेम इष्य ड छान्हा ।
तर काठमाडौंमा जताततै देखिने जस्तो टाउकै ठोक्किने होचा तला चाहीँ थिएनन् । ,टर काठमाडौंआङ जुलाकन डाङा लख मीटालु र ठोहोके ठोहोच मार्ह्च च चाम मालेया ।
भाषा मजबुत गर्ने यस्तो गतिलो मौका म गुमाउन चाहँदिन थिएँ  । ,भाषा ङाजबुहारी जाट्के इन्च गटीलो मौलो म्युमाङके चाहँलेयाक नालेया ।
"यहाँ एक महिना बसुन्जेल भाषा बुझ्नमा मेरो जुन गतिमा प्रगति भयो , त्यसमा यी कुराकानीले धेरै सहायता दिएको थियो  । ","इलाङ काट महीना बसुनो भाषा व्हार्के ङौ जुन ग्टीआङ प्रगटी छान्हा , होस इसे कुराकानीय ढेर साटाक्म याहाच लेया ।"
केही नमूना हाइकु ,हीड नमूना काइकु
अब म तिम्रो कमजोरी बारे कुरा गरौं ? ,अब ङा नो कमजोरी बारे कुरा जाटीङ ?
"यहाँ स्वार्थ , पाखण्ड , ढोङीहरु मात्र बाँच्न सक्छन् । ","इलाङ स्वार्थ , पाखण्ड , ढोङको मात्रै जीवाके य्होक्ले ।"
साथै उनलाई मेरो अप्ठेरोको राम्रो ज्ञान थियो  । ,साठै होसके ङौ अप्ठेरो सेहेच ज्ञान लेया ।
आफू जोगिन त्यो कुर्सीवालालाई कसरी आफ्नो प्रभावमा पार्ने भनेर गम्न थाल्यो । ,मेन जोगडी होस कुर्सीके कुटरी मेनो प्रभावाङ डीन्ह्के डेम गम्के ठाला ।
यसरी हाइकु भन्ने वित्तिकै ५÷७÷५ अक्षरको जम्मा १७ अक्षर भित्र ३ हरफमा लेखिने कविता भन्ने बुझिन्छ । ,इटरी हाइकु डेच विट्टीकै २५ अक्षो जम्माओ अक्षर भीट्री र्फिकाङ रीक्च कविता व्हाले डेम कविता व्हार्लाङ ।
तर भजनवाला लामाकहाँ भने दर्जनौं महिलाहरू भजनमा सामेल हुन्थे  । ,टर भजीवालाङ लामाटुङ डेनाङ दर्जन माझाको भलाजी सालखन छान्ह्ला ।
जब तिमी फोहरको डङ्गुरले घिनाउँदै रुन्थ्यौ । ,जब नाङ फोहरो डङ्गुरय घीनाक्मन राप्के ।
त्यहाँ गएर तिनलाई बुझ्ने कोशिस गर्नू । ,होलाङ नुहुँआर सोमके व्हाके कोस जाट्के ।
यो देश मेरो पनि हो । ,इसे देश ङौ ड आले ।
आफू आफ्नै बन्दी,मेल्ल्ल्ल्हौ बन्डी
महाबौद्ध बौद्धहरूको ठूलो तीर्थ हो  । ,ङाहाबौद्ध बौद्धो करङ्च होसर्थ आले ।
लाहुलका रिन्छेन र यिनका एक मित्रसँग भेट भयो  । ,लोहुलाओ लेखन अनी इसे मीरीओ काट खत्रकठा डुपा ।
तिमी तिनलाई जान्दछौ । ,नाङ सोम मानुहुँले ।
जाडो याममा चारैतिर हिउँ नै हिउँ हुन्थ्यो होला  । ,ज्युम्च दिमाङ बूलीलाक हिउँ न हीउँला ओला ।
चिठीसँगै श्रीलंकामा बस्दा आफूले त्रिपिटकको अध्ययन गरेको र श्रीलंकामा बौद्धधर्मसँग सम्बन्धित सबै ग्रन्थ प्राप्य नभएकाले ती ग्रन्थ पढ्न तिब्बत जाने इच्छा भएको कुरा पनि बताएँ  । ,चीठीकठा माझामीकालंकाआङ ङुनाङ मेल्लाहाय ट्रिपटक अध्येत जाट्च अनी लेन्जामीकाधित छान्ह्म झोर्ला ।
यिनै पृथ्वीनारायणका वंशज आज पनि नेपालको सिंहासनमा बिराजमान छन् । ,इसे पहीलो पृथ्वीनालेणो वंकाशी छीनीङ ड नेपालओ सिंसनाङ छाज ले ।
वीर अस्पतालको आइसियुमा आमा जीवन मृत्युको दोसाँदमा छट्पटाउँदै हुनुहुन्थ्यो । ,विर अस्पतालओ आइसियुआङ मोइ मृत्युओ डोसादाङ छटपडीस्म लेको ।
तिमी थिएटर हेर्न गएको एक दर्शक जस्तो छौ । ,नाङ लेयार ङोस्के नुङ्च काट डर्शक लख ले ।
त्यहाँ त्यस्ता आठ–दस रोलर दिनभरि चलिरहन्थे  । ,होलाङ हुन्च आठाङ पैडीसल रोर याकभरी चैहरन्थे ।
महाबौद्धमा बस्दै गर्दा मलाई तिब्बती भाषा बोल्ने अभ्यास हुने गथ्र्यो  । ,ङाहाबौद्धाङ ङुच जाट्नाङ ङाके तिब्बती भाषा ङाक्के अभ्यास छान्ह्के जाटोला ।
विहान म मन्दिरको पुजारीकहाँ पुगेँ । ,गोराक मन्दिरो पुनुरीकटुङ ङाटाहाङ ।
हाइकु साथ चित्र भए त्यसलाई ‘हाइगा’ भन्ने गरिन्छ । ,काइकुटो साथ चीन्डीके डेनाङ होटार आर्चीक्म डेच गरी ।
यस्तो लाग्थ्यो तिम्रो र मेरो सम्बन्ध नङ र मासुको जस्तो । ,इन्च लैडीसोला नो अनी ङौ सम्बन्ध माम अनी स्याओ लख ।
संघर्षको विभिन्न ढोकाहरु ढक्ढक्याउने प्रयत्न गर्न बिर्सिएर त्यो अपरिचित मान्छे कहाँ गयो होला ? ,संघर्षो विभिन्न ढोकाको धुक्याके प्रयत्के जाट्के बीर्सिसार होस अरिचित भर्मी कुलाक नुहुँआ ?
नेपालमा व्यापारकुशल नेवार जाति नै हुन् । ,नेपालाङ व्यापारकुल नेवार न आले ।
उनीहरू धेरैजसो बौद्ध धर्मावलम्बी छन् । ,होसको ढेर बौद्ध ढुम्मावलबीर्लाङ ले ।
यही कारण केही मानिसहरू मलाई भेट्न आउन थालेका थिए  । ,होस कारण हीड भर्मीको ङाके डुप्के राहाके ठाल्च लेया ।
साँझ–बिहान अँध्यारोमा मात्र म बाहिर निस्किन्थेँ  । ,साँहिलाओ गोराक छुम्चाङ मात्रै ङा बहीरीङ ख्योहोला ।
तिम्रो पछिल्लो चिठी पाएर रमाइलो मानेँ । ,नो न्हुनीङो चिठी पाल्लो मराङ्च ङाङुआङ ।
"म जुन हाँगामा ढुक्कले बसिरहेको थिएँ , त्यही हाँगो भाँचिएर जमिनमा बजारिएको थियो  । ","ङा जुन रेट्केपाङ ढुक्के ङुमन ङालेयाङ , होस रेटा भ्याम जनडीस्च बाङ्माङ ङाह्च लेया ।"
तिब्बती भाषामा भिक्षुणीलाई आनी भनिन्छ  । ,तिब्बती भाषाङ भिक्षुके आउ डेले ।
अघिल्लो यात्रामा मैले यहाँ एक चिनियाँ लामालाई भेटेको थिएँ  । ,म्हेनीङ यात्राआङ ङै इलाङ काट चीन्डीच लामाङ डूप्च ङालेयाङ ।
म बसेको ठाउँमा त बिसौं दिनदेखि बिहान मडुवा वा मकैको पिठोको नुनिलो सुक्खा हलुवा खान पाइन्थ्यो र साँझमा यसैको पातलो खोले  । ,ङा ङुच ठाउँआङ च बिसौ याकव्हारा गोराक मकै मकै पीठोओ छेवाङ ङीहा ज्याओला रेट्च गाओला ।
यसले पनि हिँड्न गाह्रो परेको थियो  । ,इचे ड व्हाके गाह्रो परीस्च लेया ।
त्यसमाथि यतिका दिनसम्म कोठामा बन्दीजस्तै बसेको थिएँ । ,होसढेमाङ इतारो याकसम्म कोठाङ बन्दीजन ङुच ङालेयाङ ।
काठमाण्डु आज ‘म’ तिमीसँग पहिलो र अन्तिम पटक मेरो कथा भन्दैछु । ,काठाङडुवा छीनीङ मामराङ्च नाङकठा पहीलो अनी अन्ति पटक ङौ कथा डेमङुलाङ ।
"तिमीबाट जति मूल्य पाउन योग्य छन् , त्यति मूल्य तिनलाई दिनेछौ भन्ने आशा छ । ","नाङईङ जटी मूल्य डीन्ह्के इसेग्य ले , होटारै मूल्य होसके याहाके डेम आसले डेच आसा ।"
हाइकु जस्ता रूप तर खास हाइकू नहुँदा बारीमा चरालाई छकाउने नक्कली मान्छे ‘बुख्याँचा’ बनाए जस्तो हुने हुँदा ती काइते कामलाई ‘काइकु’ भन्ने गरेको छु । ,काइकुले लख छुट्डीस्च टर खास हाइङ माछान्ह्नाङ बारीआङ चूलीकाके छक्क माफ्डीचय छान्ह्च होस काम छान्ह्च होयोक्म छान्हा ।
हाइकुका पुस्तक साना ठूला थुप्रै पाइन्छन् । ,हाइका पुस्तक मार्ह्च करङ्च ठुप्रै पाइला ।
यसरी बसेको पनि एक महिनाभन्दा बढी भइसकेको थियो  । ,इटरी ङुच ड काट महीनाडेनाङ बढीस्मभ्याम लेया ।
अन्ततः यिनी मसँग जाने भए  । ,अन्टटनः इसे ङाकठा नुहुँके छान्हा ।
आफ्नै समस्याका चाँङहरु वरिपरि घुम्न थाल्यो । ,मेल्ल्लौ सम्याका चाँङको वरिपरी छम्के ठाला ।
उसको निस्पक्षताको होस नै गुम भयो । ,होच्यो मीझारपक्षौ त्यो न गुम छान्हा ।
ब्रम्हादेव कुर्सी हल्लाई हल्लाई झन् कराउन थाल्यो । ,चम्हेम्देव कुर्सी हल्लाके हल्लाके झन्के ठाला ।
कहिले यिनका आँखा खुलेको पनि देखिन्थ्यो । ,सेन इसे मीमीक खुस्च ड डाङोला ।
"मलाई नुन लिन त जानैपर्छ तर बाली भित्र्याउन अझै दस , पन्ध्र दिन बाँकी छ  । ","ङाके छा लाके च नुहुँकेपरीस्ले टर बाली भीट्री नुङ्के अझै , पसै याक छ्याक्डीस्म ले ।"
तर तिमीमा धैर्यताको कमी छ । ,टर नाङआङ धैर्यताओ कच ले ।
खुसी भइरहनू । ,खुसी छान्ह्मङुआ ।
दसरतनले मेरो समस्या बुझेको थिएँ  । ,खसने ङौ समेस व्हाम ङालेयाङ ।
यसलाई चुट्का जस्तो खदिलो पार्न सकिन्छ । ,होसके चुट्का लख खयाहालो पार्के य्होक्ले ।
"तिम्रो , चेखब । ","नो , चेक ।"
यही चुनौतीको सामना गर्न आजका युवाले कम्मर कसेका छन् । ,इलाङ चुलौ सामना जाट्के छीनीङ इसेुवाय कम्मर कम्मर कम्मर ले ।
तर म चाहीँ मानिसहरूले चिन्लान् भनेर डराइरहेको थिएँ  । ,टर ङा चाहँच भर्मीकोय चीन्डीच डेम बीरीम ङालेयाङ ।
एक अर्का बिना अधुरो हामी । ,काट अर्कुङ छुच अधुरो कान ।
तिमीले वर्णन गरेका कुरा पढ्दा प्रत्यक्ष हेरेको वा छोएको जस्तो लाग्छ । ,ने वर्णन जाट्च कुरा पढीस्नाङ प्रक्षार ङोस्च वाच लख लैडीसलेसा ।
"पहिलो हरफ ५ अक्षरयुक्त पदावली , दोस्रो ७ अक्षरयुक्त र तेस्रो ५ अक्षरको पदावली चकित पार्ने प्रकारले रचना हुन्छ । ","पहिले हरफुर५ अक्षरयुक्नाङ पल्लो , दोस्रो अध्यक्षर कायुक्रो टेस्रो अध्यक्षो कोटनाओ अध्यक्षटिकार अनी प्रवर्लाङ ।"
यिनी घरबाट बाहिर निस्किँदैनथे र रातदिन पूजापाठमा बिताउँथे  । ,इसकोइङ बहीरीङ ख्योहोके माय्होक्ले र नाबीकयाक पूजालाङ नुहुँओला ।
चेखब पनि कथाको प्रतिक्रिया पत्रमै फिर्ता दिन्थे । ,चाह्याब ड कथाओ प्रतिक्रिया पत्रिका न फिता याहाला ।
यसैले हाइकुको लोकप्रियता बढ्दै छ र नेपालमा पनि हाइकु जनप्रिय बन्दैछ । ,इचे हाइकुओ लोकप्रिय बढीस्मन ले अनी नेपालाङ ड हाइकुलाङ जनप्रिय छान्हा ।
"याल्टा , ३ डिसेम्बर १८९८","हल्टा , ३ डिसेम्बर १ १ १ ।"
तर म जाने बुझेरै यो स्थितिमा फँसेको थिएँ  । ,टर ङा नुङ्के व्हाच इसे स्ढेमाङ फाङ्म नालेयाङ् ।
बौद्धिक व्यक्तिहरूलाई पर्याप्त अवलोकन नगरेका कारण यस्तो भएको हैन । ,बौद्धिक व्यक्तिकोके प्याप्टडीस्च अवलो मागरे कारण इन्च छान्ह्च माहाले ।
मुस्किलले ‘काठमाण्डु’ भन्ने शिर्षक पढेँ । ,मीटाहाय्होल एकालाङ घण्टडीस्च डेच शिषक पढीसा ।
भोली बिहान कोठाभाडा दिईन भने घरबेटीले के गर्छ ? ,पीहीन गोराक कोठाभोर याहाम डेनाङ इम बेटीय ही जाट्ले ?
प्रकृतिको भाषा नबुझी सुन्दर हाइकू सिर्जना हुनसक्दैन । ,प्रृतारो भाषा माव्हार्च सुन्दर हाइक सिर्जना छान्ह्के माय्होक्ले ।
"उसो त , उनीहरू मंगोलियन भोटिया जातिका हुन् । ","होच्य च , होसको मंगोयन भोटिया जाक्म आले ।"
त्यही रात म र मेरा साथीहरू मिलेर कुतीसम्मको लागि साथी खोज्ने प्रयास ग¥यौं । ,होसे नाबीक ङा अनी ङौ लाफाको खाट्म कुटीसम्मो लागी लाफा पाके प्रयास ङापीङ ।
त्यो अपरिचित मान्छे को होला ? ,होसे अपरिचिट भर्मी सु ओला ?
यस्तै हो नि हैन ? ,इन्च आले नी माहा ?
म हत्केला भरी स्वाभिमान बोकेर तिमी हिड्ने बाटोहरुमा नुनिलो आँशु बगाउँथे । ,ङा हत्नुहुँला भरी स्वाभिमान बुम नाङ व्हाके लामकोआङ गएको आँशु बगडीसोला ।
यहाँ पनि मलाई लामाकै आडको कोठामा राखियो  । ,इलाङ ड ङाके लामाङ सारौ कोठाङ डाम ।
उद्योग धन्दा बढाउनतिर नेपालका शासकहरूको बिल्कुल ध्यान छैन  । ,होस माझ धगानाङ बढ्डीके नेपालओ शाकसको बिल्ल ध्याके माले ।
म आत्तिएँ । ,ङा राहाच ङाछान्हाङ ।
एकाएक त्यो अपरिचित मान्छे कोठाको कुनामा बसेर मलाई जिस्क्याईरहे झैं लाग्यो । ,काटकाट होस अपरिचिट भर्मी कोठौ कुनाङ ङुम ङाके जीक्मलेच लख लैडीसा ।
मैले बनाएको अग्लो–अग्लो टावरहरुमा गणतन्त्रको नाराहरु लेखिए । ,ङै खास्च अग्लो फाङ्च टाक्वरकोआङ गणतन्त्रो स्याको रीक्रा ।
हाइकु कविताभित्र विम्बको प्रतिविम्ब हुन्छ । ,कान कविताभीट्री विम्बौ प्रतिविम्ब छान्ह्ले ।
माछा र पानीको जस्तो । ,मामा अनी डीओ लख ।
जिउ सिरिङग भयो । ,जीउ सिरिङग छान्हा ।
तैपनि दक्षिणका मानिसहरूसँग त्यत्तिकै कडाइका साथ व्यवहार गरिन्थ्यो  । ,ट्याङपनी दक्षिणौ भर्मीकोकठा हुट्टीकै कडा साइला व्यवहार जाट्मओला ।
अहँ भो तिमीसँग सुन्ने कान छैन । ,अहँ पीहीनकठा सेके मेनकेप माले ।
साहित्यमा पनि हाइकु छोटो कवितामा उत्कृष्ट मानिन्छ । ,मार्ह्नाङ ड हाइकु टुन्ह्च कविताआङ उट्टाकृष्ट मामन्डीले ।
अब थिएटरको लागि लेख्ने कुनै जाँगर छैन । ,अब लेयाटो लागी रीक्केन माजाँगर माले ।
त्यो अन्जानको प्रतिविम्ब चुरोटको ठुटाहरुमा देख्न थालेँ । ,होस अन्जानो प्रतिवीम्ब चुरोटौ ठुटाकोआङ डाङ्के ठाला ।
"तर पनि काठमाण्डु , म धेरै ढिला भईसकेको थिएँ । ","टर ड सीट , ङा ढेर ढिला छान्ह्मभ्याच ङालेयाङ ।"
तर खै त काठमाण्डु ? ,टर खै सीङ कुट्या ?
मेरो नागरिकता छैन । ,ङौ मीटुक माले ।
"तर , तिमी त राजनीति गर्दैमा ब्यस्त छौ । ","टर , नाङ च राजनी जाट्मन बस्ताङ ङुमन ले ।"
यसले तिमीमा कुनै असामान्य शक्ति रहेको छनक मलाई दिइरहन्छ । ,इचे नाङआङ सुन असामान्य शब्दओ छरक ङाके याहाले ।
म एकदमै अत्तालिएँ  । ,ङा काटाङन सीता ङाआ ।
तर मैले तिन लाख पु¥याउन सकिन । ,टर ङै सोम मीटाहा हुर्के माय्होका ।
शिष्याहरूमा केही तिब्बतका र केही नेपालका थिए  । ,शिषकोआङ हीड तिब्बत अनी हीड नेपाल लेया ।
कस्ले सम्बोधन गर्छ ‘म’ जस्ताको भत्किएको जीन्दगीलाई ? ,सुय सम्बोधन जाट्ले माझा मीजा जस्ताओ भट्डीस्च जिन्दिके ?
एक डेढ माइल हिँडेपछि त्यसले खुट्टामा घाउ बनायो  । ,काट डेर माइल व्हाप्याक होसय खुट्टाआङ घाउ खासा ।
यदि अहिल्यै म हिँडेँ भने मेरो खेती बरबाद हुन्छ  । ,माया इनाङ सीया डेनाङ ङौ गेसाक्म बरबाड छान्ह्ले ।
एक दिन साँझ लामाका दुई चेला आएर लामा काठमाडौंबाट सोझै कुतीतिर लागिसके भन्ने बताए  । ,का याक साँझाङ न्हीस चेम राहार लामाङ काठमाडौंलाकन सोन्ह्टीलाक लागी डेम बख्डीस्च डेच बखटाङ ।
म तिमीलाई चिन्दिनँ । ,ङा नाङके चीन्डीम ।
जुत्ताले खुट्टा खाँदै थियो  । ,जुताय खुट्टा खाँमन लेया ।
तर खै त काठमाण्डु ? ,टर खै सीङ कुट्या ?
"एउटाले उत्तर दियो , ‘कतार जाने भए लाईन बस’ । ","काटे उट्टर याहा , मेनकेपार नुहुँके डेनाङ आतार नुहुँके छान्हा ।"
चिठीमा यस्तो लेखिएको थियो–,चीठीआङ इन्च रीक्म लेया ।
उनीहरू गाउँ भन्दा तलको बुद्ध मन्दिरमा बस्न थाले  । ,होसको लाङ्घा डेनाङ म्हाकाङो बुद्ध मन्दिराङ ङुके ठाला ।
दुई–चार दिनपछि गाउँकी एक वृद्ध भिक्षुणी काठमाडौंबाट आइन् । ,न्हीस वीचार याक न्हुनीङ लाङ्घालीओ काट वृद्धीहाईङ काठमाडौंीङ राहा ।
"आजको व्यस्त समयमा मुखमा पीपी हाले जस्तो , ठूलो दृश्यलाई चरीको दृष्टिमा अटाएर सानोभित्र सम्पूर्णता दिने हाइकु साँचै कविका लागि ठूलो प्राप्ति हो । ","छीनीङो व्यवै समयाङ मुखाङ पिपीय लख , करङ्च डृश्यके चूलीओ डोरी कासाराङ अरडीच आले ।"
नेपालमा आइपुगेर थापाथलीको बैरागी मठमा बसेँ  । ,नेपालाङ टाराहार थापाथारो बैगीनाङ ङागलाङ ।
त्यही राजनैतिक आस्था र विश्वासको कारण पटक पटक गिरफ्तार भएका थिए । ,होस राजनकेनकथा अनी विश्वास कारण पटक गफिरफ्डीस्म छान्ह्म लेया ।
सुनेर मेरो मुटु टक्क अडियो  । ,सेम ङौ मीगीन टक्क हा ।
यही कवितालाई मासाओका सिकी ( १८६७–१९०२ ) ले सुधार गरी हाइकु नाम दिए । ,इलाङ कविताके नसाकाओ सिकीङ (बु २१ २०५ ) सेम हाइकु याहा ।
"कोठाको कुना कुना उसको नाम , मोबाईल नम्बर , ठेगाना खोज्न थालेँ । ","कोठाओ कुना होच्यो म्यारमीन , मोबाई नम्बर , ठेबना पाके ठाला ।"
सडकको किनारमा आमाको फोटो राखेर भीख माग्न थालेँ । ,सकौ हीके डाराङ मोइओ फोट डाम भीखीन्के ठाला ।
बस् यी नै थिए कोठाको सौन्दर्य । ,ङुके न लेया कोठाओ सौटर्याङ् ।
"डुक्पा लामा र उनका शिष्यहरूले कति जनासँग मेरो बारेमा कुरा गरिसकेका थिए , त्यो म भन्न सक्दिनँ  । ","डुक्पा लामाङ अनी उनो शिरोष्ये कुडीक जनाकठा ङौ बाराङ कुरा जाट्मनभ्याच लेया , होस डेम ङा डेके माय्होक्ले ।"
कहिले दिउँसो पूजा सामान मगाएर पूजा गर्थे भने कहिले आधी रातमा पूजा गरिरहका हुन्थे  । ,सेन याहालाङ पूजा सामान मन्छीम पूजा जाटो डेनाङ सेन आधी नाबीकआङ पूजा जाट्मन लेको ।
"हामी जुन घरमा गयौं , त्यो घरकी घरपटी साहुनी पचास आसपासकी थिइन् । ","कान जुन इमाङ नुहुँआ , होस इमो इमो साटी पैडीस्च आसडीस्च लेया ।"
यिनलाई लद्दाखको चिठी दिएँ  । ,इसके लड्डौ चिठी ङायाहाङ ।
नुवाइधुवाइ पनि बन्द थियो  । ,वाइढुवाइ ड बन्ड लेया ।
यही विम्बले नै कविताको प्राण दिएको हुन्छ । ,इलाङ वीम्बय न कविताओ प्राण याहाच छान्ह्ले ।
ब्रम्हादेव रिसले जुरुक्क उठ्यो । ,बम्हेम्देव मीरीसय जुरुक्क सोआ ।
गेटबाटै मान्छेहरु लाईन लागेका थिए । ,मीटुकलाक भर्मीकोके पामन लेया ।
तिमी र म एकै भएको ? ,नाङ अनी ङा काट न छान्ह्च ?
"ब्रम्हादेवले शक्ति हातमा लिने वित्तिकै न्यायालय , सेना , पुलिस , अख्तियार , कर्मचारी सबै सबै ठाउँमा आफूप्रति वफादार भक्तजनहरुको नियुक्ती गर्यो । ","बज्याम्देवे शक्ति मीहुटाङ लाके विट्टीकै न्यायाङ्गा , सुलिस , पुलिस , अर जम्मैओल्लौ ठाउँआङ पर्दुक्ति जाटा ।"
डुक्पा लामासँग काठको फल्याकमा उल्टो गरी खोपेर लेखिएको अवस्थामा यो सिङ्गै ग्रन्थ उपलब्ध थियो  । ,डुक्पा लामाकठा काठौ फलए पछि उल्टै खोरोप रीक्म अवस्थाआङ इसे सिङ्ग्रल उगेल उगेल लेया ।
साहित्यमा सानो मन्त्रजस्तो प्रभावपूर्ण कविता हाइकु जापानी सौन्दर्य र शान्ति आकाङ्क्षाको महत्वपूर्ण अभिव्यक्ति हो । ,सानोआङ सानो मन्त्रो प्रभावपूर्ण कविता हाइकुनी सौटा सौटा अनी शन्ति आस्काट महवत्वो अूर्ण अूर्ण अूर्ण आले ।
नेपालका गृहस्थ बौद्धहरूमा धर्मासाहु ठूला भक्त र प्रतिष्ठित थिए  । ,नेपालओ गृहस्थ बौद्धाङ धर्माहुट्के करङ्च भक्त अनी प्रतिष्टित लेया ।
आनीबुट्टी दिउँसो अरू नै काममा व्यस्त रहन्थिन् । ,आउनुबट्टि याहालाङ अरू न कामाङ व्यस्ट्र अनी आढेमाङ ।
तर हिँड्ने कुरा कसैले गर्दैनथ्यो  । ,टर व्हाच कुरा सुय माजाट्ला ।
फेरिएन मेरो निधारमा लेखिएको अभागीको मैलो दाग । ,फेरी माहा ङौ निधाराङ रीक्च अभागीओ मैलो दाजी ।
बच्चाहरुको निहुमा मुखमा आएजति शब्दमा अल्झेको मायाको आमा पनि घरको झ्यालमा बसेर दुईटी बच्चीलाई हेरिरहेकी थिईन् । ,मीजाकुङ सीनाङ मेङ्गेराङ राहाच माझामीजि शब्द अझो जाक्म मोइओ इम ड झ्याबलाङ ङुम ङोस्मन लेया ।
के कुरामा अलिकति पनि शंका छैन भने गीताको ईश्वरप्रतिको भक्तिले भारतीय सामन्तवादमा ईश्वरीय तत्त्वका रूपमा राजाप्रतिको स्वामिभक्तिलाई निश्चित रूपले असाध्यै दरिलो बनायो । ,ही कुरा इटार ड शंकामना माले डेनाङ गीताओ अपाटीओ भ्याक्तिय डेया ।
उज्यालो हुनसाथ जुरुक्क उठेको चिचिबुलिले डोकोको कुखुरा छोड्यो । ,ट्याङ्च हुनसाथ जुरुक्क सोचिबुले ढाकाओ ग्वा डासा ।
खाम्साङ फुत्त हराउँछ । ,छोसाङ फुट्ट म्हाट्ले ।
शताब्दीयौंदेखिका गीताका असङ्ख्य र विविध किसिमका व्याख्यामध्ये कुनै एउटाले पनि यस मूलभूत रूपरेखालाई अतिक्रमण गरेको छैन । ,श्रीमतिके वाङ्मलेच गीताओ असङ्ख्य अनी विविमतियमतिओ व्यामूनके काभाट्च माले ।
कुखुरा माउ कोतेकतेक भनेर निस्कियो । ,ग्वा मोइ पार्लाक सु लेखक डेम निस्डीसा ।
कोही पनि समाजवादका निम्ति गरिने सङ्घर्षमा सामेल हुनु अगावै ‘माक्र्सवादी’ हुँदैन । ,सु ड समाजवादौ निम्टी जाट्म होयोके सर्षाङ सामाल लेया अगाडी छान्ह्म माओवादी माछान्ह्ले ।
"ऋग्वेद र उपनिषद्कालका ऋषिहरू शूद्रहरूप्रति कठोर , हृदयहीन हुँदाहुँदै पनि प्रकृतिमाथि विजय हासिल गर्न , उत्पादन बढाउन र समाजलाई सङ्गठित गर्न उद्यमी थिए । ",nan
चीनसँग हाम्रो भूगोलको विकटतासँगै भाषाको विकटता पनि छ  । ,चीनकठा कानुङ भूटौ विकटकठा भाषाओ विषक ड ले ।
"तर रबर जस्तै , एउटा बिन्दुभन्दा पर होइन । ","टरबर अनी लख , काट बिन्डुभन्दा परीस्च माहाले ।"
उनीहरूको के विश्वास थियो भने भारतीयहरू अति ‘आध्यात्मिक’ तथा परलोकवादी छन् । ,होसको ही विश्वास लेया डेनाङ भारिकोके अटीको अटी माराहाढेरओ आध्यारो चथा परेको ले ।
यी भक्त सत्ताको देखिने भत्ता–सुरक्षा र नदेखिने के–के के–के भोग गरिरहेका छन्  । ,इलाक भक्त सट्टाको डाङ्च डाङ्के भट्टासुर कक्षा अनी नव्हारा ङोस्च ही छान्हाच ही जाट्मन ले ।
समाज शून्यमा बाँच्न र सञ्चालन हुन सक्तैन । ,समाज शून्यआङ जीवाके अनी सञ्चालन छान्ह्के माय्होक्ले ।
"यस कारण बुद्धले के प्रतिपादित गरे भने संसारको रचना कसैले गरेको होइन , यो सधैं अस्तित्वमा थियो र अविच्छिन्न परिवर्तनसहित यो अस्तित्वमा रहिरहने छ , आफ्नो परिवर्तनका नियमहरू अनुसार अस्तित्वमा रहिरहने छ । ","इस कारण बुद्धे ही प्रतिपादिट जाट्च डेनाङ संसारो अनी मेनो माहाले , इसे साधनव्होरा अनि अनवसव्होरा परिच लेया ।"
"पानीरोट , आलु र जेसुम","डीरोट , नामार्लाक अनी ही आर्जुम"
यस प्रयासका अनिवार्यतः दुई विशेषता छन् । ,इच प्रयाका अनी व्यतः न्हीस विशेष ले ।
यात्रामा कमरेडको आवरणमा प्रकट हुने छद्म जासुसहरूले उनलाई जासुशको आरोप लगाए  । ,यात्राङ कमरेडओ आवरणाङ प्रकट छान्ह्च लेर जाक्च जनके उसुकै नुहुँके ठाला ।
एकातिर यसको निरन्तरता शासक वर्गको भौतिक र विचारधारात्मक आवश्यकतालाई सुरक्षित गर्नुमा रहेको छ भने अर्कातिर यसका असङ्गतिहरू भिन्न भिन्न परम्परा एवम् दृष्टिकोणहरूलाई बलपूर्वक संश्लेषणमा ल्याउने यसको प्रयत्नमा व्यक्त भएका छन् । ,एकालाक इचर निरन्टर शास वर्गौ भीचार अनी विचारेषणाएर आव्यवटाके परीस्च ले डेनाङ खेरेक्च ले ।
मगध राज्यले उद्योग तथा व्यापारको महत्वपूर्ण क्षेत्रहरूमा प्रत्यक्ष रूपले हात हाल्यो । ,महराज्ये होस उद्योग चथा व्यापारो महत्वपूर्ण क्षेत्रको प्रक्षियोगय ङाहा ।
यस्तो बलात् संश्लेषणलाई अलिकति पनि उपेक्षा गर्न सकिन्न । ,इन्च बहुलास्च संशैषणके इटार ड उपेक्ष जाट्के माय्होक्ले ।
विद्युतीय यन्त्रमा यिनले मलाई याङ मो र ‘युवाहरूको गीत’को स्मरण गराए  । ,विद्यालये इन्त्राङ इसे लेन्जाय ङाके इसेमा अनी मोटाको गणुवाको सरो ल्हीङो गणरणरण्डीया ।
सामाजिक तथा बौद्धिक विकासका लागि सामाजिक अन्तरक्रिया पहिलो आवश्यकता हो । ,सामाजिक चथा बौद्धिक विकासका लागी सामाजिक अन्टरता पहिलो आव्यक आले ।
किनभने स्वैरकल्पनाहरू समकालनीन ऐतिहासिक अवस्थाको यथार्थमा आधारित हुँदैनन् । ,हीके स्वैरकल्पनाको समेन ऐतिहाक अवस्थाओ अवस्थाङ आधारितार माछान्ह्ले ।
स्पर्श गर्न नहुने समाज संरक्षित लास बनेर सकिन्छ । ,माझा जाट्के माछान्ह्च जीमार संक्षित लिएर बन्डीस्ले ।
यदि हामी अगाडि बढ्न चाहन्छौं भने त्यो बिन्दुभन्दा पर यसलाई अस्वीकार गर्नुपर्ने हुन्छ । ,माया कान अगाडी बढी काल्के चाहलैडीस्ले डेनाङ होस बिन्दुभाडेनाङके इसके परीस्च छान्ह्ले ।
"जनताहरू जडतामा डुबे , ","जनताको जुलाकाङ डुमा ,"
जेसुम खुसी भई । ,मीझारम खुसी छान्हा ।
इ . सं . ५०० पछि व्यापार र सहरहरूमा ह्रास आयो । ,यति सं . . . २०५ व्यापार अनी सहरकोआङ ह्रास राहा ।
"गीताको सम्मान गर्न सम्भवतः तयार हुने , तर यसको छ्यासमिसेपनको अर्थ निकाल्न नसकिने ‘अबोध्य ज्ञान’का सामु आफ्नो बौद्धिकतालाई बन्धक राख्न नचाहने तार्किक व्यक्तित्व कस्तो होला ? ","गीताओ सम्मान जाट्के सम्भवतः टियार छान्ह्के , तर इच्यो छ्यामिसेकओ अर्थो काबोधन डाके महीना ।"
"उपन्याशको अन्त्यतिर , लाल युवा आन्दोलनको उत्कर्षको घडीमा , सङ्ग्रामी मानवसागर उर्लिन्छ  । ","उयन्याशो अन्त्यलाक , लाल इसे बन्दो आन्दोल होच्यो उत्कओ घडीआङ , सराग्डीस्च ।"
बुझ्यौ । ,व्हाचौ ।
एक जना योद्धा ढल्यो । ,काट जना इसेद्धा फुटा ।
ताओ चिङको चिनियाँ कम्युनिष्ट पार्टीसँग नाता गाँसियो  । ,तानको चीउको चिनियाँ कम्युड पार्तिकठा स्याहा ।
"आम जनता अज्ञान , लालसा , भोग–विलास , मोह , हिंसा र यस्ता अनेकौं कमजोरीमा डुबेको छ । ","होम जनता अज्ञान , लाठी , भोलास , मोहँसा , हि यस्ता जाट्के ले ।"
देवताले पनि रोटी खान्छ त ? ,डेवटाय ड रोटी ज्याले च ?
आमाको काखमा बेरिएर डराएर थरर काम्छ मात्र । ,मोइओ मीकुवाङ बेर बीरीम ठर काम्ले मात्रै ।
यिनीहरूलाई मार्नु भनेको कुलको विनाश गर्नु हो । ,इसकोके साट्के सानी डेच कुलओ विशना जाट्के आले ।
‘म एक्लैको शरण पर । ’,ङाल्ला ङाल्लाओ शुरण परीस्के ।
यसरी भारतमा सामान्यतया प्रत्ययवादले र खासगरी विकसित वेदान्तले मानवतावादलाई र प्रगतिशील ध्येय उद्देश्यलाई समेत दमन गरे । ,इटरी भाराङ सामान्ययार प्रेमयवादे अनी खासगरीक वेत वार्लाङ ।
त्यो के भने वेदान्तको सिद्धान्तलाई र चातुर्वण्र्यको सिद्धान्तलाई समेत रबरलाई जस्तै तन्काउन सकिन्छ । ,होस ही डेनाङ वेदान्डौ सिद्धान्तके अनी चामव्रणो सिद्ध्यौ सित्मन समेतन्टारके माय्होका ।
"‘हे हे . . . बुबा आइपुग्नु भयो , मासु ल्याउनु भयो । ’","होस हेहेम ङो . . बोइ टाराको , स्या राको ।"
जनजातीय समाजमा युद्ध र हिंसा भैरहन्थ्यो । ,जनजाकै समाजाङ युद्ध अनी हिंसा छान्ह्मनङुओला ।
बाजे उठ्नुभयो झिसमिसेमै । ,बाजी सोनाको झीसमीसाङन ।
"कसैले टर्चलाइट , कसैले मोबाइल , कसैले पुल्ठो बालेर भएभर ठाउँमा खोज्यो छैन । ","सुय टीकलाइट , सुय मोबाइल , सुयर पुठो जजाको ठाउँआङ पाम माले ।"
"र , उनी समस्त चिनियाँ युवाहरूको आकर्षण , प्रेरणा र अनुकरणको सम्मोहक गीततुल्य बनिन्  । ","रून समस्त चीउयाँ इसे नामको आकर्षण , प्रेरणा अनी अनुकर अनुकर सम्म ल्हीङो ल्हीङ ।"
"गीतामा स्थितप्रज्ञको हरेक वर्णनले उसलाई प्रस्टसित चरम आत्मकेन्द्रित , अहंकारी व्यक्तित्वका रूपमा प्रस्तुत गर्दछ । ","गीताढेमाङ स्टप्र्ञो हरेक वर्णय होसके प्रस्तुटपूर्ण तरम आतार , अहकारीओ व्यवस्थापूर्ण अनी प्रवस्लेसा ।"
"बुद्धको समयमा , यो पूर्णतया असम्भव थियो । ","बुद्धो समयाङ , इसे पूर्ण अम्भभाव लेया ।"
आमाले जेसुमलाई राक्नुभयो । ,मोइय हीके राको ।
ताओ चिङ सागरको अघिल्लो भागमा हुन्छिन् । ,ताक्च चीगरओ म्हेनीङ ढुलो भागाङ छान्ह्ले ।
मायाको आमा पनि के गरेर कुरा बोलौं भनेर बसेको समयमा कराएको सुनेर लजाई लजाई जवाफ फकाईन् । ,मायौ मोइ ड ही जाट्म कुरा ङालङ डेम ङुच समयाङ च्याक्च सेम कराम कराम नुहुँच जवाफ फोर्जोहोआ ।
याङ मोको पेसा लेखन हो  । ,डैओ पेसा रीक्के आले ।
आब आमाछोराकै सात्तो बलाउनु पर्ला जस्तो भयो । ,आब मोइमाझामीजौ साटो बाङ्के परीस्च लख छान्हा ।
यिनको उर्वर मस्तिष्कमा घरीघरी के के फुरिरहन्छ  । ,इसे होच्यो उर्वर मतिष्काङ घरीइमो ही ही ही फुरिचैडीस्ले ।
हेर अब लाजै भयो । ,ङोसो अब मीकरा ।
"निष्ठावान र इमानीहरूको स्नेह र सहयोग प्राप्त भयो , औसरवादी र बेइमानहरूले धोका दिएर सताए  । ","निष्वान अनी इमानीओ साटाक्म अनी सहयोग प्राप्ट छान्हा , ढेरवादी अनी बेइमानको धोक्म याहाम साटाक्म याहाम ।"
यसलाई अस्वीकार गर्ने र यसमा प्रश्न उठाउने कुनै आवश्यकता छैन । ,इसके खयाकार जाट्के अनी इताङ प्रश्न सोट्केन आवश्यता माले ।
समाज गतिहीनताको पोखरी बन्न पुग्यो । ,समाज गीताओ पोखरी बखरी टाहा ।
यसभन्दा अघि बढेर के कुरा उल्लेख गर्न आवश्यक छ भने यो पनि सामन्ती अवस्थाका कारणले भएको थियो । ,इचेनाङ अघि बढी ही कुरा उल्ले जाट्के आवश्यक ले डेनाङ इसे ड सामवस्थाओ अवस्थाय छान्ह्च लेया ।
त्यस्तोमा प्रस्ट रूपले अनीश्वरवाद र भौतिकवादमा आधारित भएको धर्मले लामो समयसम्म आफ्ना सैद्धान्तिक प्रस्थापनाहरूलाई वहन गर्न सक्तैन । ,हुन्च प्रस्त रूपरे र ईश्वरवाद अनी भीकवादाङ आधारिट छान्ह्च धर्मय लिएर समयको व्डीके माय्होका ।
खाम्साङको आँखा नै रुन्चे । ,खासो मीमीक न राप्के ।
बाजे आज त देवता दर्शन गर्न जानुपर्छ होइन ? ,बाजी छीनीङ च डेवटा दर्शन जाट्के नुहुँके पर्ले माहाले ?
माओका ‘सैनिक रचनाहरू’को र याङ मोकृत ‘युवाहरूको गीत’को  । ,माओ पेलापासैनी अनी नचनाकोइ अनी होसमा मोटोले हृटौ आयुवाको ल्हीङो ।
वेदान्तीहरू जस्ता अरूले भने केही अलौकिक अन्तप्र्रज्ञाको माध्यमबाट मनुष्य अन्तिम यथार्थमा विलीन हुन्छ । ,व्यवान्टीको जस्ता अरूली डेया हीड अभ्याच अन्तरे छान्ह्ले ।
तर कृषि र व्यापारको युगमा प्रवेश गरेको समाजका लागि यो एकदमै अलाभकर थियो । ,टर कृषि अनी व्यापारो इसेगाङ प्रवेश जाट्च समाजौ लागी इसे काट अदलाकर लेया ।
"र , मैले दिनको झन्डै बाह्र घण्टाका दरले टाइप पड्काएँ  । ","र , ङै याको झन्डै बह्र घण्टा दरय टाइ पड्का ङाडाङ ।"
यस्तो भारतको जीवन्त झलक हामी अल बिरुनीको संस्मरणमा पाउँछौं । ,इन्च भारटो जीवनो झलक कान अलरुओ संस्मरणाङ डीन्ह्ले ।
वेदान्तदेखि माक्र्सवादसम्मको कष्टकर यात्रा लामो हुन्छ र प्रस्ट रूपमा भन्दा यो पीडादायी यात्रा हो । ,वेदान्ह्कीङ नर्सवादसम्मो कष्टै यात्रा लिएर छान्ह्ले र प्रस्टर अनी इसे पिडा याडा याडा दियो ।
यही कुरो शासक वर्गका हकमा पनि लागु भयो । ,इलाङ कुरो शास वीहाओ हेटकाङ ड लैडीस्च ।
"र अन्तिम कुरो , सबै धर्म सरह यो पनि धन–सम्पत्तिका मालिक र राजनीतिक सत्ताको आज्ञाकारी बन्न पुग्यो । ","रन्टीम कुरो , जम्मै धर्म सरह इसे ड धन्यसट्टी मालिक अनी राजनीओ राज्ञाक आउटौ बन्डीया ।"
बच्चाहरु छुट्याउनु भन्दा लौरो बोकेर गएको देखेर चिचिबुलिको आमा पनि जराकजुरुक झट्कारेर आईन् । ,मीजाको छुट्डीस्च डेनाङ लौरो बुम डाङार चीन्डीच कलिकओ मोइ ड जराजुरुक झोरा ।
बाह्रौं अध्यायको पाँचौं श्लोकले सङ्कोच नगरी के भन्दछ भने भक्तिको सजिलो मार्ग विशेषतः अज्ञानी तथा साधारण गाउँलेहरूका लागि हो । ,nan
बच्चाहरुको निउमा सत्रु बन्ने । ,मीजाकुङ सीनाङ सत्रुके ।
अन्तिममा सब मोक्षमा मिल्दछन् । ,अन्टाङ जम्मै मोक्षाङ खाट्मने ।
"त्यस्तो दर्शनशास्त्रले अनिवार्यतः रहस्यवाद , अज्ञेयवाद , आस्तिकता , अन्धविश्वास र सबै खालका रूढिवादमा पु¥याउँछ । ","होटार दर्शास्त्रे अनी जाहात्मनः रहस्यवाद , अज्ञेवाद , आधिता अ्वास , आधीया ज्वास अनी बढीया ।"
भक्तिको राजनीतिक भूमिका,भ्याक्टीओ राजनीक भूमीका
जेसुमले भनी । ,मीझारमय डेया ।
मायाकी आमाले कराईन् । ,मायाओ मोइय च्याका ।
कुरो के भने यस्ता अस्थिर र अहम्वादी कुराहरूको सङ्ग्रहले हाम्रो इतिहासमा कसरी त्यति धेरै जनतालाई मानवताको माया गर्न र तल्लो वर्ग र पछि परेकाहरूको उन्नति गर्नका लागि उत्प्रेरणा दियो होला ? ,कुरो ही डेनाङ इस्ताढेमाङ अनी अहम्दी कुराकोके सङ्ग्रहय कानुङ इटिकाङ कुटरी याहाम होटारके जाक्म अनी जाक्म याहालाङ ।
"यसरी नै यस्ता सबै प्रत्ययवादीहरूले अन्तिम यथार्थ शुद्ध प्रत्यय , शुद्ध चेतना हो । ",इटरी न इस्ता जम्मै प्रहोयवादीको अन्तिम इटम युद्ध सुर्थुद्धुद्धुद्ध आले ।
"गत दशक र त्यसभन्दा केही बढी समयको अवधिमा जस्तो भारतमा विदेशी तथा आन्तरिक प्रतिक्रियावादी शक्तिहरूले गीतालाई प्रगतिशील , तर्कबुद्धिवादी र धर्मनिरपेक्ष शक्तिहरूमाथि आक्रमण गर्ने शक्तिशाली हतियार यसअघि कहिल्यै पनि बनाएका थिएनन् । ","मीडुङ्गै च होसडेनाङ हीड बढी समयो अविकाङ लख भाराङ विदेशीहाको आरणिक्तिओ अन्तरणिया , प्रवरणितिके शुरु जाटा ।"
ताओ चिङलाई उसले अर्ती दियो । ,ताक्च चीउके होच्य अर्टी याहा ।
"तर , त्यो पलायनको अन्तर्यमा वास्तवमा स्वतन्त्रता र मुक्तिको उमंगमय भ्रुण थियो  । ","टर , होस पलायौ अन्टर्य वास्ताङ स्वस्ताङ स्वन्त्र अनी मुक्तिओ उमंग्रय लेया ।"
चीनको इतिहासमा त्यो हुनुसम्म अँध्यारो काल थियो  । ,चीन्डीच इटीहासाङ होस लेयासम्म छुम्च काल लेया ।
"विद्यालयबाट घर आउँछ , खाजा खाना नै रुन्छ , खेलौना भन्नासाथ पाएन भने फिस्स रोइहाल्छ । ","विद्यालयीङ इम राहाले , अर्नी छो न राप्के , गेसोला डेनाङ घिना डेम माडेला डेनाङ फिसले ।"
सतर्क हुँदै हेरेँ । ,सर्क छान्ह्मन ङोसा ।
हिजो बेलुकी चिचिबुलिले कपाल उखेलेकी मायाले बिर्सेकी थिईन् । ,टीसीनीङ नामार्लाक चीन्डीचबुले कपाल होसे जाक्म जाक्म बीर्की लेया ।
डल्ला पारेर सकेपछि त्यसालई हातले बेलेर गोलो गोलो अलि चेप्टो चेप्टो रुप दिनु भयो । ,एक्ली पार्डीयाप्याक होयोल मीहुटे आर्लार गोलो अली चेप्टो चेप्टो रुप याहाको ।
जनजातीय राज्यहरूमा जातिभित्रका गोत्रहरूका बिचको रक्त सम्बन्ध त्यस्तो बन्धन थियो जसले राजाप्रति एकता र निष्ठाको आधार प्रदान गर्दथ्यो । ,जनजाको राज्याङ्माङ जाटीभीट्री गोठौ बिचौ अनी भक्तबन्धन बढ्डीस्च लेया ।
अघि बढौं । ,म्हेनीङ बढ्डीया ।
श्रीकृष्णको दृष्टिकोण के छ भने हरेक सत्य त्यसको आफ्नै स्तरमा मात्र साँचो हुन्छ । ,माझाकृष्णौ दृष्टिओ कारण ही ले डेनाङ हरेक सहोके होसल्लौ स्टराङ छान्ह्ले ।
उनले त्यहाँ भनेको कुरा यस्तो थियो । ,होच्य होलाङ डेच कुरा इन्च लेया ।
गाउँ टोलको सबैले उसलाई रुन्चे नामले जिस्क्याउँछन् । ,लाङ्घाल टोलो जम्मैय होसके रुन्चे म्यारमीन जीस्लेसा ।
विचारहरूको यस समग्र प्रणाली वा व्यवस्थाको एकदमै ठुलो वर्ग चरित्र थियो । ,विचारको इच्र प्रग्रण व्यवस्थाओ काट न ठुलो वर्ण लेया ।
गीताको प्रारम्भकै अध्यायमा अर्जुन आफ्ना धनुष र वाणहरू भुइँमा राख्तछन् र युद्ध गर्न अस्वीकार गर्दछन् । ,गीताओ प्रारम्भकै अध्यायआङ अर्जुन मेल्लौ ढुनु अनी वाषणको उँइ जाट्के आधुद्धुद्धुद्धुद्ध जाट्के पर्ले ।
स्थितप्रज्ञले आफ्नो हृदयको गहिराइबाट जनतालाई तल देख्तछ । ,स्थितप्र्ञे मेनो हृदयौ गहीरीङ जनताके म्हाकाङ डाङा ।
"गीताले स्थितप्रज्ञको वर्णन गर्दा यस्तै , यस्तै कुराहरू अघि सारेको छ । ","गीताय स्टप्र्ञो वर्णन जाट्नाङ इन्चन , इन्चन कुराको म्हेनीङ सारिस्म ले ।"
बस्ने कहाँ  ? ,ङुके कुलाङ ?
यसको संरचना एवम् विचारधारा विशाल तर निकै जटिल मगधको समाजको अनुकूल हुन सक्तैनथ्यो । ,होच्यो संरसाल एम् वीचार काधा विशाल टर म्हाकाङ न जटल मधिओ जीम्मौला ।
दुबै हातमा लड्डु । ,न्हीसान्च मीहुटाङ खोरोहा ।
‘जहिले जहिले धर्म मरणासन्न हुने छ र अधर्मले टाउको उठाउने छ म त्यतिखेर युगैपिच्छे प्रकट हुने छु । ’,इनाङ जहीले धर्म मणास छान्ह्के ले अनी अधर्मय मीटालु सोट्के ले।
एक सबका लागि र सब हरेकका लागि यो नै जनजातीय जीवन तथा समाजको आधारशिला थियो । ,काट जम्मैओ लागी जम्मै हरेकओ लागी इसे न जनजाय जीवन चथा जीमाढारौ आधारिला लेया ।
बुद्धवाद एउटा अर्को पक्षमा पनि उपनिषदीय सामाजिक–धार्मिक संरचना भन्दा उन्नत थियो । ,बुद्धवाद काट आस्काट पक्षाङ ड उपनिषय सामाजिक होस संधाकर्क संचर संकेत्म लेया ।
यो धर्म नै हिन्दुवाद हो र त्यो हाम्रो अहिलेको समयसम्म प्रचलनमा छ । ,इसे धर्म न हिन्दुवाद आले अनी होस कानुङ समयसम्म छलचलनाङ ले ।
खाम्साङ त्यहाँ छ भनेर भनौ गाली खाने । ,छोसाङ होलाङ ले डेम डेनी गाके ।
"कालान्तरमा , संगत र संघर्ष एवम् स्वयंको अन्वेषण र आविष्कारको जटिल प्रक्रियामा , त्यो भ्रुणले कोपिलाको रूप धारण ग¥यो  । ","मेलापाराङ , संगत अनी संगत एषार एक्लेो अन्वेषणेषणेषणिया , कोष्टल प्रिमाणुके नुहुँआ ।"
आँगनमा आइपुगेका थिए उनका साथीहरु । ,आर्भाङ टाराहाच लेया होसकुङ लाफाको ।
"यसको अपवाद थियो , तर त्यसले पनि आम नियमलाई नै पुष्टि गर्दथ्यो । ","इच्यो अपवाद लेया , टर होसय ड राहाम नियमके न पुष्टि जाटोला ।"
राजनीतिक सत्ताको अन्तिम मन्जुरी त बल नै हो । ,विजनीक सट्टाौ अन्तिमति मन्जुरी टल न आले ।
"जुन दर्शनशास्त्रले भौतिक तत्त्व , प्रकृतिको आधारभूत यथार्थलाई अस्वीकार गर्दछ , जसले प्रामाणिक ज्ञानको साधनका रूपमा इन्द्रियबोध र व्यवहारलाई अस्वीकार गर्दछ । ","जुन दर्शास्त्रे भौटीक चत्व , प्रकृतिओ आधारो आधार इटर्थ्रेके व्यवस्थापन हुनुपर्ले ।"
त्यसले त माथिल्ला तहका मानिसहरूलाई तिनको सुख सुविधा र आरामको आर्थिक आधारबाट नै वञ्चित गर्दथ्यो । ,होचे च ढेमाङ टहौ भर्मीकोके होच्यो मीकुवाङ काबोक अनी आराढेमाङो आधारीङ न वञ्चिलोला ।
स्थितप्रज्ञ पूर्ण रूपमा चातुर्वण्र्यको हतकडीभित्र रहेर मात्र जनताका ‘लागि’ हुन्छ । ,स्ढ्ज्ञ पूर्ण अनीूपाङ चामवुर्ण्यौ हेटभीट्री अनी मात्रै जनडीच छान्ह्ले ।
"समस्या के हो भने गत पन्ध्र सय वर्ष वा त्यसभन्दा अघिदेखि गीता ( छोटकरीमा भन्दा ) ले हिन्दुहरूको सामाजिक , धार्मिक र नैतिक जीवनमा यस भन्दा धेरै पुराना तथा ‘प्रकटित’ वेदहरूको भन्दा पनि महत्तर प्रभाव र आधिकारिता प्राप्त गरेको छ । ",सहम्या ही आले डेनाङ गत पन्ध्रय स ल्हेस्च होसभन्दा म्हेनीङव्हारा मीजाको डास्च लेन्जामीजर ले ।
आमाले पहिले सानो सानो डल्लाहरु बनाउनु भयो । ,मोइय पहीला मार्ह्च सानो बीरीका खासाको ।
‘पानीरोटी आलु ब्लोन बाजे’ भन्ने गीतको यही आलु होइन त आमा ? ,इसपार्लाक नामारलाक बन्डीस्च बाजीओ ल्हीङो इलाक राहाके माहाले च मोइ ?
"नभेटेको भए रात भरिमा त स्याल , हाप्सिलोले खाना सक्थ्यो । ","न डूप्च लेनाङ नाबीक भरीआङ च स्याल , काप्सिलो ज्याके य्होकोला ।"
यो यसै जुनीमा यिनको दोस्रा औतार हो  । ,इसे इस जुनीआङ इसे डोझोस्रा उतार आले ।
"यसका अतिरिक्त , यी माथिल्लो तहका मानिसहरूलाई आफ्नो अस्तित्व र सुख सुविधाका लागि वैश्य तथा शूद्रहरूको ढाड भाँच्ने श्रम आवश्यक थियो । ","इच्यो अतिरिक्त , इसे ढेमाङो चहमौ भर्मीकोके मेनो खयाक्वया अनी मीस्के उधाका लागी व्यू श्रडीच लेया ।"
रिमठिमला वर्गङ्योलोक,भरीमठीम वर्टा ।
जुसुमको आमा डोल्मो आँगन डिल मुनि आलु खन्दै हुनुहुन्छ । ,जुन्चो मोइ डोल्मो आर्भा आर्भा छेवाङ ज्यामन लेको ।
एक दिनको कुरा हो । ,काट याको कुरा आले ।
उ अलि ठूलो छ । ,होस अली करङ्च ले ।
"‘माल अब्बल छ , ’ मैले भनेँ  । ","एमालब अब्ला ले , होयो ङै ङाडेयाङ ।"
यस अतिरिक्त यो स्वयम् पनि विकृत भयो । ,इटार अरिक्त इसे स्वयम् ड विकृत छान्हा ।
यसको व्याख्या गर्न सक्षम मस्तिष्क भएकाहरूले गीता भन्दा अघि पनि निकै पसिना बगाएका थिए । ,इच्यो व्याखे जाट्के सक्षम मस्ष्क लेचकोइ गीता डेनाङ म्हेनीङ ड नियाक पैडीस्च लेया ।
चिचिबुलिको आमाले छारीको हात मायाको कपालबाट छुट्याईन् । ,चीन्डीचिबुलिओ मोइय माझामीजाओ मीहुट मायाओ कपालीङ छुट्डीया ।
जेसुम बाजेबज्यु हाँसेका देखेर फुरुङ्ग हुँदै बाजेको काँधमा अँगालो हाल्न पुगिन् । ,मीझारम बाजीबज्यु रेट्च डाङार फुरुङ्ग छान्ह्मन बाजीओ मीचार्डीआङ अँगालो का ।
"अर्को कुरो , गीताले के भनेको छ भने कुनै व्यक्ति स्थितप्रज्ञको चरणमा पुगेको खण्डमा मात्र उ समदर्शी बन्दछ । ","आस्काट कुरो , गीताय ही डेच छर्याक्तिन व्य स्थितप्र्ञो चरणिकाङ टाहालेसा ।"
"माया , तल आउ न । ","माया , म्हाकाङ राहान ।"
तर तिनलाई पनि ब्राह्मण पुरोहितहरू शूद्रका रूपमा बदनाम गर्दथे । ,टर होसके ड बढ्डीस्म पुरोटनाको शूनद्र अनीूपाङ बडनासो जाटोला ।
उनीहरूले त कट्टरपन्थी सनातनीहरूले गरेको प्रतिक्रियावादी व्याख्या र ब्रिटिस शासकहरूको राष्ट्रियता विरोधी व्याख्यालाई मात्र अस्वीकार गरेका छन् । ,होसकोइ च कट्टरपाथी सनानीय जाट्च प्रतिक्रिया जाट्च प्रतिक्वादी व्याक्सी अनी बख्डीस्च ले ।
गीताले जशको मानशिकता र स्वभाव नोकरको छ त्यसलाई शूद्रका रूपमा व्यवहार गरिन्छ भनेको छैन । ,गीताय जशो माशीक अनी स्वभाव नोकओ होसके शूचूपूमूलीआङ व्यवहार जाट्म माले डेम माले ।
"त्यस उप्रान्त याङ मोकै कथनमा , ‘मिसिनगन र संगीन , काराबास र यातना वा फाँसीसामुसमेत एकरत्ती नदबी असंख्य श्रेष्ठ तरुणहरू बैरीसँग दृढता साथ लडे  । ","होस उप्राप्री इसे डेरा कठाङ , आत्मन अनी संगन अनी संगीन काकास अनी वाकसमुनिटरी कासाराङ काट अंग्रस डृत्मन नुहुँआ ।"
"विज्ञानको प्रणालीबद्ध विकास खासगरी चिकित्सा , खगोल विद्या ( गणित ज्योतिष ) र गणितशास्त्रको विकास पनि यही युगमा प्रारम्भ भएको थियो । ","विज्ञानो प्रणालीबद्ध विकास खासरी चीन्डीम लेया , खेरेक्च विद्यालय गणित जटी अनी ) गणित छान्ह्च लेया ।"
एकबारको जुनीमा यो यिनको दोस्रो औतार हो  । ,काटबारो जुनीआङ इसे अनडीओ न्हीस टोस्रो मीटार आले ।
"सर्वप्रथम , सामन्ती व्यवस्थाको समग्र विचारधारा धर्मले प्रदान गर्दथ्यो । ","सर्वोलाम , सामन्टी व्यवस्थाओ सम्रचार ढुचार धर्म हुर्के जाटोला ।"
जेसुम जुठो मात्र गरेर उठी । ,मीझारम जुठो मात्रै जाटार सोआ ।
उनीहरू त्यसमा हरेक उदात्त मानशिकता भएका मानिसहरूले पुग्न प्रयत्न गर्नुपर्ने आदर्श फेला पार्दछन् । ,होसको होसआङ हरेक उट्टै मासले ।
आफुलाई आधुनिक तथा वैज्ञानिक हुँ भन्नेहरू समेत हिन्दु धर्म र भारतीय आध्यात्मिक दर्शनको मोहपाशबाट मुक्त हुन नसकेको स्थिति हाम्रो छ । ,मेनके आधुनिक चथा व्ञाक आले डेच समेत छान्ह्मभ्याचको समेत हिन्ढार छान्ह्मभ्याच डान्ह्म ले ।
यस धर्मले गुप्त काल ( सन् ३००–५०० ) मा आफ्नो विकासको पूर्णता हासिल ग¥यो । ,इच धर्मय गुप्ट काल ( सन् २ २०५ ) मोइओ विकासौ पूर्ण ह्यासिया ।
श्रमजीवी जन समुदायका बिचमा वर्गीय चेतना विकसित नगरी र वर्गीय एकता विकसित नगरी समाजवादको सङ्घर्षको कल्पना गर्न पनि सकिन्न । ,श्रमजी जन समुक्नाङले बिचाङ वर्गीय चेतना सिकसिक आर्गरीओ कागिताय काट विकार्सिपन्न साट्च ।
"तिम्रो छोरी चाहीँ राम्री , मेरो छोरी चाहीँ नहुने ? ","नाकुङ माझामीजा चामल सेच , ङौ माझामीजा कानकोइ माहुके ?"
यो प्रस्ट रूपले ऐतिहासिक सवाल थियो । ,इसे प्रस्पने ऐतिहासिक सवाल लेया ।
यस्तो विकास एवम् विकासको सन्दर्भको अभावमा तिनको वास्तविक अर्थ र महत्वलाई बुझ्नै सकिन्न । ,इन्च विकास एम्वीकासौ सन्द्वो अभावाङ होच्यो होच्यो होच्यो होच्यो वास्तकविक छान्ह्म महत्वके व्हाके माय्होका ।
खाम्साङ उठ्न सक्दैन । ,ज्याके सोके माय्होक्ले ।
पासाङ घरमा आइपुग्दा अँध्यरो नै भयो । ,पासाङ इमाङ टाराह्नाङ अँढ्य न छान्हा ।
गुप्त र त्यसपछिको अवधिमा शासक वर्गहरू पूर्णतया परजीवी बन्न पुगे । ,गुप्ट अनी होटीङ अविकाङ शासंगको पूर्णत पार्लाक बन्डीया ।
"‘युवाहरूको गीत’ युवाहरूका हातहातै सर्दै गयो , र यसलाई पालो पर्खीपर्खी पढियो  । ","बजाको ल्हीङो ल्हीङ इसे नामसुकाको मीहुटन सर्मन नुहुँआ , इसके पार्लाक इसे पाखी पढीसा ।"
कुखुराको चल्लाहरु बाहिर निक्लन चिँउ चिँउ कराईरहेको थियो । ,गौ मीजाको बहीरीङ ख्योहोके निक्लन चीउ चीउ च्याक्म लेया ।
कुन सही हो र कुन गलत हो कसरी छुट्ट्याउने ? ,सु सकिन र कुलख आले कुटरी छुट्टडीके ?
‘जसरी कुनै मान्छेले थोत्रा लुगा फुकालेर नयाँ लुगा लगाउँछ ! ,इटरी ग्वा भर्मीय ठट्टा आर्चीक्म फुट्च नयाँ लुका बील्ह्के !
‘उस्तै रहँदैन त ? ’,डेनाङ हुन्च रहँले च ?
तर परिणाम एउटै निस्केको छ । ,टर परिणाम काट न छ्युक्मन ले ।
यसलाई नेपालीमा २०४१ सालमै अनुवाद गरेका थिए– लेखक खगेन्द्र संग्रौलाले  । ,छ्याके नेपालीआङ २०५ २न अनुवाद जाट्च लेया ।
पाण्डवका पाँच भाइहरूमध्ये सर्वाधिक तेजस्वी योद्धा अर्जुनले युद्धका निम्ति तयार भएर तिनका सामु उभिएको अवस्थामा आफ्ना निकटका बान्धव कौरवलाई भारतको महाकाव्यात्मक महायुद्धमा मार्न अस्वीकार गरे । ,पार्लाकवौ पाँच भयाकोमध्ये सर्कवाधिक तेजस्था इसे काबोक अर्जुनयुम्टी छान्ह्म टिया ।
तिनको परित्याग गरेको छैन । ,नो परिट्याग माज्यामने ।
हामीलाई थाहा नै छ कपिललाई साङ्ख्य दर्शनको प्रतिपादक मानिन्छ । ,कानके ठाहा न छ्यापिलके सख्य दर्शनो प्रतिपादक मामन्डीले ।
आफुलाई क्षत्रिय भनेर दाबी गर्नेहरू पनि थिए । ,मेनकेपाङत्रिय डेम दाजी रात जाट्के लेया ।
बच्चाको निहुमा ठूलो मान्छे झगडा गरेको राम्रो होइन । ,मीजाओ निहुलाङ करङ्च भर्मी यगडा जाट्च सेहेच माहाले ।
गीताको आधारभूत तथा अनुल्लङ्घनीय रूपरेखा चातुर्वण्र्य र वेदान्त नै हो । ,गीताओ आधारभ्रेत टथा अनुल्ल गाउँले अनीूप्याटरे चामव्रे अनि व्रेत न आले ।
‘आमा’ खास गरेर सहर–बजारका हुनेखाने पठितहरूले पढे  । ,होसे चाराङ ज्यास जाट्म सहराङ्मोजार हुर्के पठिटकोइ पढीसा ।
यही कारण समाजवादको दिशामा अघि बढ्ने हो भने हामीले वेदान्ती प्रत्ययवाद तथा चातुर्वण्र्य र जाति प्रथाका विरुद्ध निरन्तर सङ्घर्ष गर्नु अनिवार्य हुन्छ । ,होसे कारण समाजवादो डीशामाङ मेनीङ बढीस्च आले डेनाङ कान वेती प्रयदुवर्ट जाटा अनी प्रवरणिति परिण जाक्म विवाहन जाटा ।
हामीले नदेखिने ठाउँमा जानुभएको छ । ,काने माव्हारा ठाउँआङ नुहुँच ले ।
त्यो साहशिक उत्सर्गको सुवास थियो  । ,होस साहशीक उत्सगौ सुवास लेया ।
हामी अहिले गीताको व्याख्याको महानतम अन्तर्विरोधमा आइपुगेका छौं । ,कान इनाङ गीताओ व्याख्याओ म गोराकम अन्टर्विरोढाङ टाराहाम ले ।
यसले यतिमात्र भन्छ–,इचे इताङ भ्यालाङ डेले।
"तर , पठन र चर्चाको बजारमा कतै पनि त्यसको अस्तित्वको खासै आभास भएन  । ","टर , पठन अनी बर्चाको बजाराङ कतै ड होटौ खयाक्वो ज्यास माछान्हा ।"
सरकारको कार्य सम्पादन सामान्य रूपले हुनका लागि जनताले सरकारलाई स्वेच्छाले स्वीकार गरेको हुनु पर्दछ । ,सरकारो कार्यलय सम्पादन सामान्य अनीूपन छान्ह्के लागी जनताय सरकारे स्वच्डीच स्वार छान्ह्के परीस्ले ।
जसले प्रकाश देखेको छ ऊ यस्ता मानव कमजोरीहरूबाट अपृश्य हुन्छ । ,जये प्रकाश माडाङ्म ले होस इस्ता मावजोरीको अपृस छान्ह्ले ।
ब्राह्मणका तल्लो तहका उपजातिहरू हुन्थे । ,बजाको टल्लो टल्लाहओ उपच्चाको आले ।
उनीहरूको मार्ग भनेको अर्को जन्ममा वर्णको भ¥याङ्मा माथि उक्लने आशा राखेर काम गर्नु र मर्नु मात्र हो । ,होसकुङ साग डेच आस्काट फुन्हाङ वर्णओ भेरेपाङ ढेमाङ ख्योहोके आशा डासार काम जाट्के अनी ङा मात्रै आले ।
मायाको आमाको मन झस्याङ्ङ डरायो । ,मायौ मोइओ मीमन झस्याङ्गा बीरीया ।
खाम्साङ भर्खरै पाँच वर्षको भयो । ,ज्याके भर्खरै बाङ्गा टू ल्हेसो छान्हा ।
‘आहा ! रोटी । ’,आहा ! रोटी ।
मेरो नाम राख्छ कि ? ,ङौ म्यारमीन डाले की ?
"उपनिषद्हरूले वकालत गरेको एउटै मात्र बाटो तपस्या र ध्यानको बाटो हो , जसलाई आडम्बरपूर्ण किसिमले ज्ञान मार्ग भनिएको छ । ","उपनिषाकोइ वोल जाट्च काटै लाम टपन्या अनी ध्यानो लाम आले , जम्बरके आतार की डेम साटाक्म ले ।"
त्यसो गरेको खण्डमा मात्र हामीले यसका असङ्गतिहरूलाई यसमा रातो धागो जस्तै प्रस्ट रहेको सङ्गतिको सहायक अंशहरू हुन् भनेर बुझ्न सक्ने छौं । ,होटार जाट्च खण्डाङ मात्रै कानकोइ इच असङ्गिकोके इन्हाङ ग्याच ढाका लखन लङ्गो सयंकओ अंकाङ व्हाके माय्होक्च ले डेम ।
एकै पटकमा झिरिप्प छिपा ! ,एकै पटकआङ झीप्पा छीनी !
वर्ग र जाति भन्दा बढी रहस्यवाद र विज्ञान सँगसँगै अघि जान सक्तैनन् । ,वीहा अनी जाटी डेनाङ बढी अनी हवास्यवाद अनी विज्ञान कठा नुहुँके माय्होक्ले ।
आज ती मुन्टो टेकेर लत्रिएका छन् । ,छीनीङ होस मीटालु टेमार लत्रियो ले ।
सबै जम्मा भएर आमाछोरालाई अगाडि हालेर घरमा जान्छन् । ,जम्मै जम्मा छान्हार मोइछोरीके अगाडी काडीस्म इमाङ नुहुँले ।
गीतामा एउटा आदेश घिनलाग्दो स्थिति बन्ने गरी बारम्बार दोहो¥याइएको छ ः मामेकं शरणं ब्रज । ,गीताआङ काट आदेश घिनलाग्डीस्च स्ढेमाङ बन्ने गरी बम्बारोहोया माओल्म ले ।
आज तिनले भाग्यको लगाम काठको गणेशलाई सुम्पिदिएका छन् । ,छीनीङ होच्य भाग्यओ लैडीयार काठो गणके सुम्पिडीम ले ।
जेसुम साथीहरुसँग टोलरित ढोग्न निस्किईन् । ,मीझारम लाफाकोकठा टोलरिट ढोगट हुर्के निस्डीसा ।
कृषिमा सुधार हुनुका साथै कृषि क्षेत्रमा ठुलो विस्तार आयो । ,किृषिआङ सुधार छान्ह्के साथै कृषि क्षेत्राङ ठुलो विलो राहा ।
त्यहाँ वैद्य दाइको देब्रे ढल्कुमा पुस्तक पसल थियो  । ,होलाङ वैद्य दाजीओ देब्रे ढोकुवाङ पुस्तक पसल लेया ।
तिनको नाम हो बाई याङ  । बस् । ,होच्यो म्यारमीन आले बाईमा ङुले ।
"वास्तवमा , भगवान् श्री कृष्ण के पनि दाबी गर्छन् भने ‘पूर्णता प्राप्त गरेका मध्येको म कपिल मुनि हुँ’ । ","वास्ताङ , भगत वान्ह्च माझा कृष्ण ही ड ड दाजी जाट्ले डेनाङ मापूर्ण पूर्ण घोप्ट जाट्च ङाप्ट जाट्च ङाप्पिल ।"
गुप्त साम्राज्यलाई प्राचीन भारतको सर्वाधिक आश्चर्यजनक साम्राज्यका रूपमा सही तरिकाले नै हेर्ने गरिएको छ । ,गुप्टनाङ साम्राज्यके प्राचीन भटौ सर्ढिक आसरखनजाट्नाङ सरापाङ टन्डीच ले ।
"‘म सन्त हनुपर्ने मान्छे , कहाँबाट राजनीतिमा आएछु  ? ’","होडीक सन्केपरीस्के भर्मी , कुलाङीङ राजटीआङ राहालाङ ?"
"जुनसुकै रूपको शोषण बेहोर्नु परे तापनि भोक , अभाव र शरीरले बेहोर्न समेत कठिन पर्ने श्रम तीमध्ये अधिकांशको भागमा पर्दथ्यो । ","जुन्च रूपूओ शोषण बेहोके परीस्च टापनिकभाव , अंहरीय आर्चीम समेत समेके परीस्च होस भाग मापढीस्के परीसोला ।"
उनीहरूले आफ्ना प्रजाको राजतन्त्रप्रति रहेको निष्ठालाई मजबुत पार्न पुराणहरूलाई पुनर्सम्पादन समेत गरेका थिए । ,होसकै मेल्लौ प्र्जाओ राजतन्त्रो प्रष्टके मष्टोके मजतबुहारी पुरान समेर्स जाटा ।
जनताको आदर्श नेता कहिल्यै पनि उपकारी तानाशाह हुँदैन । ,जनताओ आडै नेटा सेनर ड उपकारी टानाहौ माछान्ह्ले ।
"सब खालका करहरू व्यवहारमा ल्याइए , विशाल , तलबी नागरिक प्रशासन यन्त्र खडा गरियो । ","जम्मै खालका करको व्यवहारआङ राकार , विशाल , म्हाकाङबीच मीगार स्याहासन झोको खेरेपडा गरी ।"
हामीले होइन गीताले सबथोक उल्टोपाल्टो बनाएको छ । ,काने माहाले गीताय जम्मैथोक उल्टा पार्लाक खास्च ले ।
उनी भारतीय स्वतन्त्रता सङ्ग्रामका एक योद्धा हुनुका साथै अविभाजित भारतीय कम्युनिष्ट पार्टीका केन्द्रीय समितिका सदस्य समेत थिए । ,होसे भारिय स्वन्त्रो सपराम काट युद्धा लेच मार्ह्च अविभाजी टार्टी छान्ह्मभ्याम कमला ।
यसको उत्तरदायित्व श्रीकृष्णको काँधमा किन छ भने उनले एकातिर फलको आशा नगरी काम गर्नु पर्छ भन्ने ठुलठुला भाषण एकातिर छाँटे भने अर्कातिर अर्जुनलाई युद्धमा मरिहाल्यौ भने स्वर्गमा जाने छौ र युद्ध जित्यौ भने साम्राज्य पाउने छौ भनेर प्रलोभन दिए । ,होच्यो उट्टर याहाचयिव्रीकृष्णो काँढाङ हीके ले डेनाङ उकालओ काबोकाट्म इसे काम जाट्के पर्ले डेनाङ साँढीस्के पर्ले ।
"मेरा एक सदावहार साथी छन् , श्री स्वनाम साथी  । ","ङौ काट सनवहार लाफा ले , माझा स्वना लाफा ।"
सन् १९८० मा याङ मोको ‘युवाहरूको गीत’को ‘शिकवेल’ अर्थात्् उत्तरभाग प्रकाशित भयो  । ,फुन् १ २०५ इसेमा मोजाकोयुवाको ल्हीङो सोध्डीच काँक्रो काबोक वाकथार उत्वर उत्न छान्हा ।
पिठो चाल्ने फलामको चाल्निमा धुलो धेरै थियो । ,पिठो स्याके फलामओ चाल्नीआङ ढुलो ढेर लेया ।
मायको आमाले भनिन् । ,मामाओ मोइय डेया ।
"वास्तवमा , श्रीकृष्णका सम्पूर्ण गहन प्रवचन सुनेर पनि अर्जुन एक पाइला डेग नचलेपछि उनले अर्जुनलाई विश्वरूप दर्शन गराएर आतङ्कित बनाए । ","वाक्वाङ , माझामीष्णो सम्पूर्ण गहन प्रवचन सेम ड अर्जुन काट पाइलाय माचीन्डीया ।"
तमुरलेन ( मंगोलियन शासक ) ऋग्वेदिक ईश्वरहरूको सर्वाधिक शक्तिशाली ईश्वर ‘शत्रु’ शिविरमा आगो र तरवार बर्साउने इन्द्रको अति राम्रो चेला हुन सक्थ्यो । ,टरय मेरा ( मंगोलेन शासकस्थुवेका ऋयाक ईश्वरओ साट्ला ।
"शाही सीडीओ , ऋषि देवकोटा ‘आजाद’का जीवन हरणकर्ता  । ","श्डीस्च सीच , ऋि देवताओ देउता माराहाच जीवन हरण हरकर्टा ।"
त्यो वेदान्तको ‘विकास’मा शङ्करको ‘अद्वितीय’ योगदान थियो । ,होस वेद वार्डौ मवीकासराङ शुकाङ शुद्टी माविचेती छान्ह्म इसेगदान लेया ।
जनता ‘को’ हुनु भनेको जनताका ‘लागिरि’ हुनु होइन । ,जनता बोच छान्ने डेच जनताकाडीस्च माहाले ।
"प्रेम , सहानुभूति र दयाका लागि ऋग्वेद वा उपनिषद्मा कुनै स्थान छैन । ","प्रेम , सहानुभूटी अनी दयाओ लागी ऋ्च वापनिआङ उपषाङन स्था माले ।"
दया र परोपकार जनतासित तादात्म्य हुने भावसित कहिल्यै मेल खाँदैनन् । ,दया अनी परकोपकार जनतासिट टाक्नाङ लेच भाषा सेनर माखाट्म मीसले ।
भजनद्वारा अभिभूत भई यी नवभक्त भन्छन् । ,जनद्वाड अभिभूट छान्ह्म इसे नवक्त भक्त डेले ।
केही आधारभूत रासायनिक प्रक्रियाहरूको विकास हुनै पर्दथ्यो । ,हीड आधारभारुत रायनीक प्ररियाको विकास छान्ह्के परीसोला ।
"बस् , यति भनेपछि यसबारे लामो गन्थन गर्नै परेन  । ","ङुके , इटार डेप्याक इचार लोट्च गन्थन जाट्के पैडीस्के ।"
छाम्यो केराउको बोट मात्र भेटिन्छ । ,लाम हीराउओ मीमनाङ मात्रै डुपडीस्ले ।
छोरीको प्रश्न बुरुङरुङ आयो फेरि । ,माझामीजाओ प्रश्न बुरुङ राहा फेरी ।
प्रकाशकीयको यो वाक्य पढ्दा मलाई अहिले हर्ष र गर्वबोध भयो  । ,प्रकाशोले इसे वाक्य पढीस्नाङ ङाके इनाङ हर्ष अनी जाट्के छान्हा ।
व्यावहारिक जीवनमा विविध र अन्तर्विरोधी निष्कर्षहरू यसबाट निकाल्न सकिन्छ । ,ब्यवरिक जीवनआङ विवीध अनी अन्तरेधी निष्कर्षको इटीङ सस्कडीके माय्होक्ले ।
खाँदा खाँदै दुबै केराउको झाङभित्र झपक्क निदाउँछन् । ,खाँह्नाङ ज्यामन न्हीसान्च हीराउओ झाङ झपक्क ख्योहोलेसा ।
"यसरी तपाईं र मेरा लागि जे प्रकाश हो स्थितप्रज्ञका लागि अन्धकार हो , हाम्रा लागि जे रात हो त्यो उसका लागि प्रकाश हो । ","इटरी नाको अनी ङौ लागी हीोशो आले स्थितप्र्ञो लागी अन्धकार आले , हाम्रान जम्ह्च होस प्रशो लागी होस प्रशा आले ।"
जाडो महिना । ,ज्युम्च महीना ।
वेदान्त प्रस्ट रूपले प्रत्ययवादी दर्शन हो । ,वेदान्हा प्रस्त अनीूपे प्रये होस प्रर्वादी दर्शन आले ।
बाहुन र मन्दिरहरूलाई भूमिदान दिने चलन तीव्रताका साथ बढेको थियो । ,बाहुन अनी मन्दिरकोके भूमिदान याहाच चलन होस व्रतावटा साठो बढीस्च लेया ।
"यसकारण चातुर्वण्र्यलाई मान्यता दिएर किन महिला र तल्ला तहका मानिसहरू परम्परागत , धर्मान्ध र अहंकारी ब्राह्मण पुरोहितवादबाट नृशंस व्यवहारको भागी बन्नुपर्ने ? ",इसकार चाउटर्व्रेके मान्यता याहाम हीके माझा अनी तल्लाहका भर्मीओ आतंगतंगतंगतपोढाङ बही बेराङो अंडृत्युक्के माछान्ह्ले ?
आफैँ सानो बनेर कराईन् मायाको आमालाई । ,मेल्ला न सानो बन्डीयार च्याक्म मोइके ।
खाजा खाएपछि पल्लो घरको पासाङसँग केराउ बारीमा पस्छ । ,अर्नी ज्याप्याक पल्लो इमो पासाङकठा हीराउ बारीआङ पस्लेसा ।
स्थायी फौज–पैदल सेना तथा घोढचढी सेना–ले पहिलेको रथमा चढेर युद्धमा जाने क्षत्रियहरूको ठाउँ लियो । ,स्कस्थाय फौजिपनौ सेना चथा घोचै सेनाय पहिला अनी काठुद्धुद्धिकाङ नुहुँके ठाउँ लिपाङो ठाउँ लियोला ।
त्यो शुद्ध भ्रम हो । ,होसे शुद्ध भ्रम आले ।
अनि कम्तीमा अहिले के कुरा अस्वीकार गर्न सकिन्न भने ती दुबैको प्रशंसनीय उद्देश्यलाई छाडेर तिनले विभाजित गर र शासन गर भन्ने ब्रिटिस नीतिलाई नै लाभ पु¥याए । ,अनी कम्टीआङ इनाङ ही कुरा खेरेकार जाट्के य्होक्ले डेनाङ होस दुबै प्रशंसय उद्देश्ये होसके छाप्डीया ।
"बस् , युवाहरूको गीतको जायजन्म त्यही ध्वनि र त्यही गुञ्जनबाट सुरु भयो  । ","पस् , इसे ढुवाको ल्हीङो जाजन्म होस ढ्वनि अनी होस गुजनीङ सुरु छान्हा ।"
"रेमिङटन , मेड इन जर्मनी  । ","मिङ , तरकारी , मेन जन ।"
आँखा खोल्दा त केहि पनि देखिएन । ,मीमीक खोनाङ च हीड ड माडाङा ।
व्याख्याहरू खास सामाजिक तथा विचारधारात्मक रूपरेखामा सीमित छन् कि कुनै पनि खालका र सबै किसिमका अर्थहरू निकाल्न गीतालाई जे जसरी पनि तन्काउन सकिन्छ ? ,व्यामको खास सामाजिक चथाचार वाट्मकन्टार अनी पूपाराङ सीटाको किटाक्केन ज्याके अनी अर्थो खाटाक्म ड खाट्च ल्हुन्के ?
"भारतीय स्वतन्त्रता आन्दोलनको अवधिमा अधिकांश हाम्रा देशभक्त ( हिन्दु ) नेताहरूले आफ्नो राष्ट्रिय अस्मिताको पुनराविष्कारका लागि तथा जनताको आत्मसम्मान , आत्मविश्वास र त्याग र बलिदानको भावनालाई बढाउनका लागि गीताबाट अभिप्रेरणा लिएका थिए । ",भूसीके स्वन्टात्रो आन्दोलनो अविकाङ अंकासम्ह्च याहाच देशको ( व्हार खेरेटौ ढेर राष्टडीया ।
यस ‘साधन’का लागि पनि पछिल्लो कालखण्डको बुद्धवादले बाटो बनाइदिएको थियो । ,इचार केसाधन छान्के लागी ड न्हुनीङ कालो खण्डौ जाक्म लाम खास्मयाहाच लेया ।
सात काम छाडेर भए पनि यो विषयमा लेख्नैप¥यो । ,टुन काम डासार डेनाङ ड इसे विषय रीक्केपरीसा ।
उनले एकदमै ठिकसित के प्रतिपादन गरे भने मानिसहरू पहिले समानताको र भ्रातृत्वको जीवनमा बाँचेका थिए । ,होच्य काटन ठुकसिपेट ही प्रतिपादन जाट्च डेनाङ भर्मीको पहीला जीट्के अनी भृटवेटो जीवनआङ जीवाच लेया ।
"गीताको प्रस्ट अडान के थियो भने हाम्रो शरीर नाशवान छ र यस कारण क्षणभङ्गुर छ , जब कि आत्मा अविनाशी , शाश्वत र अजर–अमर छ । ","गीताओ प्रस्त अन ही लेया डेनाङ कानुङ शरीर नाशन ले अनी इटण झाङ मुख ले , वाकविम अवीर ले की आतंकाङ ज्यान ले ।"
सङ्घका सदस्यहरूले निजी सम्पत्ति राख्ने छैनन् र जातीय विभेद र असमानतालाई परित्याग गर्ने छन् । ,गाउँ सदस्यकोइ निजीपट्टी डाच माले अनी जाडटी र विभेत जाट्के ले ।
‘पानीरोटी तरुल खाऊँ आमा अब । ’,सोमपाटी टरुल ज्यानी मोइ अब ।
हामीले व्याख्या गरेजस्तै गीता त्यस अवधि ( निःसन्देह अति लामो समय ) सित सरोकार राख्दछ जतिखेर जनजातीय राज्यहरू र गणतन्त्रहरू समाप्त हुँदै थिए र प्रादेशिक राज्यहरू र साम्राज्यहरूले तिनको ठाउँ लिँदै थिए । ,कानकोइ व्यारो जाट्चन ल्हीङ होस अवस्त्रकोइ रोप्डीम लेया ।
उपनिषद्हरूको मूल स्थितिको रूपरेखाभित्र रहेर गीताले सम्पत्तिशाली शासक वर्गहरूको समकालीन व्यावहारिक तथा विचारधारात्मक आवश्यकतासित मिल्नेगरी थुप्रै परवर्ती परम्परा र दृष्टिकोणहरूलाई परिष्कार र संश्लेषण गर्ने काम ग¥यो । ,उपनिषाको मूलढेमाङो रूलीपाखाभीट्री अनी खेरेपट्टीय सम्पट्टी सुर्टाको व्यवस्थापन समिताको व्यवस्थापन पर्ले ।
गीता यस धर्मको धर्मग्रन्थ थियो । ,गीता इलाक धर्मओ धर्मग्रहोला लेया ।
"बस् , ‘युवाहरूको गीत’ सकियो  । ","ङुके , पेवाको ल्हीङो ल्हीङ्म य्होक्डीसा ।"
जाग्न थालेका पेफिङका विद्यार्थीहरू झुरुम्मै सडकमा उत्रिए  । ,जाल्ह्के ठाल्च पेफिङौ विद्यार्थीको झुरु सबै सधाङ उत्रिकाङ उत्रिन् ।
"अन्ततः श्री कृष्ण विजयी हुन्छन् , अर्जुन हार्छन् प्रभावशाली संवादको महत्व यही नै हो । ","अन्टतः माझा कृष्ण वीजय छान्ह्ले , अर्जुन जन जान्ह्ले प्रवसवस्रो वाक न आले ।"
गाउँको विद्यालयमा यो पटक मात्र शिशु कक्षामा भर्ना गरेको हो । ,लाङ्घौ विद्यालयाङ इसे पटक मात्रै शिशुशु कक्षा भर्ना जाट्च आले ।
र अहिले त इसामसिहको ऐतिहासिकता समेत विवादमा छ । ,इनाङ च इसासिओ ऐनो ऐतिहाक समेत विवादाङ ले ।
बन–जङ्गलहरू साफ गरियो । ,बन हयलखटको साफ जाटा ।
यसरी समस्याको समाधान गरिएको थियो । ,इटरी सम्यायो जीधान जाट्म लेया ।
काममा गएकाहरु काम सकाएर घर घरमा फर्किदै थियो । ,कामाङ नुहुँआचको काम डूमार इम ल्हेस्मन लेया ।
"ऊ नीडर छ , शान्त छ , जुनसुकै परिस्थितिमा पनि आत्म नियन्त्रणमा हुन्छ , एकदमै निःस्वार्थी छ , समाजप्रतिको आफ्नो दायित्वका बारेमा सचेत छ आदि , आदि । ","होसे निर ले , ज्यान ले , जुन परिस्थितिढेमाङ ड आत्मले नियन्त्राङ छान्ह्ले काट नाजाङन नियवादीओ बाँचो माङो काप्चाम ले ।"
"त्यस कारण , यदि तपाईंले शूद्रहरूलाई ‘उक्साउनु’ भयो भने नष्ट हुनु हुने छ । ","होस कारण , इसे मायाहा नाकोइ शुद्रके आर्मीट्केपरीसाको डेनाङ माष्ट छान्ह्च लेको ।"
कसैले पनि रोमनहरूको भाषा बोल्नु हुँदैन । ,सुय ड रोहौ भाषा ङाक्के माछान्ह्ले ।
त्यसमा यस्ता वाक्यहरू पाइन्छन् ः ‘तपाईं जे गर्नु हुन्छ त्यसलाई प्रकृतिले निर्धारण गर्दछ’ । ,होस प्रस्ता वार्टाको पाइन्छन्ः माचीक्नाङ मीझार जाट्के छान्ह्ले होटारके प्रतिय निर्ढार जाट्के पाले नी ।
‘आमा म जाऊँ ? ’,होसेमोइ ङा नुङ्न ?
‘युवाहरूको गीत’बाट आर्जित ख्याति र यसको बिक्रीले याङ मोलाई जीवनभरि प्राण धान्न सघायो  । ,बजाको ल्हीङो ल्हीङीङ आर्जुम ख्या अनी इच्यो बीरीय इटरीय इटके इसे जीवन माराहा ।
आमाले वरपर सबैतिर खोज्या छैन । ,मोइय वरप जम्मैलाक पामने ।
यसले बुद्धम् शरणम् गच्छामिबाट शरणम् गच्छामि लियो र बुद्धका ठाउँमा श्री कृष्णलाई स्थापित ग¥यो । ,इचे बोधद्ध शरीरण गच्छाटीङ श्रीमती लाम नुहुँआ अनी बुद्धो ठाउँआङ माझाके कृतरीय नुहुँआ ।
"वास्तवमा , यस सङ्ग्रहमा अर्को एउटा लेख पनि थपिएको छ । ","वास्ताङ , इसे सङ्ग्रहाङ आस्काट काट थप्डीम ले ।"
"अधिकांश प्रत्ययवादीहरू भौतिक पदार्थलाई व्युत्पन्न , कम महत्वको अस्तित्व मान्दछन् । ","अधंशी प्रयवादीको भटीक पर्थुके वीपन्न , कमला महवस्लेसा ।"
यस बिचमा बुद्धवाद र अझ त्यसभन्दा पनि बढी आमूल परिवर्तनकारी सम्प्रदायहरूले तल्ला तब्काका जनताका आवाजलाई वाणी दिएका थिए । ,इचाङ बुद्धवाद अनी अझाडेनाङ ड बढ्डीस्च परिवर्टनकारीओ सम्प्रे टब्का गणन याहाम आवाज वाताओ आवाज वार्लाक लेया ।
लोभले त्यागलाई ओझेलमा पा¥यो  । ,लोट्चय च्यागके ओझेलाङ डीन्हा ।
"र , बडो भावुक हुँदै ती भन्थे । ","र , बड्को भावुक छान्ह्मन डेओला ।"
पूज्य एवम् पवित्र विगतसित जोडिएका सिद्धान्त र नियमहरूले आजको विज्ञान तथा तर्कबुद्धिवादको युगमा समेत जनताका मनहरूलाई ठुलो प्रभाव पार्दछन् । ,पूजाको एम्ह्च वीत्राङ विगत जोडीस्च सिद्धुत अनी नियदुभाषाओ विज्ञान समेर्ताको ।
वास्तवमा यी रिकुटे टाइपका नयाँ भक्त हुन्  । ,वास्ताङ इसे लेखकुटे टाइका नयाँ भक्तक आले ।
"पानीरोटी आलु ब्लोन बाजे , खाऊँ भनि आको हामीहरु । ","डीरोटी नामारलाक बाजी , ज्यानी डेम राहाच कान नाकुङ ।"
हिन्दु धर्मका अधिकांश धार्मिक ग्रन्थहरूको असर नेपाली समाजमाथि पनि नराम्ररी परेको छ । ,टीसीनीङ धर्म अधिकाँश धार्मिक ग्रन्थो असर नेपाली जीमाजढेमाङ ड सेम ले ।
"पुतलीको हात , खुट्टा , कपाल , फरिया , चोली सबै कपडा टालोबाटै बनाउँन दुबै सिपालो थियो । ","पुलीओ मीहुट , मीहील , कपाल , फरिया , चोली जम्मै कपडा लाकीङन खास्के न्हीसान्हा ।"
"बलराज मधोकको भारतीयकरण किन , के र कसरी ? र गोवाल्करको ‘चिन्तनको गुच्छा’ शीर्षकका किताब भयानक र बिखालु हतियार सिद्ध भएका छन् । ","बलख मधोकओ भारिये हीके , ही र कुटरी अनी बल्कल्कओ काचिनो गुन्डीच ले ।"
"जतिखेरसम्म यो क्रान्तिकारी आघात संभव हुँदैन , त्यतिखेरसम्म बाँग्लादेशका जनताका कठिनाइहरू क्रमशः बढ्नेछन् , कानूनको स्थिति निरन्तर बिग्रनेछ र अराजकताको वर्तमान चक्र चलिरहनेछ । ","जटीङेरसम्म इसे क्रान्तिको आतघाभाव माछान्ह्ले , होटारसम्म बाँहीलखनओ चैडीस्च जनडीस्च क्रमनाओ अन्तरे , हामीले ।"
त्यहाँ यसले अपरिष्कृत फलामको धातु यति धेरै मात्रामा आविष्कार ग¥यो कि त्यो उपनिषद् कालको अन्तमा अकल्पनीय तथा सोच्नै नसकिने थियो । ,होलाङ इचार अपरिष्कृत फलामौ ढाक इट ढेर मोइ उत्राआङ आयल मन्डीया की होट्पन्टाङोल्लौ अन्तरे खुस्के च सोट्के लेया ।
तर त्यसले पनि आफ्नो कमजोरीलाई नै अभिव्यक्त ग¥यो । ,टर होटै ड मेनो कमजोरीके न अभिज्यक्लेसा ।
उसलाई सुताउन आमाले फेरि पनि त्यही ‘काँधमा आँखा बोकेको भूत’को कथा सुनाएर डराउने गर्नु पर्छ । ,होसके मीसाक्के मोइय फेरी ड होस माझाङ मीमीक बुँढाङ मीमीक बुचौ भूटौ कथा सेटाक्के पर्ले ।
"बस् , युवाहरूको गीतको कथासार यस्तैयस्तै हो  । ","पस् , हुवाको ल्हीङो कथासार हुन्चन आले ।"
त्यो दुर्भेद्य किल्लाका सामु बुद्धवाद भुत्ते साबित भयो । ,होस डुर्भेड्य की एक्लो सामुद्धवाद भुट्डीच मार्ह्च छान्हा ।
"अनि मात्र उसले विद्वान ब्राह्मण , गाई , हात्ती , कुकुर र चण्डाललाई बराबरीका रूपमा अर्थात्् समान देख्तछ । ","होसको मात्रै होच्य विद्वान बजाउँदै , हेट , हात्ती , चीऊ अनी चण्डाके बराबरीओ आताराङ आर्चीक्म डाङ्लेसा ।"
शङ्करले वेदान्तको ज्ञान मार्गलाई पनि यसको तार्किक निष्कर्षमा पु¥याएका छन् । ,सशुय वेदान्डौ ज्ञान सागके ड इच्यो टाक्क निषाङ ङुम ले ।
माल नयाँसरह गजप छ ! छापिएको अक्षर हान्छ  । ,माल नयाँ गएर गजप ले ! छाप्डीस्च अक्षर ज्याले ।
यससित आफुलाई बाँध्ने केही भौतिक र आत्मिक शक्ति हुन जरुरी छ । ,छेल्हेस मेल्लाके छ्याक्ने हीड भौटीक अनी आत्मिक शुक्ति छान्ह्के जरु ले ।
उपनिषद्हरूसम्म व्यापारको कमै महत्व थियो । ,उपनिषद्साकोसम्म व्यापारो कहट्व लेया ।
जातिपातीको जटिलता ( हाँगाबिगाँ ) यति विशाल भयो कि ( त्यसको कारण बारे हामी यहाँ चर्चा गर्न सक्तैनौं ) एउटा वर्णका परिधीय उपजातिलाई त्यसको निकटतम अर्को वर्णको परिधीय उपजातिबाट छुट्ट्याउनै गाह्रो हुन थाल्यो । ,जुटारपाटीओ जटिताओ (हुँडा कागाँहीनीङ विशाल छान्हा की इनाङो कारण बर्डाओ कारण छ्युक्के माय्होका ) ।
बुद्ध हिंसाका विरुद्ध उभिए । ,चौद्ध हीसा विरुद्ध टोङ्मन ।
"जे होस् , गीताको बिगुल फुक्ने कोही थियो भने त्यो श्रीकृष्ण नै थिए । ","मीझार आले , गीताओ बिगुल फुक्के सु लेया डेनाङ होस श्रीकृष्ण न लेया ।"
पहिले सङ्केत गरेजस्तै यातायात एवम् सञ्चार र सामान्यतः प्रौद्योगिकीको त्यतिखेरको प्रचलित अवस्थाअन्तर्गत केन्द्रीकृत प्रशासनिक विधिहरूद्वारा ठुल्ठुला राज्य र विशाल साम्राज्यहरूलाई स्थायी रूप प्रदान गर्न सकिन्नथ्यो । ,पहीला सपनेट जाट्चन याटायात एम्ञ्च सल्लाह अनी सामान्यः प्रगितको विशीमवस्थाओ अन्तला रोप्डीओला ।
भक्तिको अर्थ ईश्वरका अघि विना सर्त प्रेम तथा निष्ठाका साथ आफुलाई समर्पण गर्नु हो । ,डेक्टीओ अर्थुर ईश्वरका म्हेना सर्त प्रेम तथाष्टौ साथुके समर्पूर्ण जाट्के आले ।
बाजेले आमाछोरा दुबैलाई चोखो पानी छर्कि सात्तो बोलाउन थाल्नु भयो । ,बाजीय मोइमीजै न्हीसान्चके चोखो डी छर्क्च साटो ङाक्के ठालाको ।
चीन संकटको मुखैमा पुग्यो । ,चीन संकटओ मेङ्गेराङ टाहा ।
"म आफ्ना सामु दाजुभाइहरू , भतिजाहरू , काकाहरू , गुरुहरू र सब नातेदारहरू देख्तछु । ","ङा मेल्लौ सामुन दाजीभया , भजाको , बाबुको , गुरुटको अनी सबैले डाङा ।"
यो टाइपराइटरको आफ्नै कथा छ  । ,इसे टाइपराइटरो मेल्लौ कथा ले ।
ताओ चिङको अनुहारमा रगत र आँसु लपतिएको छ  । ,तानको चीलीङो मीटाहाङ मीही अनी मीमीकडी लग्डीस्म ले ।
मेरो अनुवादमा हजार गल्ती होलान् । ,ङौ अनुवादाङ व्टी गल्टी ओला ।
चिचिबुलिको आमा पनि किन कम्तिको हुनु । ,चीन्डीचिबुलिओ मोइ ड हीके कम्टीओ लेयाको ।
सम्भवतः मौर्यहरूको पतन विदेशी आक्रमणबाट भयो । ,सम्भावः मौर्यको पतन विदेशीङ आक्रणीङ छान्हा ।
सामान्यतया यो तर्क भारतीय जनताको परम्परा तथा मनोविज्ञानमा आधारित छ । ,सामान्य इसे टर्क छान्ह्मभ्याच जनताओ परम्परा च मनोविज्ञानाङ आधारिट ले ।
कालक्रममा यो बाधा ताओ चिङका लागि असह्य भयो र उनले त्यो अतीतमुखी र भविष्य–निषेधी करेटलाई सदाका लागि परित्याग गरिन् । ,कार्यक्रमआङ इसे बाढा टाढाको चिसो लागी अहस्य छान्हा अनी होस अटी बीर्हीन्मुखी अनी भीढ्येष जाट्मया ।
आमा छेवैमा आएर भन्नुभयो । ,मोइ छेवाङ राहार डेयाको ।
यसले गीतामा घुसाइएका विश्व रूप दर्शन र अन्य चमत्कारको पनि व्याख्या गर्दछ । ,इचे गीताआङ घुम्के विश्वार अनीूपन दर्शन अनी अन्यम केसा ।
तर हामी त्यस्ता दृष्टान्तहरूबाट पाठकलाई जोगाउन चाहन्छौं । ,टर कान हुन्च दृष्टान्टीङ पाठकके जोके चाहलैडीस्ले ।
"वास्तवमा , बुद्धवादको पुरेतवाद स्वयम् विलास , आडम्बर र परजीवी जीवनका सम्पूर्ण अधःपतनहरूको दलदलमा भासियो । ","वास्ताङ , बुद्धवादओ पुरे बटुवा स्वयम्हा , आम्बर अनी पर्डीस्च जीवनको सम्पन आतपन हुनुपर्छान्सा ।"
"पछि उसले अर्की महिलासँग बिहा ग¥यो र ताओ चिङकी आमालाई छिःछिः , दूरदूरको हदै शिकार तुल्यायो  । ","न्हुनीङ होच्य आस्काट माझाकठा बिहाडीया अनी तानको चिन्डीच मोइके छीनः , डुूरदुर शिरो ह्याकार ल्हीङ ट्याका ।"
यस अवधिको एउटा विशिष्ट अभिव्यक्ति थियो । ,इच अवसढिओ काट विशिष्ट अभिक्ति लेया ।
यथार्थमा यस बहसको अर्थ के हो ? ,इटठाङ इट बहसो अर्थ ही आले ?
आफ्नो हातमा गीता बोकेर हाम्रा प्रारम्भ कालका क्रान्तिकारीहरूले फाँसीमा चढ्ने साहस कसरी गरे होलान् ? ,मेनो मीहुटाङ गीता बुम हाम्रा प्रारम्भाट काभल क्रान्तिकोइ फाँसीय कुटरीस जाट्च ओला ?
पारि वारि सबै ठाउँमा खोजि सक्यो । ,पार्लाक वारि जम्मै ठाउँआङ पाम सकडीसा ।
गाउँका केटाकेटीहरुको बास बारीमै हुन लागेको थियो । ,लाङ्घौ जजाकुङ बास बारी न छान्ह्के पाम लेया ।
वास्तविक रूपमा वा वैधानिक रूपले आफुप्रति इमानदार रहेका वा रहने सर्तमा आफ्ना सामन्तहरू वा जागीरदारहरूलाई राजा वा सम्राट्ले राजनीतिक तथा प्रशासनिक अधिकारको हस्तान्तरण गर्नु मात्र त्यस्तो तरिका थियो जसबाट यस्ता सरकारहरू सञ्चालन हुन सक्तथे । ,वास्तक अनी पूपाङ वैधानीय मेल्लापनकेपूर्ण इटार छान्ह्मन ङुआ अनी वार्टनाको सल्लाह भएरडीस्च सामान जाट्के सम्बोकाट्म इसे अन्तरे झाँक्रीको विशा जाटा ।
गम खाँदै म चनाखो भएँ  । ,ङा खाँमन ङा च माखोल्म छान्हा ।
यो भनेको मोटामोटी रूपमा इस्वी सम्वत् २०० देखि ९०० सम्मको अवधि हो । ,इसे डेच मोटाम अनीूपाङ इस्वी सम्वत्व २ २०५ सम्मो अवस्ढिवस्थि आले ।
निम्न वर्गका मानिस तथा महिलाहरूलाई शोषक वर्गको आर्थिक एवम् राजनीतिक पवित्रताको वातावरण प्रदान गर्ने आध्यात्मिक–बौद्धिक रक्षास्थानबाट बाहिर राख र उनीहरूका लागि मोक्षको ढोका पनि खुला राख । ,निम्माओ लागी भर्मी टथाकोके शोषक वोकाट्चौ आँगनीओ लागीकवितावरण वातावरण फर्काट्च जाट्के आधन डाम अनी होस पहीलो लागी होस डान्सा ।
यसको उत्तरदायित्व चौतर्फी रूपले महान् ‘भगवान’ श्रीकृष्णको काँधमा छ । ,होच्यो उट्टर नियित्व चौतर्फी अनीूय महानको महाडेनाङ आल्हा ले ।
साउन महिनाको समय थियो । ,मार्ह्च महीनाओ समय लेया ।
आसार महिना भर्खर सुरु हुँदै थियो । ,आसार महीना भर्खर शुरु छान्ह्मन लेया ।
"ठूला मान्छेहरुले मौरी , बछ्युँहरुले चिल्दा जाँड लागाएको देखेर उसले मलाई अरायो । ","बड्ला भर्मीकोइ मौरी , बछ्युँकोय चीस्नाङ हान लैडीच डाङार होच्य ङाके अरा ।"
सोनामको आमा र सोनाम देखेर उनीहरु कक्षा कोठामै फर्कियो । ,सोनामओ मोइ अनी सोनाम डाङार होसको कक्षा कोठाङन ल्हेसा ।
पासाङर पाल्मो बुरुक्क बुरुक्क उफ्रेर गीत गाउँदै थिो । ,पासाङ पाल्मो बुरुक्क बुरुक्क फोर्जोहोम ल्हीङ लेया ।
सबै चुपचाप बस्यो । ,जम्मै चुपचाप ङुआ ।
उनीहरु आँखा तल गरिरहेका थिए । ,होसको मीमीक म्हाकाङ जाट्मन लेया ।
पुराना पुराना कपडा खापि खापि लगाएको पासाङ र पाल्मो घाम बोलाउन बाहिर निक्लेको हो । ,पुराना पुराना कपडा ज्यापिङ लैडीस्च पासाङ अनी पाल्मो नामखन ङाक्के बहीरीङ ख्योहोला निर आले ।
हाम्रो गोठ तल बेँसी चिहानडाँडाको कटेरोमा सारिसकेको थियो । ,कानुङ बरसाल म्हाकाङ बेँसी चीहान कतेरोआङ सारिभ्याम लेया ।
शैलुङ डाँडामा भूँइकुहिरो तलतल झर्दै बर्खा प्रवेश गरेको जनाउँ दिँदै थियो । ,शैलुङ डाँडाआङ भूँइकुरीङ टलट झर्मन बर्खाडीस्म प्रवेश जाट्च लेया ।
सोनाम चाहीँ जान पाएन । ,सोनाम चाहँड नुहुँके माडीन्हा ।
‘ओइ तिमीले मलाई किन डेलि भनेको ? ’,होलाङो ने ङाके हीके डिलि डेच ?
हाफछुट्टिको घन्टी बज्यो टिनिनि . . . टिनिनि . . . । ,कानछुट्टीओ घन्टी ङाहा नीनी . . . ढुमार . . . ।
"‘ए लावाङ , बारुलाको गुङ फोलौं है । ’","होसे लावै , बारुलौ गुँडङ फोल है ।"
तिमीले दिएको गाईको बच्चा,ने याहाच हेटो मीजा ।
कामिले निगालो चि¥यो । ,काने निगालो चीन्डीया ।
हामीले तिमीलाई नचाहिँदो दोष लगायौं । ,काने नाङके माचैडीस्च डोषोष लैडीया ।
किन रोएको ? ,हिके राप्च ?
यसो हेर्नुभयो । ,इट ङोसाको ।
आमा सुनमाया छोरीलाई हेरेर मुसुमुसु हाँसेर बस्नु हुन्छ । ,मोइनाङ माझामीजाके ङोस्म मुसुमुसु रेट्म ङुके छान्ह्ले ।
घरबाट १५ मिनेट जति उकालो उक्कलेपछि पुग्ने ठाउँ खर्कचौरमा । ,इमीङ १५ खाट्च जटी उकालो उक्केप्याक ओल्के ठाउँ झाला ।
फेरि पनि हेडसरले सोध्नुभयो । ,फेरी ड हेडसरे गीनाको ।
अब कहिल्यै भन्दैनौ । ,अब सेनड डेके माडाले ।
गाला आगोले पोले झैं तातो तातो भयो । ,मीगाला म्हे जोस्च लख जोस्च छान्हा ।
म झर्दासम्म आमा घाँसको भारी फलेर कटेरो भित्र पसिसक्नु भएको थियो । ,ङा झर्ह्नाङसम्म मोइओ भारी फाट्म कटेरो भीट्री पैडीस्के लेयाको ।
दुबै साथ लागेर ढलेको मकैको बोट भाँचेर त्यसमाथि माटो थुपारेर छ्योपो । ,न्हीसान्चन साठ लैडीस्म ढीच मकै बोट छान्ह्म होसढेमाङ ढेमाङ ढाकार थुम ले ।
कटेरो भित्र माथि कुनामा थियो घ्याम्पा । ,बटुङ भीट्री ढेमाङ कुनाङ लेया घ्याम्पा ।
‘भन त के भएको बाबु ? ’,माहाले च ही छान्ह्च बाबु ?
घाँसको भारी थपक्क बिसाएर आमाले सोध्नुभयो । ,इमो भारी थपक्क बीरीम मोइय गीनाको ।
सोनामको आमाले सबै कुरा सुनाउनु भयो । ,सोनामओ मोइय जम्मै सेटाको ।
बारुला पोलेर अर डढेबमे कटेरोको छानामा आँदा पुग्ने बित्तिकै आमाले फनक्क फर्केर मेरो गालामा एक झापट हान्नु भयो । ,बूली जोस्म अरसाल बीरी कटौ माझामीजाकुङ छाप्डीनाङ मीमीकडी टाहाके बीट्टीकै मोइय फनक्क ल्हेस्म ङौ मीगालाङ काट झाङ आर्चीपाको ।
"भैँसी , गाई र बाख्रो विहानको घाँस खाँदै थियो । ","नामारलाक , हेट अनी र्हा विका घाँस ज्यामन लेया ।"
आमाले कुरा फर्काउन नपाउँदै पाल्मोले अस्ति मात्र जन्मेको बाख्राको बच्चा र साती गाईको बच्चा जोडो भएर थुरुरु काँपिरहेको देख्छिन् । ,मोइय कुरा ल्हेस्च माम्हाक्मन पाल्मोय खेरेच र्हाओ बच्चा अनी सानो मीगाईओ बच्चा छान्हार थोकोर ठुक्मन लेया ।
देख्ने वित्तिकै कामि कटेरोबाट सुइत्त निक्लेर भाग्यो । ,डाङ्च विट्टीकै कामि कतौरीङ सेस्म जोहोआ ।
अब यसो गर्छौ कि गर्दैनौ भन त ? ,अब इट जाट्ले की माजाट्ले डेनी च ?
उ बुन्यामोथि चढ्यो । ,होस बोलामढेमाङ काला ।
उ घ्याम्पा छेवैमा एकछि उभिएर बस्यो । ,होस घ्याम्पा छेवाङ कलाप टोङ्म ङुआ ।
झिल्के र उसको साथीहरु सबैले सोनामलाई अँगालोमा बेरेर माफ माग्यो । ,झिर्हु अनी होच्यो लाफाकोय सोनामके अँगालोआङ बेर माफ्डीया ।
"कहिले उफ्रिँदै कहिले बिस्तारै हिड्ने , कहिले फूपूको अघि , कहिले पछि । ","सेनर फोर्जोम सेन बीस्टारै व्हाके , सेन फूपूओ म्हेनीङ , सेन ।"
"‘अँ मलाई मात्र भन न , थपडी बजाएर काँक्रा चोर , काँक्रा चोर भनेको तिमीहरु चाहीँ होइन ? ’","अरको ङाके मात्रै डेउ न , ठपडीस्म काँक्रा चोर , ङे चोर डेच नाकोइ माच माहाले ?"
विद्यालय धेरै टाढा थिएन । ,विद्यालय ढेर लोस मालेया ।
दुई ठाउँ बारुलाले चिलेछ । ,नीस ठाउँ बारुलाय चीले ।
फेरि पनि हेडमास्टरले फकाउँदै भन्नु भयो । ,फेरी ड हेडमास्टरे फोक्मन डेयाको ।
आँसु र सिँगान पुछ्दै सोनामले आमालाई साथीहरुले काँक्रा चोरेको दोष लगाएर रुवाएपछि विद्यालय नगइ फर्किएको सुनायो । ,मीमीकडी अनी सिँगान पुछ सोनामय मोइके लाफाकोय ङे खुस्च दोषर लैडीसार विद्यालय माओल्प्याक विद्यालय ल्हेसा ।
सोनामको आमाले केही भन्नु भएन । ,सोनामओ मोइय हीड डेके माछान्हा ।
घ्याम्पा र कामि झन्डै बराबरी अझ घ्याम्पानै उ भन्दा अलिअलि अग्लो थियो । ,घ्याम्पा अनी काम झिन्डै बराबरी अ झ्याम्पाके डेनाङ उली चेलो लेया ।
आमा र फूपू घाँस लिएर आइपुग्नु भएछ । ,मोइ अनी सूपू घाँस लाम टाराहाको ।
‘लौ यस माथि चढेर जाँड निकाल तिमीले’ घ्याम्पासँग राखेको बुन्या देखाउँदै उसले मलाई भन्यो । ,लौ इसे ढेमाङ काल्ह्म हान निकाल ने मा्याम्पाकठा डाच बुम होच्य ङाके डेया ।
ठूलोबुबाको छोरा कामि उसको कटेरो डिलमा उभिएर हात इसारा गरेर मलाई बोलाउँदै थियो । ,बड्बोइओ लेन्जामीजा कामि होच्यो कतौ छेवाङ टोङ्च मीहुट योट्मन जाट्म ङाके ङाक्मन लेया ।
पर कुनामा भएको बुन्या कामिले तान्ना थाल्यो । ,पार्लाक कुनाङ लेच बुम कामिय टन्डीके पा ।
एक हप्तापछि आमाको दुध खाने मन गरेर बेँसीमा झरेको म आमा गोठमा नदेखेपछि खिस्रिक्क भएँ । ,काट हप्टाप्याक मोइओ डुढ ज्याके मीमन जाटार बेँसीआङ झर म मोइ बरसाम माडाङाप्याक खेरेक्क छान्हा ।
जिउ फुल्लिएर ठूलो भएजस्तो लागिरहेको थियो । ,जीट्म फुल्लिक्म करङ्च लेच लागी लेया ।
‘तिमीहरुले पनि ढोग घामलाई । ’,नाकोइ ड ढोग घामके ।
"आम्मै , यो केटाकेटीहरु त ! ","आ सबै , इसे जजाको च !"
चोर नाम दिएर सबैले गिज्याए पछि सोनाम फनक्क फर्केर घरमै आयो । ,चोर म्यारमीन याहाम जम्मैय खेरेहेच न्हुनीङ सोनाम फनक्क ल्हेस्म इमाङ न राहा ।
तुसारो जमेर जमिनमा खुट्टा टेक्नै सकेको छैन । ,भुसारो जमेर जमडीआङ खुट्टा टेक्न माय्होक्नाङ माले ।
"‘लौ अब तिमीहरु सबैले सोनामलाई यसो गर्दिन , काँक्रा चोर कहिल्यै भन्दिन भनेर हात मिलाएर भन त ! ’","लौ अब नाको जम्मैय सोनामके इट जाट्लाङ , झाँक्री चोर चोर सेनर माडेलाङ डेम मीहुट खाटाक्म डेलाङ च !"
चिसो भएर कठ्याङ्ग्रिएर मर्न लाग्यो,क्योक्च छान्ह्म कठ्याङ्ग्रिम सीके पामने
खुट्टा टेक्दा घरप्प घरप्प भन्ने तुसारोको वास्ता नगरि पासाङ र पाल्मो आकाश पट्टि फर्केर गीत गाउँछ । ,मीहील टेक्नाङ इमप्प इम ल्हेस्के डेच तुसारो वास्ता माजाट्म पासाङ अनी आसा ।
नगर्ने भनेपछि हेडमास्टर पासाङले सबैलाई भने । ,नगर्के डेप्याक हेडमास्ट पासाङय जम्मैके डेया ।
सोनामको आमा हुइ हुइ गर्दै घाँसको भारी बोकेर बारी भित्रबाट आँगन डिलमा उक्लिनुभयो । ,सोनामओ मोइ होइङ छान्ह्के घाँसओ भारी बुम बारी भीट्रीङ आर्भा छेवाङ ख्योहोआको ।
बच्चालाई काँक्रा चोरको नाम दिएर रुवाएको देखेर आमाको दिमाग तात्यो । ,मिजाके काँक्रो चोरो म्यारमीन याहाच डाङार मोइओ याहाच डाङार मोइओ याहा ।
पानी उघ्रेर गर्मी सुरु भएको थियो । ,डी उघ्रेर गर्मी शुरु छान्म लेया ।
आमाको दुध खाना नपाएर खिस्रिक्क भउको म सुने पनि नसुनेझैं गरी बसेँ । ,मोइओ दुध ज्याके माडीन्म खिस्रिक्क छान्ह्म ङासेनाङ ड मासेनाङ ।
हरियो लहलहउँदो थियो । ,भीच लहलह रीक्मन लेया ।

