2026-02-26 06:48:33.222149: E external/local_xla/xla/stream_executor/cuda/cuda_fft.cc:467] Unable to register cuFFT factory: Attempting to register factory for plugin cuFFT when one has already been registered
WARNING: All log messages before absl::InitializeLog() is called are written to STDERR
E0000 00:00:1772088513.243692    3912 cuda_dnn.cc:8579] Unable to register cuDNN factory: Attempting to register factory for plugin cuDNN when one has already been registered
E0000 00:00:1772088513.249922    3912 cuda_blas.cc:1407] Unable to register cuBLAS factory: Attempting to register factory for plugin cuBLAS when one has already been registered
W0000 00:00:1772088513.265484    3912 computation_placer.cc:177] computation placer already registered. Please check linkage and avoid linking the same target more than once.
W0000 00:00:1772088513.265516    3912 computation_placer.cc:177] computation placer already registered. Please check linkage and avoid linking the same target more than once.
W0000 00:00:1772088513.265520    3912 computation_placer.cc:177] computation placer already registered. Please check linkage and avoid linking the same target more than once.
W0000 00:00:1772088513.265525    3912 computation_placer.cc:177] computation placer already registered. Please check linkage and avoid linking the same target more than once.
2026-02-26 06:48:37 | INFO | numexpr.utils | NumExpr defaulting to 2 threads.
2026-02-26 06:48:41 | INFO | fairseq.tasks.text_to_speech | Please install tensorboardX: pip install tensorboardX
/usr/local/lib/python3.12/dist-packages/hydra/experimental/initialize.py:43: UserWarning: hydra.experimental.initialize() is no longer experimental. Use hydra.initialize()
  deprecation_warning(message=message)
/usr/local/lib/python3.12/dist-packages/hydra/experimental/initialize.py:45: UserWarning: 
The version_base parameter is not specified.
Please specify a compatability version level, or None.
Will assume defaults for version 1.1
  self.delegate = real_initialize(
/usr/local/lib/python3.12/dist-packages/hydra/experimental/compose.py:25: UserWarning: hydra.experimental.compose() is no longer experimental. Use hydra.compose()
  deprecation_warning(message=message)
/usr/local/lib/python3.12/dist-packages/hydra/core/default_element.py:124: UserWarning: In 'config': Usage of deprecated keyword in package header '# @package _group_'.
See https://hydra.cc/docs/1.2/upgrades/1.0_to_1.1/changes_to_package_header for more information
  deprecation_warning(
sys:1: UserWarning: 
'config' is validated against ConfigStore schema with the same name.
This behavior is deprecated in Hydra 1.1 and will be removed in Hydra 1.2.
See https://hydra.cc/docs/1.2/upgrades/1.0_to_1.1/automatic_schema_matching for migration instructions.
/usr/local/lib/python3.12/dist-packages/hydra/compose.py:56: UserWarning: 
The strict flag in the compose API is deprecated.
See https://hydra.cc/docs/1.2/upgrades/0.11_to_1.0/strict_mode_flag_deprecated for more info.

  deprecation_warning(
2026-02-26 06:48:42 | INFO | fairseq_cli.train | {'_name': None, 'common': {'_name': None, 'no_progress_bar': False, 'log_interval': 100, 'log_format': None, 'log_file': None, 'aim_repo': None, 'aim_run_hash': None, 'tensorboard_logdir': None, 'wandb_project': None, 'azureml_logging': False, 'seed': 1, 'cpu': False, 'tpu': False, 'bf16': False, 'memory_efficient_bf16': False, 'fp16': True, 'memory_efficient_fp16': False, 'fp16_no_flatten_grads': False, 'fp16_init_scale': 128, 'fp16_scale_window': None, 'fp16_scale_tolerance': 0.0, 'on_cpu_convert_precision': False, 'min_loss_scale': 0.0001, 'threshold_loss_scale': None, 'amp': False, 'amp_batch_retries': 2, 'amp_init_scale': 128, 'amp_scale_window': None, 'user_dir': None, 'empty_cache_freq': 0, 'all_gather_list_size': 16384, 'model_parallel_size': 1, 'quantization_config_path': None, 'profile': False, 'reset_logging': False, 'suppress_crashes': False, 'use_plasma_view': False, 'plasma_path': '/tmp/plasma'}, 'common_eval': {'_name': None, 'path': None, 'post_process': None, 'quiet': False, 'model_overrides': '{}', 'results_path': None}, 'distributed_training': {'_name': None, 'distributed_world_size': 1, 'distributed_num_procs': 1, 'distributed_rank': 0, 'distributed_backend': 'nccl', 'distributed_init_method': None, 'distributed_port': -1, 'device_id': 0, 'distributed_no_spawn': False, 'ddp_backend': 'pytorch_ddp', 'ddp_comm_hook': 'none', 'bucket_cap_mb': 25, 'fix_batches_to_gpus': False, 'find_unused_parameters': False, 'gradient_as_bucket_view': False, 'fast_stat_sync': False, 'heartbeat_timeout': -1, 'broadcast_buffers': False, 'slowmo_momentum': None, 'slowmo_base_algorithm': 'localsgd', 'localsgd_frequency': 3, 'nprocs_per_node': 1, 'pipeline_model_parallel': False, 'pipeline_balance': None, 'pipeline_devices': None, 'pipeline_chunks': 0, 'pipeline_encoder_balance': None, 'pipeline_encoder_devices': None, 'pipeline_decoder_balance': None, 'pipeline_decoder_devices': None, 'pipeline_checkpoint': 'never', 'zero_sharding': 'none', 'fp16': True, 'memory_efficient_fp16': False, 'tpu': False, 'no_reshard_after_forward': False, 'fp32_reduce_scatter': False, 'cpu_offload': False, 'use_sharded_state': False, 'not_fsdp_flatten_parameters': False}, 'dataset': {'_name': None, 'num_workers': 1, 'skip_invalid_size_inputs_valid_test': False, 'max_tokens': 4000, 'batch_size': None, 'required_batch_size_multiple': 8, 'required_seq_len_multiple': 1, 'dataset_impl': None, 'data_buffer_size': 10, 'train_subset': 'train', 'valid_subset': 'valid', 'combine_valid_subsets': None, 'ignore_unused_valid_subsets': False, 'validate_interval': 1, 'validate_interval_updates': 0, 'validate_after_updates': 0, 'fixed_validation_seed': None, 'disable_validation': False, 'max_tokens_valid': 4000, 'batch_size_valid': None, 'max_valid_steps': None, 'curriculum': 0, 'gen_subset': 'test', 'num_shards': 1, 'shard_id': 0, 'grouped_shuffling': False, 'update_epoch_batch_itr': False, 'update_ordered_indices_seed': False}, 'optimization': {'_name': None, 'max_epoch': 100, 'max_update': 0, 'stop_time_hours': 0.0, 'clip_norm': 1.0, 'sentence_avg': False, 'update_freq': [1], 'lr': [0.0005], 'stop_min_lr': -1.0, 'use_bmuf': False, 'skip_remainder_batch': False, 'debug_param_names': False}, 'checkpoint': {'_name': None, 'save_dir': 'checkpoints', 'restore_file': 'checkpoint_last.pt', 'continue_once': None, 'finetune_from_model': None, 'reset_dataloader': False, 'reset_lr_scheduler': False, 'reset_meters': False, 'reset_optimizer': False, 'optimizer_overrides': '{}', 'save_interval': 1, 'save_interval_updates': 0, 'keep_interval_updates': -1, 'keep_interval_updates_pattern': -1, 'keep_last_epochs': -1, 'keep_best_checkpoints': -1, 'no_save': False, 'no_epoch_checkpoints': False, 'no_last_checkpoints': False, 'no_save_optimizer_state': False, 'best_checkpoint_metric': 'bleu', 'maximize_best_checkpoint_metric': True, 'patience': 10, 'checkpoint_suffix': '', 'checkpoint_shard_count': 1, 'load_checkpoint_on_all_dp_ranks': False, 'write_checkpoints_asynchronously': False, 'model_parallel_size': 1}, 'bmuf': {'_name': None, 'block_lr': 1.0, 'block_momentum': 0.875, 'global_sync_iter': 50, 'warmup_iterations': 500, 'use_nbm': False, 'average_sync': False, 'distributed_world_size': 1}, 'generation': {'_name': None, 'beam': 5, 'beam_mt': 0, 'nbest': 1, 'max_len_a': 0.0, 'max_len_b': 200, 'max_len_a_mt': 0.0, 'max_len_b_mt': 200, 'min_len': 1, 'match_source_len': False, 'unnormalized': False, 'no_early_stop': False, 'no_beamable_mm': False, 'lenpen': 1.0, 'lenpen_mt': 1.0, 'unkpen': 0.0, 'replace_unk': None, 'sacrebleu': False, 'score_reference': False, 'prefix_size': 0, 'no_repeat_ngram_size': 0, 'sampling': False, 'sampling_topk': -1, 'sampling_topp': -1.0, 'constraints': None, 'temperature': 1.0, 'diverse_beam_groups': -1, 'diverse_beam_strength': 0.5, 'diversity_rate': -1.0, 'print_alignment': None, 'print_step': False, 'lm_path': None, 'lm_weight': 0.0, 'iter_decode_eos_penalty': 0.0, 'iter_decode_max_iter': 10, 'iter_decode_force_max_iter': False, 'iter_decode_with_beam': 1, 'iter_decode_with_external_reranker': False, 'retain_iter_history': False, 'retain_dropout': False, 'retain_dropout_modules': None, 'decoding_format': None, 'no_seed_provided': False, 'eos_token': None}, 'eval_lm': {'_name': None, 'output_word_probs': False, 'output_word_stats': False, 'context_window': 0, 'softmax_batch': 9223372036854775807}, 'interactive': {'_name': None, 'buffer_size': 0, 'input': '-'}, 'model': Namespace(no_progress_bar=False, log_interval=100, log_format=None, log_file=None, aim_repo=None, aim_run_hash=None, tensorboard_logdir=None, wandb_project=None, azureml_logging=False, seed=1, cpu=False, tpu=False, bf16=False, memory_efficient_bf16=False, fp16=True, memory_efficient_fp16=False, fp16_no_flatten_grads=False, fp16_init_scale=128, fp16_scale_window=None, fp16_scale_tolerance=0.0, on_cpu_convert_precision=False, min_loss_scale=0.0001, threshold_loss_scale=None, amp=False, amp_batch_retries=2, amp_init_scale=128, amp_scale_window=None, user_dir=None, empty_cache_freq=0, all_gather_list_size=16384, model_parallel_size=1, quantization_config_path=None, profile=False, reset_logging=False, suppress_crashes=False, use_plasma_view=False, plasma_path='/tmp/plasma', criterion='label_smoothed_cross_entropy', tokenizer=None, bpe=None, optimizer='adam', lr_scheduler='inverse_sqrt', scoring='bleu', task='translation', num_workers=1, skip_invalid_size_inputs_valid_test=False, max_tokens=4000, batch_size=None, required_batch_size_multiple=8, required_seq_len_multiple=1, dataset_impl=None, data_buffer_size=10, train_subset='train', valid_subset='valid', combine_valid_subsets=None, ignore_unused_valid_subsets=False, validate_interval=1, validate_interval_updates=0, validate_after_updates=0, fixed_validation_seed=None, disable_validation=False, max_tokens_valid=4000, batch_size_valid=None, max_valid_steps=None, curriculum=0, gen_subset='test', num_shards=1, shard_id=0, grouped_shuffling=False, update_epoch_batch_itr=False, update_ordered_indices_seed=False, distributed_world_size=1, distributed_num_procs=1, distributed_rank=0, distributed_backend='nccl', distributed_init_method=None, distributed_port=-1, device_id=0, distributed_no_spawn=False, ddp_backend='pytorch_ddp', ddp_comm_hook='none', bucket_cap_mb=25, fix_batches_to_gpus=False, find_unused_parameters=False, gradient_as_bucket_view=False, fast_stat_sync=False, heartbeat_timeout=-1, broadcast_buffers=False, slowmo_momentum=None, slowmo_base_algorithm='localsgd', localsgd_frequency=3, nprocs_per_node=1, pipeline_model_parallel=False, pipeline_balance=None, pipeline_devices=None, pipeline_chunks=0, pipeline_encoder_balance=None, pipeline_encoder_devices=None, pipeline_decoder_balance=None, pipeline_decoder_devices=None, pipeline_checkpoint='never', zero_sharding='none', no_reshard_after_forward=False, fp32_reduce_scatter=False, cpu_offload=False, use_sharded_state=False, not_fsdp_flatten_parameters=False, arch='transformer_iwslt_de_en', max_epoch=100, max_update=0, stop_time_hours=0, clip_norm=1.0, sentence_avg=False, update_freq=[1], lr=[0.0005], stop_min_lr=-1.0, use_bmuf=False, skip_remainder_batch=False, debug_param_names=False, save_dir='checkpoints', restore_file='checkpoint_last.pt', continue_once=None, finetune_from_model=None, reset_dataloader=False, reset_lr_scheduler=False, reset_meters=False, reset_optimizer=False, optimizer_overrides='{}', save_interval=1, save_interval_updates=0, keep_interval_updates=-1, keep_interval_updates_pattern=-1, keep_last_epochs=-1, keep_best_checkpoints=-1, no_save=False, no_epoch_checkpoints=False, no_last_checkpoints=False, no_save_optimizer_state=False, best_checkpoint_metric='bleu', maximize_best_checkpoint_metric=True, patience=10, checkpoint_suffix='', checkpoint_shard_count=1, load_checkpoint_on_all_dp_ranks=False, write_checkpoints_asynchronously=False, store_ema=False, ema_decay=0.9999, ema_start_update=0, ema_seed_model=None, ema_update_freq=1, ema_fp32=False, data='data-bin', source_lang='np', target_lang='mgr', load_alignments=False, left_pad_source=True, left_pad_target=False, upsample_primary=-1, truncate_source=False, num_batch_buckets=0, eval_bleu=True, eval_bleu_args='{"beam": 5, "max_len_a": 1.2, "max_len_b": 10}', eval_bleu_detok='space', eval_bleu_detok_args='{}', eval_tokenized_bleu=False, eval_bleu_remove_bpe='sentencepiece', eval_bleu_print_samples=False, label_smoothing=0.1, report_accuracy=False, ignore_prefix_size=0, adam_betas='(0.9, 0.98)', adam_eps=1e-08, weight_decay=0.0001, use_old_adam=False, fp16_adam_stats=False, warmup_updates=2000, warmup_init_lr=-1, pad=1, eos=2, unk=3, share_decoder_input_output_embed=True, dropout=0.3, no_seed_provided=False, encoder_embed_dim=512, encoder_ffn_embed_dim=1024, encoder_attention_heads=4, encoder_layers=6, decoder_embed_dim=512, decoder_ffn_embed_dim=1024, decoder_attention_heads=4, decoder_layers=6, encoder_embed_path=None, encoder_normalize_before=False, encoder_learned_pos=False, decoder_embed_path=None, decoder_normalize_before=False, decoder_learned_pos=False, attention_dropout=0.0, activation_dropout=0.0, activation_fn='relu', adaptive_softmax_cutoff=None, adaptive_softmax_dropout=0, share_all_embeddings=False, merge_src_tgt_embed=False, no_token_positional_embeddings=False, adaptive_input=False, no_cross_attention=False, cross_self_attention=False, decoder_output_dim=512, decoder_input_dim=512, no_scale_embedding=False, layernorm_embedding=False, tie_adaptive_weights=False, checkpoint_activations=False, offload_activations=False, encoder_layers_to_keep=None, decoder_layers_to_keep=None, encoder_layerdrop=0, decoder_layerdrop=0, quant_noise_pq=0, quant_noise_pq_block_size=8, quant_noise_scalar=0, _name='transformer_iwslt_de_en'), 'task': {'_name': 'translation', 'data': 'data-bin', 'source_lang': 'np', 'target_lang': 'mgr', 'load_alignments': False, 'left_pad_source': True, 'left_pad_target': False, 'max_source_positions': 1024, 'max_target_positions': 1024, 'upsample_primary': -1, 'truncate_source': False, 'num_batch_buckets': 0, 'train_subset': 'train', 'dataset_impl': None, 'required_seq_len_multiple': 1, 'eval_bleu': True, 'eval_bleu_args': '{"beam": 5, "max_len_a": 1.2, "max_len_b": 10}', 'eval_bleu_detok': 'space', 'eval_bleu_detok_args': '{}', 'eval_tokenized_bleu': False, 'eval_bleu_remove_bpe': 'sentencepiece', 'eval_bleu_print_samples': False}, 'criterion': {'_name': 'label_smoothed_cross_entropy', 'label_smoothing': 0.1, 'report_accuracy': False, 'ignore_prefix_size': 0, 'sentence_avg': False}, 'optimizer': {'_name': 'adam', 'adam_betas': '(0.9, 0.98)', 'adam_eps': 1e-08, 'weight_decay': 0.0001, 'use_old_adam': False, 'fp16_adam_stats': False, 'tpu': False, 'lr': [0.0005]}, 'lr_scheduler': {'_name': 'inverse_sqrt', 'warmup_updates': 2000, 'warmup_init_lr': -1.0, 'lr': [0.0005]}, 'scoring': {'_name': 'bleu', 'pad': 1, 'eos': 2, 'unk': 3}, 'bpe': None, 'tokenizer': None, 'ema': {'_name': None, 'store_ema': False, 'ema_decay': 0.9999, 'ema_start_update': 0, 'ema_seed_model': None, 'ema_update_freq': 1, 'ema_fp32': False}}
2026-02-26 06:48:42 | INFO | fairseq.tasks.translation | [np] dictionary: 1200 types
2026-02-26 06:48:42 | INFO | fairseq.tasks.translation | [mgr] dictionary: 1200 types
2026-02-26 06:48:43 | INFO | fairseq_cli.train | TransformerModel(
  (encoder): TransformerEncoderBase(
    (dropout_module): FairseqDropout()
    (embed_tokens): Embedding(1200, 512, padding_idx=1)
    (embed_positions): SinusoidalPositionalEmbedding()
    (layers): ModuleList(
      (0-5): 6 x TransformerEncoderLayerBase(
        (self_attn): MultiheadAttention(
          (dropout_module): FairseqDropout()
          (k_proj): Linear(in_features=512, out_features=512, bias=True)
          (v_proj): Linear(in_features=512, out_features=512, bias=True)
          (q_proj): Linear(in_features=512, out_features=512, bias=True)
          (out_proj): Linear(in_features=512, out_features=512, bias=True)
        )
        (self_attn_layer_norm): LayerNorm((512,), eps=1e-05, elementwise_affine=True)
        (dropout_module): FairseqDropout()
        (activation_dropout_module): FairseqDropout()
        (fc1): Linear(in_features=512, out_features=1024, bias=True)
        (fc2): Linear(in_features=1024, out_features=512, bias=True)
        (final_layer_norm): LayerNorm((512,), eps=1e-05, elementwise_affine=True)
      )
    )
  )
  (decoder): TransformerDecoderBase(
    (dropout_module): FairseqDropout()
    (embed_tokens): Embedding(1200, 512, padding_idx=1)
    (embed_positions): SinusoidalPositionalEmbedding()
    (layers): ModuleList(
      (0-5): 6 x TransformerDecoderLayerBase(
        (dropout_module): FairseqDropout()
        (self_attn): MultiheadAttention(
          (dropout_module): FairseqDropout()
          (k_proj): Linear(in_features=512, out_features=512, bias=True)
          (v_proj): Linear(in_features=512, out_features=512, bias=True)
          (q_proj): Linear(in_features=512, out_features=512, bias=True)
          (out_proj): Linear(in_features=512, out_features=512, bias=True)
        )
        (activation_dropout_module): FairseqDropout()
        (self_attn_layer_norm): LayerNorm((512,), eps=1e-05, elementwise_affine=True)
        (encoder_attn): MultiheadAttention(
          (dropout_module): FairseqDropout()
          (k_proj): Linear(in_features=512, out_features=512, bias=True)
          (v_proj): Linear(in_features=512, out_features=512, bias=True)
          (q_proj): Linear(in_features=512, out_features=512, bias=True)
          (out_proj): Linear(in_features=512, out_features=512, bias=True)
        )
        (encoder_attn_layer_norm): LayerNorm((512,), eps=1e-05, elementwise_affine=True)
        (fc1): Linear(in_features=512, out_features=1024, bias=True)
        (fc2): Linear(in_features=1024, out_features=512, bias=True)
        (final_layer_norm): LayerNorm((512,), eps=1e-05, elementwise_affine=True)
      )
    )
    (output_projection): Linear(in_features=512, out_features=1200, bias=False)
  )
)
2026-02-26 06:48:43 | INFO | fairseq_cli.train | task: TranslationTask
2026-02-26 06:48:43 | INFO | fairseq_cli.train | model: TransformerModel
2026-02-26 06:48:43 | INFO | fairseq_cli.train | criterion: LabelSmoothedCrossEntropyCriterion
2026-02-26 06:48:43 | INFO | fairseq_cli.train | num. shared model params: 32,772,096 (num. trained: 32,772,096)
2026-02-26 06:48:43 | INFO | fairseq_cli.train | num. expert model params: 0 (num. trained: 0)
2026-02-26 06:48:43 | INFO | fairseq.data.data_utils | loaded 530 examples from: data-bin/valid.np-mgr.np
2026-02-26 06:48:43 | INFO | fairseq.data.data_utils | loaded 530 examples from: data-bin/valid.np-mgr.mgr
2026-02-26 06:48:43 | INFO | fairseq.tasks.translation | data-bin valid np-mgr 530 examples
2026-02-26 06:48:43 | INFO | fairseq.trainer | detected shared parameter: decoder.embed_tokens.weight <- decoder.output_projection.weight
2026-02-26 06:48:43 | INFO | fairseq.utils | ***********************CUDA enviroments for all 1 workers***********************
2026-02-26 06:48:43 | INFO | fairseq.utils | rank   0: capabilities =  7.5  ; total memory = 14.563 GB ; name = Tesla T4                                
2026-02-26 06:48:43 | INFO | fairseq.utils | ***********************CUDA enviroments for all 1 workers***********************
2026-02-26 06:48:43 | INFO | fairseq_cli.train | training on 1 devices (GPUs/TPUs)
2026-02-26 06:48:43 | INFO | fairseq_cli.train | max tokens per device = 4000 and max sentences per device = None
2026-02-26 06:48:43 | INFO | fairseq.trainer | Preparing to load checkpoint checkpoints/checkpoint_last.pt
2026-02-26 06:48:43 | INFO | fairseq.trainer | No existing checkpoint found checkpoints/checkpoint_last.pt
2026-02-26 06:48:43 | INFO | fairseq.trainer | loading train data for epoch 1
2026-02-26 06:48:43 | INFO | fairseq.data.data_utils | loaded 8,480 examples from: data-bin/train.np-mgr.np
2026-02-26 06:48:43 | INFO | fairseq.data.data_utils | loaded 8,480 examples from: data-bin/train.np-mgr.mgr
2026-02-26 06:48:43 | INFO | fairseq.tasks.translation | data-bin train np-mgr 8480 examples
2026-02-26 06:48:43 | INFO | fairseq.tasks.fairseq_task | can_reuse_epoch_itr = True
2026-02-26 06:48:43 | INFO | fairseq.tasks.fairseq_task | reuse_dataloader = True
2026-02-26 06:48:43 | INFO | fairseq.tasks.fairseq_task | rebuild_batches = False
2026-02-26 06:48:43 | INFO | fairseq.tasks.fairseq_task | creating new batches for epoch 1
2026-02-26 06:48:44 | INFO | fairseq_cli.train | begin dry-run validation on "valid" subset
2026-02-26 06:48:44 | INFO | fairseq.tasks.fairseq_task | can_reuse_epoch_itr = True
2026-02-26 06:48:44 | INFO | fairseq.tasks.fairseq_task | reuse_dataloader = True
2026-02-26 06:48:44 | INFO | fairseq.tasks.fairseq_task | rebuild_batches = False
2026-02-26 06:48:44 | INFO | fairseq.tasks.fairseq_task | creating new batches for epoch 1
2026-02-26 06:48:44 | INFO | fairseq.data.iterators | grouped total_num_itrs = 50
epoch 001:   0% 0/50 [00:00<?, ?it/s]2026-02-26 06:48:44 | INFO | fairseq.trainer | begin training epoch 1
2026-02-26 06:48:44 | INFO | fairseq_cli.train | Start iterating over samples
/usr/local/lib/python3.12/dist-packages/fairseq/tasks/fairseq_task.py:531: FutureWarning: `torch.cuda.amp.autocast(args...)` is deprecated. Please use `torch.amp.autocast('cuda', args...)` instead.
  with torch.cuda.amp.autocast(enabled=(isinstance(optimizer, AMPOptimizer))):
/usr/local/lib/python3.12/dist-packages/torch/nn/functional.py:5193: UserWarning: Support for mismatched key_padding_mask and attn_mask is deprecated. Use same type for both instead.
  warnings.warn(
epoch 001:   6% 3/50 [00:01<00:13,  3.60it/s]2026-02-26 06:48:45 | INFO | fairseq.trainer | NOTE: gradient overflow detected, ignoring gradient, setting loss scale to: 64.0
epoch 001:  96% 48/50 [00:05<00:00, 11.67it/s]2026-02-26 06:48:49 | INFO | fairseq_cli.train | begin validation on "valid" subset
2026-02-26 06:48:49 | INFO | fairseq.tasks.fairseq_task | can_reuse_epoch_itr = True

epoch 001 | valid on 'valid' subset:   0% 0/4 [00:00<?, ?it/s]
epoch 001 | valid on 'valid' subset:  25% 1/4 [00:00<00:01,  1.81it/s]
epoch 001 | valid on 'valid' subset:  50% 2/4 [00:00<00:00,  2.57it/s]
epoch 001 | valid on 'valid' subset:  75% 3/4 [00:01<00:00,  3.25it/s]
epoch 001 | valid on 'valid' subset: 100% 4/4 [00:01<00:00,  3.97it/s]
                                                                      2026-02-26 06:48:51 | INFO | valid | epoch 001 | valid on 'valid' subset | loss 9.6 | nll_loss 9.436 | ppl 692.43 | bleu 0.05 | wps 10557.5 | wpb 2185.8 | bsz 132 | num_updates 49
2026-02-26 06:48:51 | INFO | fairseq.checkpoint_utils | Preparing to save checkpoint for epoch 1 @ 49 updates
2026-02-26 06:48:51 | INFO | fairseq.trainer | Saving checkpoint to /content/checkpoints/checkpoint1.pt
2026-02-26 06:48:52 | INFO | fairseq.trainer | Finished saving checkpoint to /content/checkpoints/checkpoint1.pt
2026-02-26 06:48:58 | INFO | fairseq.checkpoint_utils | Saved checkpoint checkpoints/checkpoint1.pt (epoch 1 @ 49 updates, score 0.05) (writing took 7.34461700899999 seconds)
2026-02-26 06:48:58 | INFO | fairseq_cli.train | end of epoch 1 (average epoch stats below)
2026-02-26 06:48:58 | INFO | train | epoch 001 | loss 10.267 | nll_loss 10.188 | ppl 1166.48 | wps 10325.6 | ups 3.67 | wpb 2812.4 | bsz 166.9 | num_updates 49 | lr 1.225e-05 | gnorm 4.026 | clip 100 | loss_scale 64 | train_wall 5 | gb_free 13.2 | wall 15
2026-02-26 06:48:58 | INFO | fairseq.tasks.fairseq_task | can_reuse_epoch_itr = True
2026-02-26 06:48:58 | INFO | fairseq.data.iterators | grouped total_num_itrs = 50
epoch 002:   0% 0/50 [00:00<?, ?it/s]2026-02-26 06:48:58 | INFO | fairseq.trainer | begin training epoch 2
2026-02-26 06:48:58 | INFO | fairseq_cli.train | Start iterating over samples
epoch 002:  98% 49/50 [00:04<00:00, 11.47it/s]2026-02-26 06:49:03 | INFO | fairseq_cli.train | begin validation on "valid" subset
2026-02-26 06:49:03 | INFO | fairseq.tasks.fairseq_task | can_reuse_epoch_itr = True

epoch 002 | valid on 'valid' subset:   0% 0/4 [00:00<?, ?it/s]
epoch 002 | valid on 'valid' subset:  25% 1/4 [00:00<00:00,  3.50it/s]
epoch 002 | valid on 'valid' subset:  50% 2/4 [00:00<00:00,  3.73it/s]
epoch 002 | valid on 'valid' subset:  75% 3/4 [00:00<00:00,  4.20it/s]
epoch 002 | valid on 'valid' subset: 100% 4/4 [00:00<00:00,  4.82it/s]
                                                                      2026-02-26 06:49:04 | INFO | valid | epoch 002 | valid on 'valid' subset | loss 9.177 | nll_loss 8.976 | ppl 503.44 | bleu 0.05 | wps 11110.9 | wpb 2185.8 | bsz 132 | num_updates 99 | best_bleu 0.05
2026-02-26 06:49:04 | INFO | fairseq.checkpoint_utils | Preparing to save checkpoint for epoch 2 @ 99 updates
2026-02-26 06:49:04 | INFO | fairseq.trainer | Saving checkpoint to /content/checkpoints/checkpoint2.pt
2026-02-26 06:49:05 | INFO | fairseq.trainer | Finished saving checkpoint to /content/checkpoints/checkpoint2.pt
2026-02-26 06:49:10 | INFO | fairseq.checkpoint_utils | Saved checkpoint checkpoints/checkpoint2.pt (epoch 2 @ 99 updates, score 0.05) (writing took 6.391164393999929 seconds)
2026-02-26 06:49:10 | INFO | fairseq_cli.train | end of epoch 2 (average epoch stats below)
2026-02-26 06:49:10 | INFO | train | epoch 002 | loss 9.471 | nll_loss 9.307 | ppl 633.57 | wps 11740.5 | ups 4.17 | wpb 2816 | bsz 169.6 | num_updates 99 | lr 2.475e-05 | gnorm 1.732 | clip 96 | loss_scale 64 | train_wall 4 | gb_free 13.3 | wall 27
2026-02-26 06:49:10 | INFO | fairseq.tasks.fairseq_task | can_reuse_epoch_itr = True
2026-02-26 06:49:10 | INFO | fairseq.data.iterators | grouped total_num_itrs = 50
epoch 003:   0% 0/50 [00:00<?, ?it/s]2026-02-26 06:49:10 | INFO | fairseq.trainer | begin training epoch 3
2026-02-26 06:49:10 | INFO | fairseq_cli.train | Start iterating over samples
epoch 003:  98% 49/50 [00:04<00:00, 11.36it/s, loss=9.856, nll_loss=9.733, ppl=850.84, wps=11003.4, ups=3.92, wpb=2810.6, bsz=169.2, num_updates=100, lr=2.5e-05, gnorm=2.851, clip=98, loss_scale=64, train_wall=10, gb_free=13.3, wall=27]2026-02-26 06:49:15 | INFO | fairseq_cli.train | begin validation on "valid" subset
2026-02-26 06:49:15 | INFO | fairseq.tasks.fairseq_task | can_reuse_epoch_itr = True

epoch 003 | valid on 'valid' subset:   0% 0/4 [00:00<?, ?it/s]
epoch 003 | valid on 'valid' subset:  25% 1/4 [00:00<00:00,  3.81it/s]
epoch 003 | valid on 'valid' subset:  50% 2/4 [00:00<00:00,  3.05it/s]
epoch 003 | valid on 'valid' subset:  75% 3/4 [00:01<00:00,  1.91it/s]
epoch 003 | valid on 'valid' subset: 100% 4/4 [00:02<00:00,  1.19it/s]
                                                                      2026-02-26 06:49:17 | INFO | valid | epoch 003 | valid on 'valid' subset | loss 8.981 | nll_loss 8.686 | ppl 411.79 | bleu 0.33 | wps 2814.3 | wpb 2185.8 | bsz 132 | num_updates 149 | best_bleu 0.33
2026-02-26 06:49:17 | INFO | fairseq.checkpoint_utils | Preparing to save checkpoint for epoch 3 @ 149 updates
2026-02-26 06:49:17 | INFO | fairseq.trainer | Saving checkpoint to /content/checkpoints/checkpoint3.pt
2026-02-26 06:49:19 | INFO | fairseq.trainer | Finished saving checkpoint to /content/checkpoints/checkpoint3.pt
2026-02-26 06:49:26 | INFO | fairseq.checkpoint_utils | Saved checkpoint checkpoints/checkpoint3.pt (epoch 3 @ 149 updates, score 0.33) (writing took 8.844119772999989 seconds)
2026-02-26 06:49:26 | INFO | fairseq_cli.train | end of epoch 3 (average epoch stats below)
2026-02-26 06:49:26 | INFO | train | epoch 003 | loss 9.092 | nll_loss 8.879 | ppl 470.83 | wps 8625.8 | ups 3.06 | wpb 2816 | bsz 169.6 | num_updates 149 | lr 3.725e-05 | gnorm 2.111 | clip 100 | loss_scale 64 | train_wall 5 | gb_free 13.2 | wall 43
2026-02-26 06:49:26 | INFO | fairseq.tasks.fairseq_task | can_reuse_epoch_itr = True
2026-02-26 06:49:26 | INFO | fairseq.data.iterators | grouped total_num_itrs = 50
epoch 004:   0% 0/50 [00:00<?, ?it/s]2026-02-26 06:49:26 | INFO | fairseq.trainer | begin training epoch 4
2026-02-26 06:49:26 | INFO | fairseq_cli.train | Start iterating over samples
epoch 004:  16% 8/50 [00:00<00:04,  9.86it/s]2026-02-26 06:49:27 | INFO | fairseq.trainer | NOTE: gradient overflow detected, ignoring gradient, setting loss scale to: 32.0
epoch 004:  96% 48/50 [00:04<00:00, 10.87it/s]2026-02-26 06:49:31 | INFO | fairseq_cli.train | begin validation on "valid" subset
2026-02-26 06:49:31 | INFO | fairseq.tasks.fairseq_task | can_reuse_epoch_itr = True

epoch 004 | valid on 'valid' subset:   0% 0/4 [00:00<?, ?it/s]
epoch 004 | valid on 'valid' subset:  25% 1/4 [00:00<00:01,  1.99it/s]
epoch 004 | valid on 'valid' subset:  50% 2/4 [00:01<00:01,  1.48it/s]
epoch 004 | valid on 'valid' subset:  75% 3/4 [00:02<00:00,  1.36it/s]
epoch 004 | valid on 'valid' subset: 100% 4/4 [00:03<00:00,  1.05it/s]
                                                                      2026-02-26 06:49:34 | INFO | valid | epoch 004 | valid on 'valid' subset | loss 8.65 | nll_loss 8.361 | ppl 328.76 | bleu 0.59 | wps 2389.1 | wpb 2185.8 | bsz 132 | num_updates 198 | best_bleu 0.59
2026-02-26 06:49:34 | INFO | fairseq.checkpoint_utils | Preparing to save checkpoint for epoch 4 @ 198 updates
2026-02-26 06:49:34 | INFO | fairseq.trainer | Saving checkpoint to /content/checkpoints/checkpoint4.pt
2026-02-26 06:49:36 | INFO | fairseq.trainer | Finished saving checkpoint to /content/checkpoints/checkpoint4.pt
2026-02-26 06:49:39 | INFO | fairseq.checkpoint_utils | Saved checkpoint checkpoints/checkpoint4.pt (epoch 4 @ 198 updates, score 0.59) (writing took 4.577062124000008 seconds)
2026-02-26 06:49:39 | INFO | fairseq_cli.train | end of epoch 4 (average epoch stats below)
2026-02-26 06:49:39 | INFO | train | epoch 004 | loss 8.885 | nll_loss 8.628 | ppl 395.74 | wps 10795.6 | ups 3.85 | wpb 2806 | bsz 168.8 | num_updates 198 | lr 4.95e-05 | gnorm 3.193 | clip 100 | loss_scale 32 | train_wall 5 | gb_free 13.2 | wall 56
2026-02-26 06:49:39 | INFO | fairseq.tasks.fairseq_task | can_reuse_epoch_itr = True
2026-02-26 06:49:39 | INFO | fairseq.data.iterators | grouped total_num_itrs = 50
epoch 005:   0% 0/50 [00:00<?, ?it/s]2026-02-26 06:49:39 | INFO | fairseq.trainer | begin training epoch 5
2026-02-26 06:49:39 | INFO | fairseq_cli.train | Start iterating over samples
epoch 005:  96% 48/50 [00:04<00:00, 10.47it/s, loss=8.994, nll_loss=8.759, ppl=433.36, wps=9617.9, ups=3.43, wpb=2800.5, bsz=165.9, num_updates=200, lr=5e-05, gnorm=2.642, clip=100, loss_scale=32, train_wall=9, gb_free=13.2, wall=56]2026-02-26 06:49:44 | INFO | fairseq_cli.train | begin validation on "valid" subset
2026-02-26 06:49:44 | INFO | fairseq.tasks.fairseq_task | can_reuse_epoch_itr = True

epoch 005 | valid on 'valid' subset:   0% 0/4 [00:00<?, ?it/s]
epoch 005 | valid on 'valid' subset:  25% 1/4 [00:00<00:01,  2.02it/s]
epoch 005 | valid on 'valid' subset:  50% 2/4 [00:01<00:01,  1.92it/s]
epoch 005 | valid on 'valid' subset:  75% 3/4 [00:01<00:00,  2.00it/s]
epoch 005 | valid on 'valid' subset: 100% 4/4 [00:01<00:00,  2.17it/s]
                                                                      2026-02-26 06:49:46 | INFO | valid | epoch 005 | valid on 'valid' subset | loss 8.616 | nll_loss 8.286 | ppl 312.22 | bleu 0.68 | wps 4862.9 | wpb 2185.8 | bsz 132 | num_updates 248 | best_bleu 0.68
2026-02-26 06:49:46 | INFO | fairseq.checkpoint_utils | Preparing to save checkpoint for epoch 5 @ 248 updates
2026-02-26 06:49:46 | INFO | fairseq.trainer | Saving checkpoint to /content/checkpoints/checkpoint5.pt
2026-02-26 06:49:47 | INFO | fairseq.trainer | Finished saving checkpoint to /content/checkpoints/checkpoint5.pt
2026-02-26 06:49:51 | INFO | fairseq.checkpoint_utils | Saved checkpoint checkpoints/checkpoint5.pt (epoch 5 @ 248 updates, score 0.68) (writing took 5.08641692499998 seconds)
2026-02-26 06:49:51 | INFO | fairseq_cli.train | end of epoch 5 (average epoch stats below)
2026-02-26 06:49:51 | INFO | train | epoch 005 | loss 8.678 | nll_loss 8.39 | ppl 335.46 | wps 11848.9 | ups 4.21 | wpb 2816 | bsz 169.6 | num_updates 248 | lr 6.2e-05 | gnorm 2.163 | clip 98 | loss_scale 32 | train_wall 5 | gb_free 13.2 | wall 68
2026-02-26 06:49:51 | INFO | fairseq.tasks.fairseq_task | can_reuse_epoch_itr = True
2026-02-26 06:49:51 | INFO | fairseq.data.iterators | grouped total_num_itrs = 50
epoch 006:   0% 0/50 [00:00<?, ?it/s]2026-02-26 06:49:51 | INFO | fairseq.trainer | begin training epoch 6
2026-02-26 06:49:51 | INFO | fairseq_cli.train | Start iterating over samples
epoch 006:  96% 48/50 [00:04<00:00, 10.46it/s]2026-02-26 06:49:56 | INFO | fairseq_cli.train | begin validation on "valid" subset
2026-02-26 06:49:56 | INFO | fairseq.tasks.fairseq_task | can_reuse_epoch_itr = True

epoch 006 | valid on 'valid' subset:   0% 0/4 [00:00<?, ?it/s]
epoch 006 | valid on 'valid' subset:  25% 1/4 [00:00<00:01,  1.86it/s]
epoch 006 | valid on 'valid' subset:  50% 2/4 [00:01<00:01,  1.76it/s]
epoch 006 | valid on 'valid' subset:  75% 3/4 [00:02<00:00,  1.33it/s]
epoch 006 | valid on 'valid' subset: 100% 4/4 [00:03<00:00,  1.02it/s]
                                                                      2026-02-26 06:49:59 | INFO | valid | epoch 006 | valid on 'valid' subset | loss 8.402 | nll_loss 8.059 | ppl 266.7 | bleu 0.98 | wps 2383.1 | wpb 2185.8 | bsz 132 | num_updates 298 | best_bleu 0.98
2026-02-26 06:49:59 | INFO | fairseq.checkpoint_utils | Preparing to save checkpoint for epoch 6 @ 298 updates
2026-02-26 06:49:59 | INFO | fairseq.trainer | Saving checkpoint to /content/checkpoints/checkpoint6.pt
2026-02-26 06:50:01 | INFO | fairseq.trainer | Finished saving checkpoint to /content/checkpoints/checkpoint6.pt
2026-02-26 06:50:05 | INFO | fairseq.checkpoint_utils | Saved checkpoint checkpoints/checkpoint6.pt (epoch 6 @ 298 updates, score 0.98) (writing took 5.4802040069999975 seconds)
2026-02-26 06:50:05 | INFO | fairseq_cli.train | end of epoch 6 (average epoch stats below)
2026-02-26 06:50:05 | INFO | train | epoch 006 | loss 8.579 | nll_loss 8.268 | ppl 308.18 | wps 10228.6 | ups 3.63 | wpb 2816 | bsz 169.6 | num_updates 298 | lr 7.45e-05 | gnorm 2.342 | clip 100 | loss_scale 32 | train_wall 5 | gb_free 13.3 | wall 82
2026-02-26 06:50:05 | INFO | fairseq.tasks.fairseq_task | can_reuse_epoch_itr = True
2026-02-26 06:50:05 | INFO | fairseq.data.iterators | grouped total_num_itrs = 50
epoch 007:   0% 0/50 [00:00<?, ?it/s]2026-02-26 06:50:05 | INFO | fairseq.trainer | begin training epoch 7
2026-02-26 06:50:05 | INFO | fairseq_cli.train | Start iterating over samples
epoch 007:  98% 49/50 [00:04<00:00, 10.21it/s, loss=8.627, nll_loss=8.326, ppl=320.91, wps=10963.1, ups=3.89, wpb=2815.9, bsz=169.4, num_updates=300, lr=7.5e-05, gnorm=2.255, clip=99, loss_scale=32, train_wall=9, gb_free=13.6, wall=82]2026-02-26 06:50:10 | INFO | fairseq_cli.train | begin validation on "valid" subset
2026-02-26 06:50:10 | INFO | fairseq.tasks.fairseq_task | can_reuse_epoch_itr = True

epoch 007 | valid on 'valid' subset:   0% 0/4 [00:00<?, ?it/s]
epoch 007 | valid on 'valid' subset:  25% 1/4 [00:00<00:01,  2.05it/s]
epoch 007 | valid on 'valid' subset:  50% 2/4 [00:00<00:00,  2.11it/s]
epoch 007 | valid on 'valid' subset:  75% 3/4 [00:01<00:00,  1.71it/s]
epoch 007 | valid on 'valid' subset: 100% 4/4 [00:02<00:00,  1.15it/s]
                                                                      2026-02-26 06:50:13 | INFO | valid | epoch 007 | valid on 'valid' subset | loss 8.329 | nll_loss 7.948 | ppl 246.86 | bleu 0.94 | wps 2775.9 | wpb 2185.8 | bsz 132 | num_updates 348 | best_bleu 0.98
2026-02-26 06:50:13 | INFO | fairseq.checkpoint_utils | Preparing to save checkpoint for epoch 7 @ 348 updates
2026-02-26 06:50:13 | INFO | fairseq.trainer | Saving checkpoint to /content/checkpoints/checkpoint7.pt
2026-02-26 06:50:16 | INFO | fairseq.trainer | Finished saving checkpoint to /content/checkpoints/checkpoint7.pt
epoch 007:  98% 49/50 [00:19<00:00, 10.21it/s, loss=8.627, nll_loss=8.326, ppl=320.91, wps=10963.1, ups=3.89, wpb=2815.9, bsz=169.4, num_updates=300, lr=7.5e-05, gnorm=2.255, clip=99, loss_scale=32, train_wall=9, gb_free=13.6, wall=82]2026-02-26 06:50:26 | INFO | fairseq.checkpoint_utils | Saved checkpoint checkpoints/checkpoint7.pt (epoch 7 @ 348 updates, score 0.94) (writing took 13.340614035000044 seconds)
2026-02-26 06:50:26 | INFO | fairseq_cli.train | end of epoch 7 (average epoch stats below)
2026-02-26 06:50:26 | INFO | train | epoch 007 | loss 8.446 | nll_loss 8.11 | ppl 276.2 | wps 6584.7 | ups 2.34 | wpb 2816 | bsz 169.6 | num_updates 348 | lr 8.7e-05 | gnorm 2.324 | clip 100 | loss_scale 32 | train_wall 5 | gb_free 13.2 | wall 103
2026-02-26 06:50:26 | INFO | fairseq.tasks.fairseq_task | can_reuse_epoch_itr = True
2026-02-26 06:50:26 | INFO | fairseq.data.iterators | grouped total_num_itrs = 50
epoch 008:   0% 0/50 [00:00<?, ?it/s]2026-02-26 06:50:26 | INFO | fairseq.trainer | begin training epoch 8
2026-02-26 06:50:26 | INFO | fairseq_cli.train | Start iterating over samples
epoch 008:  98% 49/50 [00:04<00:00, 12.11it/s]2026-02-26 06:50:31 | INFO | fairseq_cli.train | begin validation on "valid" subset
2026-02-26 06:50:31 | INFO | fairseq.tasks.fairseq_task | can_reuse_epoch_itr = True

epoch 008 | valid on 'valid' subset:   0% 0/4 [00:00<?, ?it/s]
epoch 008 | valid on 'valid' subset:  25% 1/4 [00:00<00:00,  3.20it/s]
epoch 008 | valid on 'valid' subset:  50% 2/4 [00:00<00:00,  2.67it/s]
epoch 008 | valid on 'valid' subset:  75% 3/4 [00:01<00:00,  1.96it/s]
epoch 008 | valid on 'valid' subset: 100% 4/4 [00:02<00:00,  1.69it/s]
                                                                      2026-02-26 06:50:33 | INFO | valid | epoch 008 | valid on 'valid' subset | loss 8.359 | nll_loss 7.974 | ppl 251.51 | bleu 0.65 | wps 3818.5 | wpb 2185.8 | bsz 132 | num_updates 398 | best_bleu 0.98
2026-02-26 06:50:33 | INFO | fairseq.checkpoint_utils | Preparing to save checkpoint for epoch 8 @ 398 updates
2026-02-26 06:50:33 | INFO | fairseq.trainer | Saving checkpoint to /content/checkpoints/checkpoint8.pt
2026-02-26 06:50:35 | INFO | fairseq.trainer | Finished saving checkpoint to /content/checkpoints/checkpoint8.pt
2026-02-26 06:50:36 | INFO | fairseq.checkpoint_utils | Saved checkpoint checkpoints/checkpoint8.pt (epoch 8 @ 398 updates, score 0.65) (writing took 3.1776806819999592 seconds)
2026-02-26 06:50:36 | INFO | fairseq_cli.train | end of epoch 8 (average epoch stats below)
2026-02-26 06:50:36 | INFO | train | epoch 008 | loss 8.318 | nll_loss 7.956 | ppl 248.33 | wps 13976 | ups 4.96 | wpb 2816 | bsz 169.6 | num_updates 398 | lr 9.95e-05 | gnorm 2.296 | clip 100 | loss_scale 32 | train_wall 5 | gb_free 13.2 | wall 113
2026-02-26 06:50:36 | INFO | fairseq.tasks.fairseq_task | can_reuse_epoch_itr = True
2026-02-26 06:50:36 | INFO | fairseq.data.iterators | grouped total_num_itrs = 50
epoch 009:   0% 0/50 [00:00<?, ?it/s]2026-02-26 06:50:36 | INFO | fairseq.trainer | begin training epoch 9
2026-02-26 06:50:36 | INFO | fairseq_cli.train | Start iterating over samples
epoch 009:  98% 49/50 [00:04<00:00, 11.97it/s, loss=8.375, nll_loss=8.024, ppl=260.23, wps=9006.8, ups=3.18, wpb=2833.5, bsz=171.4, num_updates=400, lr=0.0001, gnorm=2.317, clip=100, loss_scale=32, train_wall=9, gb_free=13.3, wall=113]2026-02-26 06:50:41 | INFO | fairseq_cli.train | begin validation on "valid" subset
2026-02-26 06:50:41 | INFO | fairseq.tasks.fairseq_task | can_reuse_epoch_itr = True

epoch 009 | valid on 'valid' subset:   0% 0/4 [00:00<?, ?it/s]
epoch 009 | valid on 'valid' subset:  25% 1/4 [00:00<00:01,  2.04it/s]
epoch 009 | valid on 'valid' subset:  50% 2/4 [00:01<00:01,  1.73it/s]
epoch 009 | valid on 'valid' subset:  75% 3/4 [00:01<00:00,  1.80it/s]
epoch 009 | valid on 'valid' subset: 100% 4/4 [00:02<00:00,  1.71it/s]
                                                                      2026-02-26 06:50:43 | INFO | valid | epoch 009 | valid on 'valid' subset | loss 8.211 | nll_loss 7.784 | ppl 220.35 | bleu 0.94 | wps 3828.6 | wpb 2185.8 | bsz 132 | num_updates 448 | best_bleu 0.98
2026-02-26 06:50:43 | INFO | fairseq.checkpoint_utils | Preparing to save checkpoint for epoch 9 @ 448 updates
2026-02-26 06:50:43 | INFO | fairseq.trainer | Saving checkpoint to /content/checkpoints/checkpoint9.pt
2026-02-26 06:50:45 | INFO | fairseq.trainer | Finished saving checkpoint to /content/checkpoints/checkpoint9.pt
2026-02-26 06:50:46 | INFO | fairseq.checkpoint_utils | Saved checkpoint checkpoints/checkpoint9.pt (epoch 9 @ 448 updates, score 0.94) (writing took 3.1616728490000696 seconds)
2026-02-26 06:50:46 | INFO | fairseq_cli.train | end of epoch 9 (average epoch stats below)
2026-02-26 06:50:46 | INFO | train | epoch 009 | loss 8.258 | nll_loss 7.881 | ppl 235.71 | wps 13755.5 | ups 4.88 | wpb 2816 | bsz 169.6 | num_updates 448 | lr 0.000112 | gnorm 2.383 | clip 100 | loss_scale 32 | train_wall 5 | gb_free 13.3 | wall 123
2026-02-26 06:50:46 | INFO | fairseq.tasks.fairseq_task | can_reuse_epoch_itr = True
2026-02-26 06:50:46 | INFO | fairseq.data.iterators | grouped total_num_itrs = 50
epoch 010:   0% 0/50 [00:00<?, ?it/s]2026-02-26 06:50:46 | INFO | fairseq.trainer | begin training epoch 10
2026-02-26 06:50:46 | INFO | fairseq_cli.train | Start iterating over samples
epoch 010:  98% 49/50 [00:04<00:00, 11.05it/s]2026-02-26 06:50:51 | INFO | fairseq_cli.train | begin validation on "valid" subset
2026-02-26 06:50:51 | INFO | fairseq.tasks.fairseq_task | can_reuse_epoch_itr = True

epoch 010 | valid on 'valid' subset:   0% 0/4 [00:00<?, ?it/s]
epoch 010 | valid on 'valid' subset:  25% 1/4 [00:00<00:01,  1.67it/s]
epoch 010 | valid on 'valid' subset:  50% 2/4 [00:01<00:01,  1.53it/s]
epoch 010 | valid on 'valid' subset:  75% 3/4 [00:02<00:00,  1.32it/s]
epoch 010 | valid on 'valid' subset: 100% 4/4 [00:03<00:00,  1.01s/it]
                                                                      2026-02-26 06:50:55 | INFO | valid | epoch 010 | valid on 'valid' subset | loss 8.032 | nll_loss 7.599 | ppl 193.9 | bleu 0.9 | wps 2315.8 | wpb 2185.8 | bsz 132 | num_updates 498 | best_bleu 0.98
2026-02-26 06:50:55 | INFO | fairseq.checkpoint_utils | Preparing to save checkpoint for epoch 10 @ 498 updates
2026-02-26 06:50:55 | INFO | fairseq.trainer | Saving checkpoint to /content/checkpoints/checkpoint10.pt
2026-02-26 06:50:56 | INFO | fairseq.trainer | Finished saving checkpoint to /content/checkpoints/checkpoint10.pt
2026-02-26 06:50:58 | INFO | fairseq.checkpoint_utils | Saved checkpoint checkpoints/checkpoint10.pt (epoch 10 @ 498 updates, score 0.9) (writing took 3.418253386999936 seconds)
2026-02-26 06:50:58 | INFO | fairseq_cli.train | end of epoch 10 (average epoch stats below)
2026-02-26 06:50:58 | INFO | train | epoch 010 | loss 8.129 | nll_loss 7.731 | ppl 212.5 | wps 11913.4 | ups 4.23 | wpb 2816 | bsz 169.6 | num_updates 498 | lr 0.0001245 | gnorm 2.091 | clip 100 | loss_scale 32 | train_wall 5 | gb_free 13.2 | wall 135
2026-02-26 06:50:58 | INFO | fairseq.tasks.fairseq_task | can_reuse_epoch_itr = True
2026-02-26 06:50:58 | INFO | fairseq.data.iterators | grouped total_num_itrs = 50
epoch 011:   0% 0/50 [00:00<?, ?it/s]2026-02-26 06:50:58 | INFO | fairseq.trainer | begin training epoch 11
2026-02-26 06:50:58 | INFO | fairseq_cli.train | Start iterating over samples
epoch 011:  96% 48/50 [00:04<00:00, 11.16it/s, loss=8.192, nll_loss=7.804, ppl=223.52, wps=12757.9, ups=4.52, wpb=2821.2, bsz=169.1, num_updates=500, lr=0.000125, gnorm=2.224, clip=100, loss_scale=32, train_wall=9, gb_free=13.2, wall=136]2026-02-26 06:51:03 | INFO | fairseq_cli.train | begin validation on "valid" subset
2026-02-26 06:51:03 | INFO | fairseq.tasks.fairseq_task | can_reuse_epoch_itr = True

epoch 011 | valid on 'valid' subset:   0% 0/4 [00:00<?, ?it/s]
epoch 011 | valid on 'valid' subset:  25% 1/4 [00:00<00:01,  2.08it/s]
epoch 011 | valid on 'valid' subset:  50% 2/4 [00:01<00:01,  1.76it/s]
epoch 011 | valid on 'valid' subset:  75% 3/4 [00:01<00:00,  1.46it/s]
epoch 011 | valid on 'valid' subset: 100% 4/4 [00:03<00:00,  1.08it/s]
                                                                      2026-02-26 06:51:06 | INFO | valid | epoch 011 | valid on 'valid' subset | loss 7.97 | nll_loss 7.506 | ppl 181.81 | bleu 1.15 | wps 2513 | wpb 2185.8 | bsz 132 | num_updates 548 | best_bleu 1.15
2026-02-26 06:51:06 | INFO | fairseq.checkpoint_utils | Preparing to save checkpoint for epoch 11 @ 548 updates
2026-02-26 06:51:06 | INFO | fairseq.trainer | Saving checkpoint to /content/checkpoints/checkpoint11.pt
2026-02-26 06:51:08 | INFO | fairseq.trainer | Finished saving checkpoint to /content/checkpoints/checkpoint11.pt
2026-02-26 06:51:13 | INFO | fairseq.checkpoint_utils | Saved checkpoint checkpoints/checkpoint11.pt (epoch 11 @ 548 updates, score 1.15) (writing took 6.395718871999975 seconds)
2026-02-26 06:51:13 | INFO | fairseq_cli.train | end of epoch 11 (average epoch stats below)
2026-02-26 06:51:13 | INFO | train | epoch 011 | loss 7.965 | nll_loss 7.541 | ppl 186.3 | wps 9681.7 | ups 3.44 | wpb 2816 | bsz 169.6 | num_updates 548 | lr 0.000137 | gnorm 2.122 | clip 100 | loss_scale 32 | train_wall 5 | gb_free 13.3 | wall 150
2026-02-26 06:51:13 | INFO | fairseq.tasks.fairseq_task | can_reuse_epoch_itr = True
2026-02-26 06:51:13 | INFO | fairseq.data.iterators | grouped total_num_itrs = 50
epoch 012:   0% 0/50 [00:00<?, ?it/s]2026-02-26 06:51:13 | INFO | fairseq.trainer | begin training epoch 12
2026-02-26 06:51:13 | INFO | fairseq_cli.train | Start iterating over samples
epoch 012:  98% 49/50 [00:04<00:00, 11.13it/s]2026-02-26 06:51:18 | INFO | fairseq_cli.train | begin validation on "valid" subset
2026-02-26 06:51:18 | INFO | fairseq.tasks.fairseq_task | can_reuse_epoch_itr = True

epoch 012 | valid on 'valid' subset:   0% 0/4 [00:00<?, ?it/s]
epoch 012 | valid on 'valid' subset:  25% 1/4 [00:00<00:01,  1.66it/s]
epoch 012 | valid on 'valid' subset:  50% 2/4 [00:01<00:01,  1.46it/s]
epoch 012 | valid on 'valid' subset:  75% 3/4 [00:02<00:00,  1.23it/s]
epoch 012 | valid on 'valid' subset: 100% 4/4 [00:04<00:00,  1.25s/it]
                                                                      2026-02-26 06:51:22 | INFO | valid | epoch 012 | valid on 'valid' subset | loss 7.891 | nll_loss 7.432 | ppl 172.68 | bleu 0.56 | wps 1907 | wpb 2185.8 | bsz 132 | num_updates 598 | best_bleu 1.15
2026-02-26 06:51:22 | INFO | fairseq.checkpoint_utils | Preparing to save checkpoint for epoch 12 @ 598 updates
2026-02-26 06:51:22 | INFO | fairseq.trainer | Saving checkpoint to /content/checkpoints/checkpoint12.pt
2026-02-26 06:51:23 | INFO | fairseq.trainer | Finished saving checkpoint to /content/checkpoints/checkpoint12.pt
2026-02-26 06:51:30 | INFO | fairseq.checkpoint_utils | Saved checkpoint checkpoints/checkpoint12.pt (epoch 12 @ 598 updates, score 0.56) (writing took 7.818466967000063 seconds)
2026-02-26 06:51:30 | INFO | fairseq_cli.train | end of epoch 12 (average epoch stats below)
2026-02-26 06:51:30 | INFO | train | epoch 012 | loss 7.85 | nll_loss 7.405 | ppl 169.47 | wps 8308.8 | ups 2.95 | wpb 2816 | bsz 169.6 | num_updates 598 | lr 0.0001495 | gnorm 2.085 | clip 100 | loss_scale 32 | train_wall 5 | gb_free 13.3 | wall 167
2026-02-26 06:51:30 | INFO | fairseq.tasks.fairseq_task | can_reuse_epoch_itr = True
2026-02-26 06:51:30 | INFO | fairseq.data.iterators | grouped total_num_itrs = 50
epoch 013:   0% 0/50 [00:00<?, ?it/s]2026-02-26 06:51:30 | INFO | fairseq.trainer | begin training epoch 13
2026-02-26 06:51:30 | INFO | fairseq_cli.train | Start iterating over samples
epoch 013:  98% 49/50 [00:04<00:00, 10.35it/s, loss=7.899, nll_loss=7.464, ppl=176.55, wps=8926.3, ups=3.18, wpb=2809.4, bsz=169.9, num_updates=600, lr=0.00015, gnorm=2.11, clip=100, loss_scale=32, train_wall=9, gb_free=13.2, wall=167]2026-02-26 06:51:35 | INFO | fairseq_cli.train | begin validation on "valid" subset
2026-02-26 06:51:35 | INFO | fairseq.tasks.fairseq_task | can_reuse_epoch_itr = True

epoch 013 | valid on 'valid' subset:   0% 0/4 [00:00<?, ?it/s]
epoch 013 | valid on 'valid' subset:  25% 1/4 [00:00<00:02,  1.06it/s]
epoch 013 | valid on 'valid' subset:  50% 2/4 [00:01<00:01,  1.24it/s]
epoch 013 | valid on 'valid' subset:  75% 3/4 [00:02<00:00,  1.17it/s]
epoch 013 | valid on 'valid' subset: 100% 4/4 [00:04<00:00,  1.10s/it]
                                                                      2026-02-26 06:51:39 | INFO | valid | epoch 013 | valid on 'valid' subset | loss 7.722 | nll_loss 7.221 | ppl 149.23 | bleu 0.55 | wps 2223.5 | wpb 2185.8 | bsz 132 | num_updates 648 | best_bleu 1.15
2026-02-26 06:51:39 | INFO | fairseq.checkpoint_utils | Preparing to save checkpoint for epoch 13 @ 648 updates
2026-02-26 06:51:39 | INFO | fairseq.trainer | Saving checkpoint to /content/checkpoints/checkpoint13.pt
2026-02-26 06:51:42 | INFO | fairseq.trainer | Finished saving checkpoint to /content/checkpoints/checkpoint13.pt
2026-02-26 06:51:47 | INFO | fairseq.checkpoint_utils | Saved checkpoint checkpoints/checkpoint13.pt (epoch 13 @ 648 updates, score 0.55) (writing took 7.939044630000012 seconds)
2026-02-26 06:51:47 | INFO | fairseq_cli.train | end of epoch 13 (average epoch stats below)
2026-02-26 06:51:47 | INFO | train | epoch 013 | loss 7.735 | nll_loss 7.268 | ppl 154.17 | wps 8248.1 | ups 2.93 | wpb 2816 | bsz 169.6 | num_updates 648 | lr 0.000162 | gnorm 2.18 | clip 100 | loss_scale 32 | train_wall 5 | gb_free 13.2 | wall 184
2026-02-26 06:51:47 | INFO | fairseq.tasks.fairseq_task | can_reuse_epoch_itr = True
2026-02-26 06:51:47 | INFO | fairseq.data.iterators | grouped total_num_itrs = 50
epoch 014:   0% 0/50 [00:00<?, ?it/s]2026-02-26 06:51:47 | INFO | fairseq.trainer | begin training epoch 14
2026-02-26 06:51:47 | INFO | fairseq_cli.train | Start iterating over samples
epoch 014:  96% 48/50 [00:04<00:00, 11.14it/s]2026-02-26 06:51:52 | INFO | fairseq_cli.train | begin validation on "valid" subset
2026-02-26 06:51:52 | INFO | fairseq.tasks.fairseq_task | can_reuse_epoch_itr = True

epoch 014 | valid on 'valid' subset:   0% 0/4 [00:00<?, ?it/s]
epoch 014 | valid on 'valid' subset:  25% 1/4 [00:00<00:01,  1.65it/s]
epoch 014 | valid on 'valid' subset:  50% 2/4 [00:01<00:01,  1.45it/s]
epoch 014 | valid on 'valid' subset:  75% 3/4 [00:02<00:00,  1.21it/s]
epoch 014 | valid on 'valid' subset: 100% 4/4 [00:03<00:00,  1.13s/it]
                                                                      2026-02-26 06:51:56 | INFO | valid | epoch 014 | valid on 'valid' subset | loss 7.644 | nll_loss 7.128 | ppl 139.84 | bleu 0.48 | wps 2075.3 | wpb 2185.8 | bsz 132 | num_updates 698 | best_bleu 1.15
2026-02-26 06:51:56 | INFO | fairseq.checkpoint_utils | Preparing to save checkpoint for epoch 14 @ 698 updates
2026-02-26 06:51:56 | INFO | fairseq.trainer | Saving checkpoint to /content/checkpoints/checkpoint14.pt
2026-02-26 06:51:57 | INFO | fairseq.trainer | Finished saving checkpoint to /content/checkpoints/checkpoint14.pt
2026-02-26 06:52:02 | INFO | fairseq.checkpoint_utils | Saved checkpoint checkpoints/checkpoint14.pt (epoch 14 @ 698 updates, score 0.48) (writing took 6.546226125999965 seconds)
2026-02-26 06:52:02 | INFO | fairseq_cli.train | end of epoch 14 (average epoch stats below)
2026-02-26 06:52:02 | INFO | train | epoch 014 | loss 7.536 | nll_loss 7.04 | ppl 131.58 | wps 8974.2 | ups 3.19 | wpb 2816 | bsz 169.6 | num_updates 698 | lr 0.0001745 | gnorm 1.989 | clip 100 | loss_scale 32 | train_wall 5 | gb_free 13.2 | wall 199
2026-02-26 06:52:02 | INFO | fairseq.tasks.fairseq_task | can_reuse_epoch_itr = True
2026-02-26 06:52:02 | INFO | fairseq.data.iterators | grouped total_num_itrs = 50
epoch 015:   0% 0/50 [00:00<?, ?it/s]2026-02-26 06:52:02 | INFO | fairseq.trainer | begin training epoch 15
2026-02-26 06:52:02 | INFO | fairseq_cli.train | Start iterating over samples
epoch 015:  96% 48/50 [00:04<00:00, 11.01it/s, loss=7.619, nll_loss=7.136, ppl=140.61, wps=8595.4, ups=3.06, wpb=2812.3, bsz=171.6, num_updates=700, lr=0.000175, gnorm=2.097, clip=100, loss_scale=32, train_wall=10, gb_free=13.2, wall=200]2026-02-26 06:52:07 | INFO | fairseq_cli.train | begin validation on "valid" subset
2026-02-26 06:52:07 | INFO | fairseq.tasks.fairseq_task | can_reuse_epoch_itr = True

epoch 015 | valid on 'valid' subset:   0% 0/4 [00:00<?, ?it/s]
epoch 015 | valid on 'valid' subset:  25% 1/4 [00:00<00:01,  2.09it/s]
epoch 015 | valid on 'valid' subset:  50% 2/4 [00:01<00:01,  1.77it/s]
epoch 015 | valid on 'valid' subset:  75% 3/4 [00:01<00:00,  1.42it/s]
epoch 015 | valid on 'valid' subset: 100% 4/4 [00:03<00:00,  1.12s/it]
                                                                      2026-02-26 06:52:11 | INFO | valid | epoch 015 | valid on 'valid' subset | loss 7.489 | nll_loss 6.92 | ppl 121.09 | bleu 0.71 | wps 2124.8 | wpb 2185.8 | bsz 132 | num_updates 748 | best_bleu 1.15
2026-02-26 06:52:11 | INFO | fairseq.checkpoint_utils | Preparing to save checkpoint for epoch 15 @ 748 updates
2026-02-26 06:52:11 | INFO | fairseq.trainer | Saving checkpoint to /content/checkpoints/checkpoint15.pt
2026-02-26 06:52:13 | INFO | fairseq.trainer | Finished saving checkpoint to /content/checkpoints/checkpoint15.pt
2026-02-26 06:52:14 | INFO | fairseq.checkpoint_utils | Saved checkpoint checkpoints/checkpoint15.pt (epoch 15 @ 748 updates, score 0.71) (writing took 3.2984845260000384 seconds)
2026-02-26 06:52:14 | INFO | fairseq_cli.train | end of epoch 15 (average epoch stats below)
2026-02-26 06:52:14 | INFO | train | epoch 015 | loss 7.431 | nll_loss 6.912 | ppl 120.45 | wps 11786.6 | ups 4.19 | wpb 2816 | bsz 169.6 | num_updates 748 | lr 0.000187 | gnorm 2.165 | clip 100 | loss_scale 32 | train_wall 5 | gb_free 13.2 | wall 211
2026-02-26 06:52:14 | INFO | fairseq.tasks.fairseq_task | can_reuse_epoch_itr = True
2026-02-26 06:52:14 | INFO | fairseq.data.iterators | grouped total_num_itrs = 50
epoch 016:   0% 0/50 [00:00<?, ?it/s]2026-02-26 06:52:14 | INFO | fairseq.trainer | begin training epoch 16
2026-02-26 06:52:14 | INFO | fairseq_cli.train | Start iterating over samples
epoch 016:  96% 48/50 [00:04<00:00, 10.67it/s]2026-02-26 06:52:19 | INFO | fairseq_cli.train | begin validation on "valid" subset
2026-02-26 06:52:19 | INFO | fairseq.tasks.fairseq_task | can_reuse_epoch_itr = True

epoch 016 | valid on 'valid' subset:   0% 0/4 [00:00<?, ?it/s]
epoch 016 | valid on 'valid' subset:  25% 1/4 [00:00<00:01,  1.64it/s]
epoch 016 | valid on 'valid' subset:  50% 2/4 [00:01<00:01,  1.60it/s]
epoch 016 | valid on 'valid' subset:  75% 3/4 [00:02<00:00,  1.41it/s]
epoch 016 | valid on 'valid' subset: 100% 4/4 [00:03<00:00,  1.02s/it]
                                                                      2026-02-26 06:52:23 | INFO | valid | epoch 016 | valid on 'valid' subset | loss 7.346 | nll_loss 6.744 | ppl 107.2 | bleu 1.31 | wps 2347.3 | wpb 2185.8 | bsz 132 | num_updates 798 | best_bleu 1.31
2026-02-26 06:52:23 | INFO | fairseq.checkpoint_utils | Preparing to save checkpoint for epoch 16 @ 798 updates
2026-02-26 06:52:23 | INFO | fairseq.trainer | Saving checkpoint to /content/checkpoints/checkpoint16.pt
2026-02-26 06:52:25 | INFO | fairseq.trainer | Finished saving checkpoint to /content/checkpoints/checkpoint16.pt
2026-02-26 06:52:28 | INFO | fairseq.checkpoint_utils | Saved checkpoint checkpoints/checkpoint16.pt (epoch 16 @ 798 updates, score 1.31) (writing took 4.887461642999824 seconds)
2026-02-26 06:52:28 | INFO | fairseq_cli.train | end of epoch 16 (average epoch stats below)
2026-02-26 06:52:28 | INFO | train | epoch 016 | loss 7.248 | nll_loss 6.695 | ppl 103.6 | wps 10492.8 | ups 3.73 | wpb 2816 | bsz 169.6 | num_updates 798 | lr 0.0001995 | gnorm 1.993 | clip 100 | loss_scale 32 | train_wall 5 | gb_free 13.3 | wall 225
2026-02-26 06:52:28 | INFO | fairseq.tasks.fairseq_task | can_reuse_epoch_itr = True
2026-02-26 06:52:28 | INFO | fairseq.data.iterators | grouped total_num_itrs = 50
epoch 017:   0% 0/50 [00:00<?, ?it/s]2026-02-26 06:52:28 | INFO | fairseq.trainer | begin training epoch 17
2026-02-26 06:52:28 | INFO | fairseq_cli.train | Start iterating over samples
epoch 017:  96% 48/50 [00:04<00:00, 10.41it/s, loss=7.344, nll_loss=6.808, ppl=112.06, wps=11141.2, ups=3.94, wpb=2827.3, bsz=168.4, num_updates=800, lr=0.0002, gnorm=2.077, clip=100, loss_scale=32, train_wall=9, gb_free=13.2, wall=225]2026-02-26 06:52:33 | INFO | fairseq_cli.train | begin validation on "valid" subset
2026-02-26 06:52:33 | INFO | fairseq.tasks.fairseq_task | can_reuse_epoch_itr = True

epoch 017 | valid on 'valid' subset:   0% 0/4 [00:00<?, ?it/s]
epoch 017 | valid on 'valid' subset:  25% 1/4 [00:00<00:01,  1.72it/s]
epoch 017 | valid on 'valid' subset:  50% 2/4 [00:01<00:01,  1.08it/s]
epoch 017 | valid on 'valid' subset:  75% 3/4 [00:02<00:00,  1.01it/s]
epoch 017 | valid on 'valid' subset: 100% 4/4 [00:04<00:00,  1.35s/it]
                                                                      2026-02-26 06:52:38 | INFO | valid | epoch 017 | valid on 'valid' subset | loss 7.13 | nll_loss 6.5 | ppl 90.5 | bleu 0.82 | wps 1665.7 | wpb 2185.8 | bsz 132 | num_updates 848 | best_bleu 1.31
2026-02-26 06:52:38 | INFO | fairseq.checkpoint_utils | Preparing to save checkpoint for epoch 17 @ 848 updates
2026-02-26 06:52:38 | INFO | fairseq.trainer | Saving checkpoint to /content/checkpoints/checkpoint17.pt
2026-02-26 06:52:39 | INFO | fairseq.trainer | Finished saving checkpoint to /content/checkpoints/checkpoint17.pt
2026-02-26 06:52:41 | INFO | fairseq.checkpoint_utils | Saved checkpoint checkpoints/checkpoint17.pt (epoch 17 @ 848 updates, score 0.82) (writing took 3.828851362999785 seconds)
2026-02-26 06:52:41 | INFO | fairseq_cli.train | end of epoch 17 (average epoch stats below)
2026-02-26 06:52:41 | INFO | train | epoch 017 | loss 7.074 | nll_loss 6.49 | ppl 89.9 | wps 10373.7 | ups 3.68 | wpb 2816 | bsz 169.6 | num_updates 848 | lr 0.000212 | gnorm 1.933 | clip 100 | loss_scale 32 | train_wall 5 | gb_free 13.3 | wall 238
2026-02-26 06:52:41 | INFO | fairseq.tasks.fairseq_task | can_reuse_epoch_itr = True
2026-02-26 06:52:41 | INFO | fairseq.data.iterators | grouped total_num_itrs = 50
epoch 018:   0% 0/50 [00:00<?, ?it/s]2026-02-26 06:52:41 | INFO | fairseq.trainer | begin training epoch 18
2026-02-26 06:52:41 | INFO | fairseq_cli.train | Start iterating over samples
epoch 018:  98% 49/50 [00:04<00:00, 10.68it/s]2026-02-26 06:52:46 | INFO | fairseq_cli.train | begin validation on "valid" subset
2026-02-26 06:52:46 | INFO | fairseq.tasks.fairseq_task | can_reuse_epoch_itr = True

epoch 018 | valid on 'valid' subset:   0% 0/4 [00:00<?, ?it/s]
epoch 018 | valid on 'valid' subset:  25% 1/4 [00:00<00:01,  2.07it/s]
epoch 018 | valid on 'valid' subset:  50% 2/4 [00:01<00:01,  1.70it/s]
epoch 018 | valid on 'valid' subset:  75% 3/4 [00:02<00:00,  1.20it/s]
epoch 018 | valid on 'valid' subset: 100% 4/4 [00:04<00:00,  1.21s/it]
                                                                      2026-02-26 06:52:50 | INFO | valid | epoch 018 | valid on 'valid' subset | loss 6.834 | nll_loss 6.153 | ppl 71.17 | bleu 1.32 | wps 1924.7 | wpb 2185.8 | bsz 132 | num_updates 898 | best_bleu 1.32
2026-02-26 06:52:50 | INFO | fairseq.checkpoint_utils | Preparing to save checkpoint for epoch 18 @ 898 updates
2026-02-26 06:52:50 | INFO | fairseq.trainer | Saving checkpoint to /content/checkpoints/checkpoint18.pt
2026-02-26 06:52:52 | INFO | fairseq.trainer | Finished saving checkpoint to /content/checkpoints/checkpoint18.pt
2026-02-26 06:52:58 | INFO | fairseq.checkpoint_utils | Saved checkpoint checkpoints/checkpoint18.pt (epoch 18 @ 898 updates, score 1.32) (writing took 7.376957908999884 seconds)
2026-02-26 06:52:58 | INFO | fairseq_cli.train | end of epoch 18 (average epoch stats below)
2026-02-26 06:52:58 | INFO | train | epoch 018 | loss 6.839 | nll_loss 6.217 | ppl 74.41 | wps 8545.5 | ups 3.03 | wpb 2816 | bsz 169.6 | num_updates 898 | lr 0.0002245 | gnorm 1.797 | clip 100 | loss_scale 32 | train_wall 5 | gb_free 13.3 | wall 255
2026-02-26 06:52:58 | INFO | fairseq.tasks.fairseq_task | can_reuse_epoch_itr = True
2026-02-26 06:52:58 | INFO | fairseq.data.iterators | grouped total_num_itrs = 50
epoch 019:   0% 0/50 [00:00<?, ?it/s]2026-02-26 06:52:58 | INFO | fairseq.trainer | begin training epoch 19
2026-02-26 06:52:58 | INFO | fairseq_cli.train | Start iterating over samples
epoch 019:  96% 48/50 [00:05<00:00, 10.62it/s, loss=6.93, nll_loss=6.324, ppl=80.13, wps=9365.2, ups=3.33, wpb=2812.3, bsz=171.1, num_updates=900, lr=0.000225, gnorm=1.848, clip=100, loss_scale=32, train_wall=10, gb_free=13.2, wall=255]2026-02-26 06:53:03 | INFO | fairseq_cli.train | begin validation on "valid" subset
2026-02-26 06:53:03 | INFO | fairseq.tasks.fairseq_task | can_reuse_epoch_itr = True

epoch 019 | valid on 'valid' subset:   0% 0/4 [00:00<?, ?it/s]
epoch 019 | valid on 'valid' subset:  25% 1/4 [00:00<00:01,  2.30it/s]
epoch 019 | valid on 'valid' subset:  50% 2/4 [00:01<00:01,  1.77it/s]
epoch 019 | valid on 'valid' subset:  75% 3/4 [00:01<00:00,  1.45it/s]
epoch 019 | valid on 'valid' subset: 100% 4/4 [00:03<00:00,  1.02it/s]
                                                                      2026-02-26 06:53:07 | INFO | valid | epoch 019 | valid on 'valid' subset | loss 6.627 | nll_loss 5.892 | ppl 59.37 | bleu 1.97 | wps 2359.1 | wpb 2185.8 | bsz 132 | num_updates 948 | best_bleu 1.97
2026-02-26 06:53:07 | INFO | fairseq.checkpoint_utils | Preparing to save checkpoint for epoch 19 @ 948 updates
2026-02-26 06:53:07 | INFO | fairseq.trainer | Saving checkpoint to /content/checkpoints/checkpoint19.pt
2026-02-26 06:53:08 | INFO | fairseq.trainer | Finished saving checkpoint to /content/checkpoints/checkpoint19.pt
epoch 019:  96% 48/50 [00:16<00:00, 10.62it/s, loss=6.93, nll_loss=6.324, ppl=80.13, wps=9365.2, ups=3.33, wpb=2812.3, bsz=171.1, num_updates=900, lr=0.000225, gnorm=1.848, clip=100, loss_scale=32, train_wall=10, gb_free=13.2, wall=255]2026-02-26 06:53:25 | INFO | fairseq.checkpoint_utils | Saved checkpoint checkpoints/checkpoint19.pt (epoch 19 @ 948 updates, score 1.97) (writing took 18.182857911999918 seconds)
2026-02-26 06:53:25 | INFO | fairseq_cli.train | end of epoch 19 (average epoch stats below)
2026-02-26 06:53:25 | INFO | train | epoch 019 | loss 6.675 | nll_loss 6.025 | ppl 65.11 | wps 5238.5 | ups 1.86 | wpb 2816 | bsz 169.6 | num_updates 948 | lr 0.000237 | gnorm 2.065 | clip 100 | loss_scale 32 | train_wall 5 | gb_free 13.2 | wall 282
2026-02-26 06:53:25 | INFO | fairseq.tasks.fairseq_task | can_reuse_epoch_itr = True
2026-02-26 06:53:25 | INFO | fairseq.data.iterators | grouped total_num_itrs = 50
epoch 020:   0% 0/50 [00:00<?, ?it/s]2026-02-26 06:53:25 | INFO | fairseq.trainer | begin training epoch 20
2026-02-26 06:53:25 | INFO | fairseq_cli.train | Start iterating over samples
epoch 020:  98% 49/50 [00:05<00:00, 10.58it/s]2026-02-26 06:53:30 | INFO | fairseq_cli.train | begin validation on "valid" subset
2026-02-26 06:53:30 | INFO | fairseq.tasks.fairseq_task | can_reuse_epoch_itr = True

epoch 020 | valid on 'valid' subset:   0% 0/4 [00:00<?, ?it/s]
epoch 020 | valid on 'valid' subset:  25% 1/4 [00:00<00:01,  1.88it/s]
epoch 020 | valid on 'valid' subset:  50% 2/4 [00:01<00:01,  1.74it/s]
epoch 020 | valid on 'valid' subset:  75% 3/4 [00:02<00:00,  1.39it/s]
epoch 020 | valid on 'valid' subset: 100% 4/4 [00:03<00:00,  1.03s/it]
                                                                      2026-02-26 06:53:34 | INFO | valid | epoch 020 | valid on 'valid' subset | loss 6.496 | nll_loss 5.729 | ppl 53.04 | bleu 1.89 | wps 2304.5 | wpb 2185.8 | bsz 132 | num_updates 998 | best_bleu 1.97
2026-02-26 06:53:34 | INFO | fairseq.checkpoint_utils | Preparing to save checkpoint for epoch 20 @ 998 updates
2026-02-26 06:53:34 | INFO | fairseq.trainer | Saving checkpoint to /content/checkpoints/checkpoint20.pt
2026-02-26 06:53:35 | INFO | fairseq.trainer | Finished saving checkpoint to /content/checkpoints/checkpoint20.pt
2026-02-26 06:53:37 | INFO | fairseq.checkpoint_utils | Saved checkpoint checkpoints/checkpoint20.pt (epoch 20 @ 998 updates, score 1.89) (writing took 3.153492970999878 seconds)
2026-02-26 06:53:37 | INFO | fairseq_cli.train | end of epoch 20 (average epoch stats below)
2026-02-26 06:53:37 | INFO | train | epoch 020 | loss 6.44 | nll_loss 5.75 | ppl 53.83 | wps 11612.1 | ups 4.12 | wpb 2816 | bsz 169.6 | num_updates 998 | lr 0.0002495 | gnorm 1.994 | clip 100 | loss_scale 32 | train_wall 5 | gb_free 13.3 | wall 294
2026-02-26 06:53:37 | INFO | fairseq.tasks.fairseq_task | can_reuse_epoch_itr = True
2026-02-26 06:53:37 | INFO | fairseq.data.iterators | grouped total_num_itrs = 50
epoch 021:   0% 0/50 [00:00<?, ?it/s]2026-02-26 06:53:37 | INFO | fairseq.trainer | begin training epoch 21
2026-02-26 06:53:37 | INFO | fairseq_cli.train | Start iterating over samples
epoch 021:  96% 48/50 [00:05<00:00, 10.84it/s, loss=6.558, nll_loss=5.888, ppl=59.23, wps=7208.3, ups=2.56, wpb=2812.6, bsz=168.2, num_updates=1000, lr=0.00025, gnorm=2.049, clip=100, loss_scale=32, train_wall=10, gb_free=13.3, wall=294]2026-02-26 06:53:42 | INFO | fairseq_cli.train | begin validation on "valid" subset
2026-02-26 06:53:42 | INFO | fairseq.tasks.fairseq_task | can_reuse_epoch_itr = True

epoch 021 | valid on 'valid' subset:   0% 0/4 [00:00<?, ?it/s]
epoch 021 | valid on 'valid' subset:  25% 1/4 [00:00<00:01,  2.19it/s]
epoch 021 | valid on 'valid' subset:  50% 2/4 [00:01<00:01,  1.78it/s]
epoch 021 | valid on 'valid' subset:  75% 3/4 [00:01<00:00,  1.47it/s]
epoch 021 | valid on 'valid' subset: 100% 4/4 [00:03<00:00,  1.05it/s]
                                                                      2026-02-26 06:53:46 | INFO | valid | epoch 021 | valid on 'valid' subset | loss 6.293 | nll_loss 5.483 | ppl 44.72 | bleu 2.55 | wps 2436.4 | wpb 2185.8 | bsz 132 | num_updates 1048 | best_bleu 2.55
2026-02-26 06:53:46 | INFO | fairseq.checkpoint_utils | Preparing to save checkpoint for epoch 21 @ 1048 updates
2026-02-26 06:53:46 | INFO | fairseq.trainer | Saving checkpoint to /content/checkpoints/checkpoint21.pt
2026-02-26 06:53:47 | INFO | fairseq.trainer | Finished saving checkpoint to /content/checkpoints/checkpoint21.pt
2026-02-26 06:53:53 | INFO | fairseq.checkpoint_utils | Saved checkpoint checkpoints/checkpoint21.pt (epoch 21 @ 1048 updates, score 2.55) (writing took 7.651814093999974 seconds)
2026-02-26 06:53:53 | INFO | fairseq_cli.train | end of epoch 21 (average epoch stats below)
2026-02-26 06:53:53 | INFO | train | epoch 021 | loss 6.315 | nll_loss 5.599 | ppl 48.48 | wps 8528.8 | ups 3.03 | wpb 2816 | bsz 169.6 | num_updates 1048 | lr 0.000262 | gnorm 2.249 | clip 100 | loss_scale 32 | train_wall 5 | gb_free 13.2 | wall 310
2026-02-26 06:53:53 | INFO | fairseq.tasks.fairseq_task | can_reuse_epoch_itr = True
2026-02-26 06:53:53 | INFO | fairseq.data.iterators | grouped total_num_itrs = 50
epoch 022:   0% 0/50 [00:00<?, ?it/s]2026-02-26 06:53:53 | INFO | fairseq.trainer | begin training epoch 22
2026-02-26 06:53:53 | INFO | fairseq_cli.train | Start iterating over samples
epoch 022:  98% 49/50 [00:04<00:00, 10.56it/s]2026-02-26 06:53:58 | INFO | fairseq_cli.train | begin validation on "valid" subset
2026-02-26 06:53:58 | INFO | fairseq.tasks.fairseq_task | can_reuse_epoch_itr = True

epoch 022 | valid on 'valid' subset:   0% 0/4 [00:00<?, ?it/s]
epoch 022 | valid on 'valid' subset:  25% 1/4 [00:00<00:01,  2.17it/s]
epoch 022 | valid on 'valid' subset:  50% 2/4 [00:01<00:01,  1.80it/s]
epoch 022 | valid on 'valid' subset:  75% 3/4 [00:01<00:00,  1.52it/s]
epoch 022 | valid on 'valid' subset: 100% 4/4 [00:03<00:00,  1.05it/s]
                                                                      2026-02-26 06:54:02 | INFO | valid | epoch 022 | valid on 'valid' subset | loss 6.01 | nll_loss 5.148 | ppl 35.46 | bleu 4.57 | wps 2454 | wpb 2185.8 | bsz 132 | num_updates 1098 | best_bleu 4.57
2026-02-26 06:54:02 | INFO | fairseq.checkpoint_utils | Preparing to save checkpoint for epoch 22 @ 1098 updates
2026-02-26 06:54:02 | INFO | fairseq.trainer | Saving checkpoint to /content/checkpoints/checkpoint22.pt
2026-02-26 06:54:05 | INFO | fairseq.trainer | Finished saving checkpoint to /content/checkpoints/checkpoint22.pt
epoch 022:  98% 49/50 [00:21<00:00, 10.56it/s]2026-02-26 06:54:15 | INFO | fairseq.checkpoint_utils | Saved checkpoint checkpoints/checkpoint22.pt (epoch 22 @ 1098 updates, score 4.57) (writing took 13.692866201000015 seconds)
2026-02-26 06:54:15 | INFO | fairseq_cli.train | end of epoch 22 (average epoch stats below)
2026-02-26 06:54:15 | INFO | train | epoch 022 | loss 6.052 | nll_loss 5.293 | ppl 39.21 | wps 6402.9 | ups 2.27 | wpb 2816 | bsz 169.6 | num_updates 1098 | lr 0.0002745 | gnorm 2.036 | clip 100 | loss_scale 32 | train_wall 5 | gb_free 13.3 | wall 332
2026-02-26 06:54:15 | INFO | fairseq.tasks.fairseq_task | can_reuse_epoch_itr = True
2026-02-26 06:54:15 | INFO | fairseq.data.iterators | grouped total_num_itrs = 50
epoch 023:   0% 0/50 [00:00<?, ?it/s]2026-02-26 06:54:15 | INFO | fairseq.trainer | begin training epoch 23
2026-02-26 06:54:15 | INFO | fairseq_cli.train | Start iterating over samples
epoch 023:  98% 49/50 [00:05<00:00, 11.01it/s, loss=6.152, nll_loss=5.411, ppl=42.54, wps=7274.3, ups=2.59, wpb=2813.4, bsz=172.6, num_updates=1100, lr=0.000275, gnorm=2.123, clip=100, loss_scale=32, train_wall=10, gb_free=13.3, wall=333]2026-02-26 06:54:21 | INFO | fairseq_cli.train | begin validation on "valid" subset
2026-02-26 06:54:21 | INFO | fairseq.tasks.fairseq_task | can_reuse_epoch_itr = True

epoch 023 | valid on 'valid' subset:   0% 0/4 [00:00<?, ?it/s]
epoch 023 | valid on 'valid' subset:  25% 1/4 [00:00<00:01,  2.22it/s]
epoch 023 | valid on 'valid' subset:  50% 2/4 [00:01<00:01,  1.76it/s]
epoch 023 | valid on 'valid' subset:  75% 3/4 [00:01<00:00,  1.44it/s]
epoch 023 | valid on 'valid' subset: 100% 4/4 [00:03<00:00,  1.03it/s]
                                                                      2026-02-26 06:54:24 | INFO | valid | epoch 023 | valid on 'valid' subset | loss 5.879 | nll_loss 4.978 | ppl 31.51 | bleu 4.57 | wps 2384 | wpb 2185.8 | bsz 132 | num_updates 1148 | best_bleu 4.57
2026-02-26 06:54:24 | INFO | fairseq.checkpoint_utils | Preparing to save checkpoint for epoch 23 @ 1148 updates
2026-02-26 06:54:24 | INFO | fairseq.trainer | Saving checkpoint to /content/checkpoints/checkpoint23.pt
2026-02-26 06:54:26 | INFO | fairseq.trainer | Finished saving checkpoint to /content/checkpoints/checkpoint23.pt
2026-02-26 06:54:30 | INFO | fairseq.checkpoint_utils | Saved checkpoint checkpoints/checkpoint23.pt (epoch 23 @ 1148 updates, score 4.57) (writing took 5.70553063400007 seconds)
2026-02-26 06:54:30 | INFO | fairseq_cli.train | end of epoch 23 (average epoch stats below)
2026-02-26 06:54:30 | INFO | train | epoch 023 | loss 5.844 | nll_loss 5.047 | ppl 33.05 | wps 9788.5 | ups 3.48 | wpb 2816 | bsz 169.6 | num_updates 1148 | lr 0.000287 | gnorm 2.155 | clip 100 | loss_scale 32 | train_wall 5 | gb_free 13.2 | wall 347
2026-02-26 06:54:30 | INFO | fairseq.tasks.fairseq_task | can_reuse_epoch_itr = True
2026-02-26 06:54:30 | INFO | fairseq.data.iterators | grouped total_num_itrs = 50
epoch 024:   0% 0/50 [00:00<?, ?it/s]2026-02-26 06:54:30 | INFO | fairseq.trainer | begin training epoch 24
2026-02-26 06:54:30 | INFO | fairseq_cli.train | Start iterating over samples
epoch 024:  98% 49/50 [00:04<00:00, 10.80it/s]2026-02-26 06:54:35 | INFO | fairseq_cli.train | begin validation on "valid" subset
2026-02-26 06:54:35 | INFO | fairseq.tasks.fairseq_task | can_reuse_epoch_itr = True

epoch 024 | valid on 'valid' subset:   0% 0/4 [00:00<?, ?it/s]
epoch 024 | valid on 'valid' subset:  25% 1/4 [00:00<00:01,  1.79it/s]
epoch 024 | valid on 'valid' subset:  50% 2/4 [00:01<00:01,  1.68it/s]
epoch 024 | valid on 'valid' subset:  75% 3/4 [00:01<00:00,  1.48it/s]
epoch 024 | valid on 'valid' subset: 100% 4/4 [00:02<00:00,  1.25it/s]
                                                                      2026-02-26 06:54:38 | INFO | valid | epoch 024 | valid on 'valid' subset | loss 5.797 | nll_loss 4.854 | ppl 28.91 | bleu 5.82 | wps 2886.9 | wpb 2185.8 | bsz 132 | num_updates 1198 | best_bleu 5.82
2026-02-26 06:54:38 | INFO | fairseq.checkpoint_utils | Preparing to save checkpoint for epoch 24 @ 1198 updates
2026-02-26 06:54:38 | INFO | fairseq.trainer | Saving checkpoint to /content/checkpoints/checkpoint24.pt
2026-02-26 06:54:39 | INFO | fairseq.trainer | Finished saving checkpoint to /content/checkpoints/checkpoint24.pt
2026-02-26 06:54:46 | INFO | fairseq.checkpoint_utils | Saved checkpoint checkpoints/checkpoint24.pt (epoch 24 @ 1198 updates, score 5.82) (writing took 8.135954411999819 seconds)
2026-02-26 06:54:46 | INFO | fairseq_cli.train | end of epoch 24 (average epoch stats below)
2026-02-26 06:54:46 | INFO | train | epoch 024 | loss 5.671 | nll_loss 4.843 | ppl 28.7 | wps 8657.7 | ups 3.07 | wpb 2816 | bsz 169.6 | num_updates 1198 | lr 0.0002995 | gnorm 2.18 | clip 100 | loss_scale 32 | train_wall 5 | gb_free 13.2 | wall 363
2026-02-26 06:54:46 | INFO | fairseq.tasks.fairseq_task | can_reuse_epoch_itr = True
2026-02-26 06:54:46 | INFO | fairseq.data.iterators | grouped total_num_itrs = 50
epoch 025:   0% 0/50 [00:00<?, ?it/s]2026-02-26 06:54:46 | INFO | fairseq.trainer | begin training epoch 25
2026-02-26 06:54:46 | INFO | fairseq_cli.train | Start iterating over samples
epoch 025:  98% 49/50 [00:04<00:00, 11.02it/s, loss=5.775, nll_loss=4.963, ppl=31.2, wps=9217.4, ups=3.28, wpb=2812.6, bsz=167, num_updates=1200, lr=0.0003, gnorm=2.177, clip=100, loss_scale=32, train_wall=10, gb_free=13.2, wall=363]2026-02-26 06:54:51 | INFO | fairseq_cli.train | begin validation on "valid" subset
2026-02-26 06:54:51 | INFO | fairseq.tasks.fairseq_task | can_reuse_epoch_itr = True

epoch 025 | valid on 'valid' subset:   0% 0/4 [00:00<?, ?it/s]
epoch 025 | valid on 'valid' subset:  25% 1/4 [00:00<00:01,  1.68it/s]
epoch 025 | valid on 'valid' subset:  50% 2/4 [00:01<00:01,  1.36it/s]
epoch 025 | valid on 'valid' subset:  75% 3/4 [00:02<00:00,  1.14it/s]
epoch 025 | valid on 'valid' subset: 100% 4/4 [00:03<00:00,  1.13s/it]
                                                                      2026-02-26 06:54:55 | INFO | valid | epoch 025 | valid on 'valid' subset | loss 5.54 | nll_loss 4.553 | ppl 23.48 | bleu 6.51 | wps 2025.9 | wpb 2185.8 | bsz 132 | num_updates 1248 | best_bleu 6.51
2026-02-26 06:54:55 | INFO | fairseq.checkpoint_utils | Preparing to save checkpoint for epoch 25 @ 1248 updates
2026-02-26 06:54:55 | INFO | fairseq.trainer | Saving checkpoint to /content/checkpoints/checkpoint25.pt
2026-02-26 06:54:56 | INFO | fairseq.trainer | Finished saving checkpoint to /content/checkpoints/checkpoint25.pt
2026-02-26 06:55:00 | INFO | fairseq.checkpoint_utils | Saved checkpoint checkpoints/checkpoint25.pt (epoch 25 @ 1248 updates, score 6.51) (writing took 4.715815497999984 seconds)
2026-02-26 06:55:00 | INFO | fairseq_cli.train | end of epoch 25 (average epoch stats below)
2026-02-26 06:55:00 | INFO | train | epoch 025 | loss 5.478 | nll_loss 4.612 | ppl 24.46 | wps 10232.5 | ups 3.63 | wpb 2816 | bsz 169.6 | num_updates 1248 | lr 0.000312 | gnorm 2.172 | clip 100 | loss_scale 32 | train_wall 5 | gb_free 13.3 | wall 377
2026-02-26 06:55:00 | INFO | fairseq.tasks.fairseq_task | can_reuse_epoch_itr = True
2026-02-26 06:55:00 | INFO | fairseq.data.iterators | grouped total_num_itrs = 50
epoch 026:   0% 0/50 [00:00<?, ?it/s]2026-02-26 06:55:00 | INFO | fairseq.trainer | begin training epoch 26
2026-02-26 06:55:00 | INFO | fairseq_cli.train | Start iterating over samples
epoch 026:  96% 48/50 [00:04<00:00, 10.03it/s]2026-02-26 06:55:05 | INFO | fairseq_cli.train | begin validation on "valid" subset
2026-02-26 06:55:05 | INFO | fairseq.tasks.fairseq_task | can_reuse_epoch_itr = True

epoch 026 | valid on 'valid' subset:   0% 0/4 [00:00<?, ?it/s]
epoch 026 | valid on 'valid' subset:  25% 1/4 [00:00<00:02,  1.31it/s]
epoch 026 | valid on 'valid' subset:  50% 2/4 [00:01<00:01,  1.22it/s]
epoch 026 | valid on 'valid' subset:  75% 3/4 [00:02<00:00,  1.24it/s]
epoch 026 | valid on 'valid' subset: 100% 4/4 [00:03<00:00,  1.01s/it]
                                                                      2026-02-26 06:55:09 | INFO | valid | epoch 026 | valid on 'valid' subset | loss 5.49 | nll_loss 4.479 | ppl 22.29 | bleu 8.63 | wps 2309.1 | wpb 2185.8 | bsz 132 | num_updates 1298 | best_bleu 8.63
2026-02-26 06:55:09 | INFO | fairseq.checkpoint_utils | Preparing to save checkpoint for epoch 26 @ 1298 updates
2026-02-26 06:55:09 | INFO | fairseq.trainer | Saving checkpoint to /content/checkpoints/checkpoint26.pt
2026-02-26 06:55:10 | INFO | fairseq.trainer | Finished saving checkpoint to /content/checkpoints/checkpoint26.pt
2026-02-26 06:55:17 | INFO | fairseq.checkpoint_utils | Saved checkpoint checkpoints/checkpoint26.pt (epoch 26 @ 1298 updates, score 8.63) (writing took 8.45118489399988 seconds)
2026-02-26 06:55:17 | INFO | fairseq_cli.train | end of epoch 26 (average epoch stats below)
2026-02-26 06:55:17 | INFO | train | epoch 026 | loss 5.283 | nll_loss 4.38 | ppl 20.82 | wps 8123.8 | ups 2.88 | wpb 2816 | bsz 169.6 | num_updates 1298 | lr 0.0003245 | gnorm 2.199 | clip 100 | loss_scale 32 | train_wall 5 | gb_free 13.3 | wall 394
2026-02-26 06:55:17 | INFO | fairseq.tasks.fairseq_task | can_reuse_epoch_itr = True
2026-02-26 06:55:17 | INFO | fairseq.data.iterators | grouped total_num_itrs = 50
epoch 027:   0% 0/50 [00:00<?, ?it/s]2026-02-26 06:55:17 | INFO | fairseq.trainer | begin training epoch 27
2026-02-26 06:55:17 | INFO | fairseq_cli.train | Start iterating over samples
epoch 027:  98% 49/50 [00:05<00:00, 10.80it/s, loss=5.356, nll_loss=4.468, ppl=22.14, wps=9061, ups=3.21, wpb=2826.1, bsz=171, num_updates=1300, lr=0.000325, gnorm=2.177, clip=100, loss_scale=32, train_wall=10, gb_free=13.2, wall=395]2026-02-26 06:55:23 | INFO | fairseq_cli.train | begin validation on "valid" subset
2026-02-26 06:55:23 | INFO | fairseq.tasks.fairseq_task | can_reuse_epoch_itr = True

epoch 027 | valid on 'valid' subset:   0% 0/4 [00:00<?, ?it/s]
epoch 027 | valid on 'valid' subset:  25% 1/4 [00:00<00:01,  1.67it/s]
epoch 027 | valid on 'valid' subset:  50% 2/4 [00:01<00:01,  1.59it/s]
epoch 027 | valid on 'valid' subset:  75% 3/4 [00:02<00:00,  1.36it/s]
epoch 027 | valid on 'valid' subset: 100% 4/4 [00:03<00:00,  1.00it/s]
                                                                      2026-02-26 06:55:26 | INFO | valid | epoch 027 | valid on 'valid' subset | loss 6.15 | nll_loss 5.22 | ppl 37.26 | bleu 5.81 | wps 2362.9 | wpb 2185.8 | bsz 132 | num_updates 1348 | best_bleu 8.63
2026-02-26 06:55:26 | INFO | fairseq.checkpoint_utils | Preparing to save checkpoint for epoch 27 @ 1348 updates
2026-02-26 06:55:26 | INFO | fairseq.trainer | Saving checkpoint to /content/checkpoints/checkpoint27.pt
2026-02-26 06:55:29 | INFO | fairseq.trainer | Finished saving checkpoint to /content/checkpoints/checkpoint27.pt
epoch 027:  98% 49/50 [00:17<00:00, 10.80it/s, loss=5.356, nll_loss=4.468, ppl=22.14, wps=9061, ups=3.21, wpb=2826.1, bsz=171, num_updates=1300, lr=0.000325, gnorm=2.177, clip=100, loss_scale=32, train_wall=10, gb_free=13.2, wall=395]2026-02-26 06:55:38 | INFO | fairseq.checkpoint_utils | Saved checkpoint checkpoints/checkpoint27.pt (epoch 27 @ 1348 updates, score 5.81) (writing took 11.398197427000014 seconds)
2026-02-26 06:55:38 | INFO | fairseq_cli.train | end of epoch 27 (average epoch stats below)
2026-02-26 06:55:38 | INFO | train | epoch 027 | loss 5.076 | nll_loss 4.133 | ppl 17.55 | wps 6906.4 | ups 2.45 | wpb 2816 | bsz 169.6 | num_updates 1348 | lr 0.000337 | gnorm 2.147 | clip 100 | loss_scale 32 | train_wall 5 | gb_free 13.4 | wall 415
2026-02-26 06:55:38 | INFO | fairseq.tasks.fairseq_task | can_reuse_epoch_itr = True
2026-02-26 06:55:38 | INFO | fairseq.data.iterators | grouped total_num_itrs = 50
epoch 028:   0% 0/50 [00:00<?, ?it/s]2026-02-26 06:55:38 | INFO | fairseq.trainer | begin training epoch 28
2026-02-26 06:55:38 | INFO | fairseq_cli.train | Start iterating over samples
epoch 028:  98% 49/50 [00:04<00:00, 10.26it/s]2026-02-26 06:55:43 | INFO | fairseq_cli.train | begin validation on "valid" subset
2026-02-26 06:55:43 | INFO | fairseq.tasks.fairseq_task | can_reuse_epoch_itr = True

epoch 028 | valid on 'valid' subset:   0% 0/4 [00:00<?, ?it/s]
epoch 028 | valid on 'valid' subset:  25% 1/4 [00:00<00:02,  1.38it/s]
epoch 028 | valid on 'valid' subset:  50% 2/4 [00:01<00:01,  1.65it/s]
epoch 028 | valid on 'valid' subset:  75% 3/4 [00:02<00:00,  1.44it/s]
epoch 028 | valid on 'valid' subset: 100% 4/4 [00:03<00:00,  1.08it/s]
                                                                      2026-02-26 06:55:46 | INFO | valid | epoch 028 | valid on 'valid' subset | loss 5.252 | nll_loss 4.164 | ppl 17.93 | bleu 10.81 | wps 2651.7 | wpb 2185.8 | bsz 132 | num_updates 1398 | best_bleu 10.81
2026-02-26 06:55:46 | INFO | fairseq.checkpoint_utils | Preparing to save checkpoint for epoch 28 @ 1398 updates
2026-02-26 06:55:46 | INFO | fairseq.trainer | Saving checkpoint to /content/checkpoints/checkpoint28.pt
2026-02-26 06:55:47 | INFO | fairseq.trainer | Finished saving checkpoint to /content/checkpoints/checkpoint28.pt
2026-02-26 06:55:51 | INFO | fairseq.checkpoint_utils | Saved checkpoint checkpoints/checkpoint28.pt (epoch 28 @ 1398 updates, score 10.81) (writing took 4.816827262000061 seconds)
2026-02-26 06:55:51 | INFO | fairseq_cli.train | end of epoch 28 (average epoch stats below)
2026-02-26 06:55:51 | INFO | train | epoch 028 | loss 5.025 | nll_loss 4.069 | ppl 16.78 | wps 10632.8 | ups 3.78 | wpb 2816 | bsz 169.6 | num_updates 1398 | lr 0.0003495 | gnorm 2.278 | clip 100 | loss_scale 32 | train_wall 5 | gb_free 13.2 | wall 428
2026-02-26 06:55:51 | INFO | fairseq.tasks.fairseq_task | can_reuse_epoch_itr = True
2026-02-26 06:55:51 | INFO | fairseq.data.iterators | grouped total_num_itrs = 50
epoch 029:   0% 0/50 [00:00<?, ?it/s]2026-02-26 06:55:51 | INFO | fairseq.trainer | begin training epoch 29
2026-02-26 06:55:51 | INFO | fairseq_cli.train | Start iterating over samples
epoch 029:  98% 49/50 [00:05<00:00, 10.37it/s, loss=5.061, nll_loss=4.113, ppl=17.31, wps=8401.1, ups=2.98, wpb=2815.4, bsz=167, num_updates=1400, lr=0.00035, gnorm=2.216, clip=100, loss_scale=32, train_wall=10, gb_free=13.3, wall=428]2026-02-26 06:55:56 | INFO | fairseq_cli.train | begin validation on "valid" subset
2026-02-26 06:55:56 | INFO | fairseq.tasks.fairseq_task | can_reuse_epoch_itr = True

epoch 029 | valid on 'valid' subset:   0% 0/4 [00:00<?, ?it/s]
epoch 029 | valid on 'valid' subset:  25% 1/4 [00:00<00:01,  1.77it/s]
epoch 029 | valid on 'valid' subset:  50% 2/4 [00:01<00:01,  1.81it/s]
epoch 029 | valid on 'valid' subset:  75% 3/4 [00:01<00:00,  1.81it/s]
epoch 029 | valid on 'valid' subset: 100% 4/4 [00:02<00:00,  1.53it/s]
                                                                      2026-02-26 06:55:59 | INFO | valid | epoch 029 | valid on 'valid' subset | loss 5.273 | nll_loss 4.199 | ppl 18.36 | bleu 10.13 | wps 3618.8 | wpb 2185.8 | bsz 132 | num_updates 1448 | best_bleu 10.81
2026-02-26 06:55:59 | INFO | fairseq.checkpoint_utils | Preparing to save checkpoint for epoch 29 @ 1448 updates
2026-02-26 06:55:59 | INFO | fairseq.trainer | Saving checkpoint to /content/checkpoints/checkpoint29.pt
2026-02-26 06:56:00 | INFO | fairseq.trainer | Finished saving checkpoint to /content/checkpoints/checkpoint29.pt
2026-02-26 06:56:02 | INFO | fairseq.checkpoint_utils | Saved checkpoint checkpoints/checkpoint29.pt (epoch 29 @ 1448 updates, score 10.13) (writing took 3.0879789629998413 seconds)
2026-02-26 06:56:02 | INFO | fairseq_cli.train | end of epoch 29 (average epoch stats below)
2026-02-26 06:56:02 | INFO | train | epoch 029 | loss 4.771 | nll_loss 3.767 | ppl 13.61 | wps 12867.3 | ups 4.57 | wpb 2816 | bsz 169.6 | num_updates 1448 | lr 0.000362 | gnorm 2.178 | clip 100 | loss_scale 32 | train_wall 5 | gb_free 13.2 | wall 439
2026-02-26 06:56:02 | INFO | fairseq.tasks.fairseq_task | can_reuse_epoch_itr = True
2026-02-26 06:56:02 | INFO | fairseq.data.iterators | grouped total_num_itrs = 50
epoch 030:   0% 0/50 [00:00<?, ?it/s]2026-02-26 06:56:02 | INFO | fairseq.trainer | begin training epoch 30
2026-02-26 06:56:02 | INFO | fairseq_cli.train | Start iterating over samples
epoch 030:  98% 49/50 [00:04<00:00, 10.18it/s]2026-02-26 06:56:07 | INFO | fairseq_cli.train | begin validation on "valid" subset
2026-02-26 06:56:07 | INFO | fairseq.tasks.fairseq_task | can_reuse_epoch_itr = True

epoch 030 | valid on 'valid' subset:   0% 0/4 [00:00<?, ?it/s]
epoch 030 | valid on 'valid' subset:  25% 1/4 [00:00<00:01,  1.69it/s]
epoch 030 | valid on 'valid' subset:  50% 2/4 [00:01<00:01,  1.56it/s]
epoch 030 | valid on 'valid' subset:  75% 3/4 [00:02<00:00,  1.33it/s]
epoch 030 | valid on 'valid' subset: 100% 4/4 [00:03<00:00,  1.02it/s]
                                                                      2026-02-26 06:56:10 | INFO | valid | epoch 030 | valid on 'valid' subset | loss 5.12 | nll_loss 3.959 | ppl 15.55 | bleu 12.53 | wps 2391.6 | wpb 2185.8 | bsz 132 | num_updates 1498 | best_bleu 12.53
2026-02-26 06:56:10 | INFO | fairseq.checkpoint_utils | Preparing to save checkpoint for epoch 30 @ 1498 updates
2026-02-26 06:56:10 | INFO | fairseq.trainer | Saving checkpoint to /content/checkpoints/checkpoint30.pt
2026-02-26 06:56:12 | INFO | fairseq.trainer | Finished saving checkpoint to /content/checkpoints/checkpoint30.pt
2026-02-26 06:56:19 | INFO | fairseq.checkpoint_utils | Saved checkpoint checkpoints/checkpoint30.pt (epoch 30 @ 1498 updates, score 12.53) (writing took 8.398234915999865 seconds)
2026-02-26 06:56:19 | INFO | fairseq_cli.train | end of epoch 30 (average epoch stats below)
2026-02-26 06:56:19 | INFO | train | epoch 030 | loss 4.709 | nll_loss 3.692 | ppl 12.92 | wps 8296.9 | ups 2.95 | wpb 2816 | bsz 169.6 | num_updates 1498 | lr 0.0003745 | gnorm 2.292 | clip 100 | loss_scale 32 | train_wall 5 | gb_free 13.3 | wall 456
2026-02-26 06:56:19 | INFO | fairseq.tasks.fairseq_task | can_reuse_epoch_itr = True
2026-02-26 06:56:19 | INFO | fairseq.data.iterators | grouped total_num_itrs = 50
epoch 031:   0% 0/50 [00:00<?, ?it/s]2026-02-26 06:56:19 | INFO | fairseq.trainer | begin training epoch 31
2026-02-26 06:56:19 | INFO | fairseq_cli.train | Start iterating over samples
epoch 031:  98% 49/50 [00:05<00:00, 10.39it/s, loss=4.731, nll_loss=3.718, ppl=13.16, wps=9969.3, ups=3.56, wpb=2797.1, bsz=169.4, num_updates=1500, lr=0.000375, gnorm=2.255, clip=100, loss_scale=32, train_wall=10, gb_free=13.2, wall=456]2026-02-26 06:56:24 | INFO | fairseq_cli.train | begin validation on "valid" subset
2026-02-26 06:56:24 | INFO | fairseq.tasks.fairseq_task | can_reuse_epoch_itr = True

epoch 031 | valid on 'valid' subset:   0% 0/4 [00:00<?, ?it/s]
epoch 031 | valid on 'valid' subset:  25% 1/4 [00:00<00:01,  2.07it/s]
epoch 031 | valid on 'valid' subset:  50% 2/4 [00:00<00:00,  2.09it/s]
epoch 031 | valid on 'valid' subset:  75% 3/4 [00:01<00:00,  1.66it/s]
epoch 031 | valid on 'valid' subset: 100% 4/4 [00:03<00:00,  1.12it/s]
                                                                      2026-02-26 06:56:27 | INFO | valid | epoch 031 | valid on 'valid' subset | loss 5.091 | nll_loss 3.919 | ppl 15.13 | bleu 13.05 | wps 2696.5 | wpb 2185.8 | bsz 132 | num_updates 1548 | best_bleu 13.05
2026-02-26 06:56:27 | INFO | fairseq.checkpoint_utils | Preparing to save checkpoint for epoch 31 @ 1548 updates
2026-02-26 06:56:27 | INFO | fairseq.trainer | Saving checkpoint to /content/checkpoints/checkpoint31.pt
2026-02-26 06:56:29 | INFO | fairseq.trainer | Finished saving checkpoint to /content/checkpoints/checkpoint31.pt
epoch 031:  98% 49/50 [00:15<00:00, 10.39it/s, loss=4.731, nll_loss=3.718, ppl=13.16, wps=9969.3, ups=3.56, wpb=2797.1, bsz=169.4, num_updates=1500, lr=0.000375, gnorm=2.255, clip=100, loss_scale=32, train_wall=10, gb_free=13.2, wall=456]2026-02-26 06:56:35 | INFO | fairseq.checkpoint_utils | Saved checkpoint checkpoints/checkpoint31.pt (epoch 31 @ 1548 updates, score 13.05) (writing took 7.677688556000021 seconds)
2026-02-26 06:56:35 | INFO | fairseq_cli.train | end of epoch 31 (average epoch stats below)
2026-02-26 06:56:35 | INFO | train | epoch 031 | loss 4.547 | nll_loss 3.497 | ppl 11.29 | wps 8683.1 | ups 3.08 | wpb 2816 | bsz 169.6 | num_updates 1548 | lr 0.000387 | gnorm 2.141 | clip 100 | loss_scale 32 | train_wall 5 | gb_free 13.3 | wall 472
2026-02-26 06:56:35 | INFO | fairseq.tasks.fairseq_task | can_reuse_epoch_itr = True
2026-02-26 06:56:35 | INFO | fairseq.data.iterators | grouped total_num_itrs = 50
epoch 032:   0% 0/50 [00:00<?, ?it/s]2026-02-26 06:56:35 | INFO | fairseq.trainer | begin training epoch 32
2026-02-26 06:56:35 | INFO | fairseq_cli.train | Start iterating over samples
epoch 032:  98% 49/50 [00:04<00:00, 10.32it/s]2026-02-26 06:56:40 | INFO | fairseq_cli.train | begin validation on "valid" subset
2026-02-26 06:56:40 | INFO | fairseq.tasks.fairseq_task | can_reuse_epoch_itr = True

epoch 032 | valid on 'valid' subset:   0% 0/4 [00:00<?, ?it/s]
epoch 032 | valid on 'valid' subset:  25% 1/4 [00:00<00:01,  2.38it/s]
epoch 032 | valid on 'valid' subset:  50% 2/4 [00:00<00:00,  2.11it/s]
epoch 032 | valid on 'valid' subset:  75% 3/4 [00:01<00:00,  1.77it/s]
epoch 032 | valid on 'valid' subset: 100% 4/4 [00:03<00:00,  1.11it/s]
                                                                      2026-02-26 06:56:43 | INFO | valid | epoch 032 | valid on 'valid' subset | loss 5.052 | nll_loss 3.852 | ppl 14.44 | bleu 13.23 | wps 2658.8 | wpb 2185.8 | bsz 132 | num_updates 1598 | best_bleu 13.23
2026-02-26 06:56:43 | INFO | fairseq.checkpoint_utils | Preparing to save checkpoint for epoch 32 @ 1598 updates
2026-02-26 06:56:43 | INFO | fairseq.trainer | Saving checkpoint to /content/checkpoints/checkpoint32.pt
2026-02-26 06:56:50 | INFO | fairseq.trainer | Finished saving checkpoint to /content/checkpoints/checkpoint32.pt
epoch 032:  98% 49/50 [00:19<00:00, 10.32it/s]2026-02-26 06:57:05 | INFO | fairseq.checkpoint_utils | Saved checkpoint checkpoints/checkpoint32.pt (epoch 32 @ 1598 updates, score 13.23) (writing took 21.895937482999898 seconds)
2026-02-26 06:57:05 | INFO | fairseq_cli.train | end of epoch 32 (average epoch stats below)
2026-02-26 06:57:05 | INFO | train | epoch 032 | loss 4.436 | nll_loss 3.363 | ppl 10.29 | wps 4702.5 | ups 1.67 | wpb 2816 | bsz 169.6 | num_updates 1598 | lr 0.0003995 | gnorm 2.202 | clip 100 | loss_scale 32 | train_wall 5 | gb_free 13.3 | wall 502
2026-02-26 06:57:05 | INFO | fairseq.tasks.fairseq_task | can_reuse_epoch_itr = True
2026-02-26 06:57:05 | INFO | fairseq.data.iterators | grouped total_num_itrs = 50
epoch 033:   0% 0/50 [00:00<?, ?it/s]2026-02-26 06:57:05 | INFO | fairseq.trainer | begin training epoch 33
2026-02-26 06:57:05 | INFO | fairseq_cli.train | Start iterating over samples
epoch 033:  96% 48/50 [00:05<00:00, 10.04it/s, loss=4.488, nll_loss=3.426, ppl=10.75, wps=6172.1, ups=2.17, wpb=2839.4, bsz=170.6, num_updates=1600, lr=0.0004, gnorm=2.151, clip=100, loss_scale=32, train_wall=10, gb_free=13.2, wall=502]2026-02-26 06:57:10 | INFO | fairseq_cli.train | begin validation on "valid" subset
2026-02-26 06:57:10 | INFO | fairseq.tasks.fairseq_task | can_reuse_epoch_itr = True

epoch 033 | valid on 'valid' subset:   0% 0/4 [00:00<?, ?it/s]
epoch 033 | valid on 'valid' subset:  25% 1/4 [00:00<00:01,  2.00it/s]
epoch 033 | valid on 'valid' subset:  50% 2/4 [00:01<00:01,  1.87it/s]
epoch 033 | valid on 'valid' subset:  75% 3/4 [00:01<00:00,  1.61it/s]
epoch 033 | valid on 'valid' subset: 100% 4/4 [00:03<00:00,  1.12it/s]
                                                                      2026-02-26 06:57:13 | INFO | valid | epoch 033 | valid on 'valid' subset | loss 4.995 | nll_loss 3.8 | ppl 13.93 | bleu 14.92 | wps 2661.3 | wpb 2185.8 | bsz 132 | num_updates 1648 | best_bleu 14.92
2026-02-26 06:57:13 | INFO | fairseq.checkpoint_utils | Preparing to save checkpoint for epoch 33 @ 1648 updates
2026-02-26 06:57:13 | INFO | fairseq.trainer | Saving checkpoint to /content/checkpoints/checkpoint33.pt
2026-02-26 06:57:15 | INFO | fairseq.trainer | Finished saving checkpoint to /content/checkpoints/checkpoint33.pt
2026-02-26 06:57:24 | INFO | fairseq.checkpoint_utils | Saved checkpoint checkpoints/checkpoint33.pt (epoch 33 @ 1648 updates, score 14.92) (writing took 10.402625422000028 seconds)
2026-02-26 06:57:24 | INFO | fairseq_cli.train | end of epoch 33 (average epoch stats below)
2026-02-26 06:57:24 | INFO | train | epoch 033 | loss 4.331 | nll_loss 3.238 | ppl 9.43 | wps 7442.3 | ups 2.64 | wpb 2816 | bsz 169.6 | num_updates 1648 | lr 0.000412 | gnorm 2.16 | clip 100 | loss_scale 32 | train_wall 5 | gb_free 13.2 | wall 521
2026-02-26 06:57:24 | INFO | fairseq.tasks.fairseq_task | can_reuse_epoch_itr = True
2026-02-26 06:57:24 | INFO | fairseq.data.iterators | grouped total_num_itrs = 50
epoch 034:   0% 0/50 [00:00<?, ?it/s]2026-02-26 06:57:24 | INFO | fairseq.trainer | begin training epoch 34
2026-02-26 06:57:24 | INFO | fairseq_cli.train | Start iterating over samples
epoch 034:  96% 48/50 [00:04<00:00, 11.00it/s]2026-02-26 06:57:29 | INFO | fairseq_cli.train | begin validation on "valid" subset
2026-02-26 06:57:29 | INFO | fairseq.tasks.fairseq_task | can_reuse_epoch_itr = True

epoch 034 | valid on 'valid' subset:   0% 0/4 [00:00<?, ?it/s]
epoch 034 | valid on 'valid' subset:  25% 1/4 [00:00<00:01,  2.37it/s]
epoch 034 | valid on 'valid' subset:  50% 2/4 [00:00<00:00,  2.19it/s]
epoch 034 | valid on 'valid' subset:  75% 3/4 [00:01<00:00,  1.93it/s]
epoch 034 | valid on 'valid' subset: 100% 4/4 [00:03<00:00,  1.10it/s]
                                                                      2026-02-26 06:57:32 | INFO | valid | epoch 034 | valid on 'valid' subset | loss 4.884 | nll_loss 3.65 | ppl 12.55 | bleu 17.05 | wps 2661.7 | wpb 2185.8 | bsz 132 | num_updates 1698 | best_bleu 17.05
2026-02-26 06:57:32 | INFO | fairseq.checkpoint_utils | Preparing to save checkpoint for epoch 34 @ 1698 updates
2026-02-26 06:57:32 | INFO | fairseq.trainer | Saving checkpoint to /content/checkpoints/checkpoint34.pt
2026-02-26 06:57:34 | INFO | fairseq.trainer | Finished saving checkpoint to /content/checkpoints/checkpoint34.pt
2026-02-26 06:57:37 | INFO | fairseq.checkpoint_utils | Saved checkpoint checkpoints/checkpoint34.pt (epoch 34 @ 1698 updates, score 17.05) (writing took 4.876189990000057 seconds)
2026-02-26 06:57:37 | INFO | fairseq_cli.train | end of epoch 34 (average epoch stats below)
2026-02-26 06:57:37 | INFO | train | epoch 034 | loss 4.177 | nll_loss 3.056 | ppl 8.32 | wps 10883.7 | ups 3.86 | wpb 2816 | bsz 169.6 | num_updates 1698 | lr 0.0004245 | gnorm 2.083 | clip 100 | loss_scale 32 | train_wall 5 | gb_free 13.3 | wall 534
2026-02-26 06:57:37 | INFO | fairseq.tasks.fairseq_task | can_reuse_epoch_itr = True
2026-02-26 06:57:37 | INFO | fairseq.data.iterators | grouped total_num_itrs = 50
epoch 035:   0% 0/50 [00:00<?, ?it/s]2026-02-26 06:57:37 | INFO | fairseq.trainer | begin training epoch 35
2026-02-26 06:57:37 | INFO | fairseq_cli.train | Start iterating over samples
epoch 035:  96% 48/50 [00:04<00:00, 10.69it/s, loss=4.238, nll_loss=3.128, ppl=8.74, wps=8815.3, ups=3.14, wpb=2804.9, bsz=170.1, num_updates=1700, lr=0.000425, gnorm=2.124, clip=100, loss_scale=32, train_wall=10, gb_free=13.3, wall=534]2026-02-26 06:57:42 | INFO | fairseq_cli.train | begin validation on "valid" subset
2026-02-26 06:57:42 | INFO | fairseq.tasks.fairseq_task | can_reuse_epoch_itr = True

epoch 035 | valid on 'valid' subset:   0% 0/4 [00:00<?, ?it/s]
epoch 035 | valid on 'valid' subset:  25% 1/4 [00:00<00:01,  1.84it/s]
epoch 035 | valid on 'valid' subset:  50% 2/4 [00:01<00:01,  1.75it/s]
epoch 035 | valid on 'valid' subset:  75% 3/4 [00:01<00:00,  1.60it/s]
epoch 035 | valid on 'valid' subset: 100% 4/4 [00:03<00:00,  1.06s/it]
                                                                      2026-02-26 06:57:45 | INFO | valid | epoch 035 | valid on 'valid' subset | loss 4.911 | nll_loss 3.673 | ppl 12.76 | bleu 15.52 | wps 2301.9 | wpb 2185.8 | bsz 132 | num_updates 1748 | best_bleu 17.05
2026-02-26 06:57:45 | INFO | fairseq.checkpoint_utils | Preparing to save checkpoint for epoch 35 @ 1748 updates
2026-02-26 06:57:45 | INFO | fairseq.trainer | Saving checkpoint to /content/checkpoints/checkpoint35.pt
2026-02-26 06:57:49 | INFO | fairseq.trainer | Finished saving checkpoint to /content/checkpoints/checkpoint35.pt
epoch 035:  96% 48/50 [00:17<00:00, 10.69it/s, loss=4.238, nll_loss=3.128, ppl=8.74, wps=8815.3, ups=3.14, wpb=2804.9, bsz=170.1, num_updates=1700, lr=0.000425, gnorm=2.124, clip=100, loss_scale=32, train_wall=10, gb_free=13.3, wall=534]2026-02-26 06:57:57 | INFO | fairseq.checkpoint_utils | Saved checkpoint checkpoints/checkpoint35.pt (epoch 35 @ 1748 updates, score 15.52) (writing took 11.619898684999953 seconds)
2026-02-26 06:57:57 | INFO | fairseq_cli.train | end of epoch 35 (average epoch stats below)
2026-02-26 06:57:57 | INFO | train | epoch 035 | loss 4.047 | nll_loss 2.899 | ppl 7.46 | wps 6978.7 | ups 2.48 | wpb 2816 | bsz 169.6 | num_updates 1748 | lr 0.000437 | gnorm 1.991 | clip 100 | loss_scale 32 | train_wall 5 | gb_free 13.3 | wall 554
2026-02-26 06:57:57 | INFO | fairseq.tasks.fairseq_task | can_reuse_epoch_itr = True
2026-02-26 06:57:57 | INFO | fairseq.data.iterators | grouped total_num_itrs = 50
epoch 036:   0% 0/50 [00:00<?, ?it/s]2026-02-26 06:57:57 | INFO | fairseq.trainer | begin training epoch 36
2026-02-26 06:57:57 | INFO | fairseq_cli.train | Start iterating over samples
epoch 036:  96% 48/50 [00:05<00:00, 10.75it/s]2026-02-26 06:58:02 | INFO | fairseq_cli.train | begin validation on "valid" subset
2026-02-26 06:58:02 | INFO | fairseq.tasks.fairseq_task | can_reuse_epoch_itr = True

epoch 036 | valid on 'valid' subset:   0% 0/4 [00:00<?, ?it/s]
epoch 036 | valid on 'valid' subset:  25% 1/4 [00:00<00:02,  1.20it/s]
epoch 036 | valid on 'valid' subset:  50% 2/4 [00:01<00:01,  1.59it/s]
epoch 036 | valid on 'valid' subset:  75% 3/4 [00:01<00:00,  1.56it/s]
epoch 036 | valid on 'valid' subset: 100% 4/4 [00:02<00:00,  1.42it/s]
                                                                      2026-02-26 06:58:05 | INFO | valid | epoch 036 | valid on 'valid' subset | loss 4.82 | nll_loss 3.547 | ppl 11.69 | bleu 17.66 | wps 3539.7 | wpb 2185.8 | bsz 132 | num_updates 1798 | best_bleu 17.66
2026-02-26 06:58:05 | INFO | fairseq.checkpoint_utils | Preparing to save checkpoint for epoch 36 @ 1798 updates
2026-02-26 06:58:05 | INFO | fairseq.trainer | Saving checkpoint to /content/checkpoints/checkpoint36.pt
2026-02-26 06:58:06 | INFO | fairseq.trainer | Finished saving checkpoint to /content/checkpoints/checkpoint36.pt
2026-02-26 06:58:12 | INFO | fairseq.checkpoint_utils | Saved checkpoint checkpoints/checkpoint36.pt (epoch 36 @ 1798 updates, score 17.66) (writing took 7.436286541000072 seconds)
2026-02-26 06:58:12 | INFO | fairseq_cli.train | end of epoch 36 (average epoch stats below)
2026-02-26 06:58:12 | INFO | train | epoch 036 | loss 4.015 | nll_loss 2.861 | ppl 7.26 | wps 9018.3 | ups 3.2 | wpb 2816 | bsz 169.6 | num_updates 1798 | lr 0.0004495 | gnorm 2.237 | clip 100 | loss_scale 32 | train_wall 5 | gb_free 13.3 | wall 569
2026-02-26 06:58:12 | INFO | fairseq.tasks.fairseq_task | can_reuse_epoch_itr = True
2026-02-26 06:58:12 | INFO | fairseq.data.iterators | grouped total_num_itrs = 50
epoch 037:   0% 0/50 [00:00<?, ?it/s]2026-02-26 06:58:12 | INFO | fairseq.trainer | begin training epoch 37
2026-02-26 06:58:12 | INFO | fairseq_cli.train | Start iterating over samples
epoch 037:  96% 48/50 [00:04<00:00, 10.86it/s, loss=4.032, nll_loss=2.88, ppl=7.36, wps=7850.7, ups=2.79, wpb=2813.3, bsz=168.8, num_updates=1800, lr=0.00045, gnorm=2.109, clip=100, loss_scale=32, train_wall=10, gb_free=13.2, wall=570]2026-02-26 06:58:17 | INFO | fairseq_cli.train | begin validation on "valid" subset
2026-02-26 06:58:17 | INFO | fairseq.tasks.fairseq_task | can_reuse_epoch_itr = True

epoch 037 | valid on 'valid' subset:   0% 0/4 [00:00<?, ?it/s]
epoch 037 | valid on 'valid' subset:  25% 1/4 [00:00<00:01,  2.15it/s]
epoch 037 | valid on 'valid' subset:  50% 2/4 [00:00<00:00,  2.08it/s]
epoch 037 | valid on 'valid' subset:  75% 3/4 [00:01<00:00,  1.89it/s]
epoch 037 | valid on 'valid' subset: 100% 4/4 [00:03<00:00,  1.05it/s]
                                                                      2026-02-26 06:58:21 | INFO | valid | epoch 037 | valid on 'valid' subset | loss 4.808 | nll_loss 3.543 | ppl 11.66 | bleu 17.99 | wps 2575.9 | wpb 2185.8 | bsz 132 | num_updates 1848 | best_bleu 17.99
2026-02-26 06:58:21 | INFO | fairseq.checkpoint_utils | Preparing to save checkpoint for epoch 37 @ 1848 updates
2026-02-26 06:58:21 | INFO | fairseq.trainer | Saving checkpoint to /content/checkpoints/checkpoint37.pt
2026-02-26 06:58:22 | INFO | fairseq.trainer | Finished saving checkpoint to /content/checkpoints/checkpoint37.pt
2026-02-26 06:58:27 | INFO | fairseq.checkpoint_utils | Saved checkpoint checkpoints/checkpoint37.pt (epoch 37 @ 1848 updates, score 17.99) (writing took 6.738751097999966 seconds)
2026-02-26 06:58:27 | INFO | fairseq_cli.train | end of epoch 37 (average epoch stats below)
2026-02-26 06:58:27 | INFO | train | epoch 037 | loss 3.905 | nll_loss 2.729 | ppl 6.63 | wps 9436.1 | ups 3.35 | wpb 2816 | bsz 169.6 | num_updates 1848 | lr 0.000462 | gnorm 2.058 | clip 100 | loss_scale 32 | train_wall 5 | gb_free 13.2 | wall 584
2026-02-26 06:58:27 | INFO | fairseq.tasks.fairseq_task | can_reuse_epoch_itr = True
2026-02-26 06:58:27 | INFO | fairseq.data.iterators | grouped total_num_itrs = 50
epoch 038:   0% 0/50 [00:00<?, ?it/s]2026-02-26 06:58:27 | INFO | fairseq.trainer | begin training epoch 38
2026-02-26 06:58:27 | INFO | fairseq_cli.train | Start iterating over samples
epoch 038:  96% 48/50 [00:04<00:00, 11.18it/s]2026-02-26 06:58:32 | INFO | fairseq_cli.train | begin validation on "valid" subset
2026-02-26 06:58:32 | INFO | fairseq.tasks.fairseq_task | can_reuse_epoch_itr = True

epoch 038 | valid on 'valid' subset:   0% 0/4 [00:00<?, ?it/s]
epoch 038 | valid on 'valid' subset:  25% 1/4 [00:00<00:01,  1.56it/s]
epoch 038 | valid on 'valid' subset:  50% 2/4 [00:01<00:01,  1.59it/s]
epoch 038 | valid on 'valid' subset:  75% 3/4 [00:02<00:00,  1.26it/s]
epoch 038 | valid on 'valid' subset: 100% 4/4 [00:03<00:00,  1.02it/s]
                                                                      2026-02-26 06:58:36 | INFO | valid | epoch 038 | valid on 'valid' subset | loss 4.71 | nll_loss 3.426 | ppl 10.74 | bleu 19 | wps 2394.2 | wpb 2185.8 | bsz 132 | num_updates 1898 | best_bleu 19
2026-02-26 06:58:36 | INFO | fairseq.checkpoint_utils | Preparing to save checkpoint for epoch 38 @ 1898 updates
2026-02-26 06:58:36 | INFO | fairseq.trainer | Saving checkpoint to /content/checkpoints/checkpoint38.pt
2026-02-26 06:58:37 | INFO | fairseq.trainer | Finished saving checkpoint to /content/checkpoints/checkpoint38.pt
epoch 038:  96% 48/50 [00:17<00:00, 11.18it/s]2026-02-26 06:58:50 | INFO | fairseq.checkpoint_utils | Saved checkpoint checkpoints/checkpoint38.pt (epoch 38 @ 1898 updates, score 19.0) (writing took 14.19915366600003 seconds)
2026-02-26 06:58:50 | INFO | fairseq_cli.train | end of epoch 38 (average epoch stats below)
2026-02-26 06:58:50 | INFO | train | epoch 038 | loss 3.797 | nll_loss 2.599 | ppl 6.06 | wps 6174.7 | ups 2.19 | wpb 2816 | bsz 169.6 | num_updates 1898 | lr 0.0004745 | gnorm 1.949 | clip 100 | loss_scale 32 | train_wall 5 | gb_free 13.3 | wall 607
2026-02-26 06:58:50 | INFO | fairseq.tasks.fairseq_task | can_reuse_epoch_itr = True
2026-02-26 06:58:50 | INFO | fairseq.data.iterators | grouped total_num_itrs = 50
epoch 039:   0% 0/50 [00:00<?, ?it/s]2026-02-26 06:58:50 | INFO | fairseq.trainer | begin training epoch 39
2026-02-26 06:58:50 | INFO | fairseq_cli.train | Start iterating over samples
epoch 039:  96% 48/50 [00:04<00:00, 10.83it/s, loss=3.853, nll_loss=2.666, ppl=6.35, wps=7484.2, ups=2.65, wpb=2821.2, bsz=168.9, num_updates=1900, lr=0.000475, gnorm=2.006, clip=100, loss_scale=32, train_wall=10, gb_free=13.3, wall=608]2026-02-26 06:58:55 | INFO | fairseq_cli.train | begin validation on "valid" subset
2026-02-26 06:58:55 | INFO | fairseq.tasks.fairseq_task | can_reuse_epoch_itr = True

epoch 039 | valid on 'valid' subset:   0% 0/4 [00:00<?, ?it/s]
epoch 039 | valid on 'valid' subset:  25% 1/4 [00:00<00:01,  2.28it/s]
epoch 039 | valid on 'valid' subset:  50% 2/4 [00:00<00:00,  2.02it/s]
epoch 039 | valid on 'valid' subset:  75% 3/4 [00:01<00:00,  1.61it/s]
epoch 039 | valid on 'valid' subset: 100% 4/4 [00:03<00:00,  1.10s/it]
                                                                      2026-02-26 06:58:59 | INFO | valid | epoch 039 | valid on 'valid' subset | loss 4.675 | nll_loss 3.38 | ppl 10.41 | bleu 18.65 | wps 2199.5 | wpb 2185.8 | bsz 132 | num_updates 1948 | best_bleu 19
2026-02-26 06:58:59 | INFO | fairseq.checkpoint_utils | Preparing to save checkpoint for epoch 39 @ 1948 updates
2026-02-26 06:58:59 | INFO | fairseq.trainer | Saving checkpoint to /content/checkpoints/checkpoint39.pt
2026-02-26 06:59:00 | INFO | fairseq.trainer | Finished saving checkpoint to /content/checkpoints/checkpoint39.pt
2026-02-26 06:59:02 | INFO | fairseq.checkpoint_utils | Saved checkpoint checkpoints/checkpoint39.pt (epoch 39 @ 1948 updates, score 18.65) (writing took 3.140939466999953 seconds)
2026-02-26 06:59:02 | INFO | fairseq_cli.train | end of epoch 39 (average epoch stats below)
2026-02-26 06:59:02 | INFO | train | epoch 039 | loss 3.727 | nll_loss 2.517 | ppl 5.72 | wps 11970.4 | ups 4.25 | wpb 2816 | bsz 169.6 | num_updates 1948 | lr 0.000487 | gnorm 1.996 | clip 100 | loss_scale 32 | train_wall 5 | gb_free 13.3 | wall 619
2026-02-26 06:59:02 | INFO | fairseq.tasks.fairseq_task | can_reuse_epoch_itr = True
2026-02-26 06:59:02 | INFO | fairseq.data.iterators | grouped total_num_itrs = 50
epoch 040:   0% 0/50 [00:00<?, ?it/s]2026-02-26 06:59:02 | INFO | fairseq.trainer | begin training epoch 40
2026-02-26 06:59:02 | INFO | fairseq_cli.train | Start iterating over samples
epoch 040:  96% 48/50 [00:04<00:00, 10.68it/s]2026-02-26 06:59:07 | INFO | fairseq_cli.train | begin validation on "valid" subset
2026-02-26 06:59:07 | INFO | fairseq.tasks.fairseq_task | can_reuse_epoch_itr = True

epoch 040 | valid on 'valid' subset:   0% 0/4 [00:00<?, ?it/s]
epoch 040 | valid on 'valid' subset:  25% 1/4 [00:00<00:01,  2.23it/s]
epoch 040 | valid on 'valid' subset:  50% 2/4 [00:00<00:00,  2.13it/s]
epoch 040 | valid on 'valid' subset:  75% 3/4 [00:01<00:00,  1.90it/s]
epoch 040 | valid on 'valid' subset: 100% 4/4 [00:03<00:00,  1.08it/s]
                                                                      2026-02-26 06:59:10 | INFO | valid | epoch 040 | valid on 'valid' subset | loss 4.692 | nll_loss 3.387 | ppl 10.46 | bleu 19.04 | wps 2625.5 | wpb 2185.8 | bsz 132 | num_updates 1998 | best_bleu 19.04
2026-02-26 06:59:10 | INFO | fairseq.checkpoint_utils | Preparing to save checkpoint for epoch 40 @ 1998 updates
2026-02-26 06:59:10 | INFO | fairseq.trainer | Saving checkpoint to /content/checkpoints/checkpoint40.pt
2026-02-26 06:59:12 | INFO | fairseq.trainer | Finished saving checkpoint to /content/checkpoints/checkpoint40.pt
2026-02-26 06:59:15 | INFO | fairseq.checkpoint_utils | Saved checkpoint checkpoints/checkpoint40.pt (epoch 40 @ 1998 updates, score 19.04) (writing took 4.870335379000153 seconds)
2026-02-26 06:59:15 | INFO | fairseq_cli.train | end of epoch 40 (average epoch stats below)
2026-02-26 06:59:15 | INFO | train | epoch 040 | loss 3.592 | nll_loss 2.359 | ppl 5.13 | wps 10833.5 | ups 3.85 | wpb 2816 | bsz 169.6 | num_updates 1998 | lr 0.0004995 | gnorm 1.828 | clip 100 | loss_scale 32 | train_wall 5 | gb_free 13.5 | wall 632
2026-02-26 06:59:15 | INFO | fairseq.tasks.fairseq_task | can_reuse_epoch_itr = True
2026-02-26 06:59:15 | INFO | fairseq.data.iterators | grouped total_num_itrs = 50
epoch 041:   0% 0/50 [00:00<?, ?it/s]2026-02-26 06:59:15 | INFO | fairseq.trainer | begin training epoch 41
2026-02-26 06:59:15 | INFO | fairseq_cli.train | Start iterating over samples
epoch 041:  98% 49/50 [00:04<00:00, 10.51it/s, loss=3.658, nll_loss=2.436, ppl=5.41, wps=11352.9, ups=4.03, wpb=2813.9, bsz=170.2, num_updates=2000, lr=0.0005, gnorm=1.91, clip=100, loss_scale=32, train_wall=10, gb_free=13.2, wall=632]2026-02-26 06:59:20 | INFO | fairseq_cli.train | begin validation on "valid" subset
2026-02-26 06:59:20 | INFO | fairseq.tasks.fairseq_task | can_reuse_epoch_itr = True

epoch 041 | valid on 'valid' subset:   0% 0/4 [00:00<?, ?it/s]
epoch 041 | valid on 'valid' subset:  25% 1/4 [00:00<00:01,  1.81it/s]
epoch 041 | valid on 'valid' subset:  50% 2/4 [00:01<00:01,  1.88it/s]
epoch 041 | valid on 'valid' subset:  75% 3/4 [00:01<00:00,  1.43it/s]
epoch 041 | valid on 'valid' subset: 100% 4/4 [00:03<00:00,  1.13s/it]
                                                                      2026-02-26 06:59:24 | INFO | valid | epoch 041 | valid on 'valid' subset | loss 4.742 | nll_loss 3.426 | ppl 10.75 | bleu 18.78 | wps 2143.8 | wpb 2185.8 | bsz 132 | num_updates 2048 | best_bleu 19.04
2026-02-26 06:59:24 | INFO | fairseq.checkpoint_utils | Preparing to save checkpoint for epoch 41 @ 2048 updates
2026-02-26 06:59:24 | INFO | fairseq.trainer | Saving checkpoint to /content/checkpoints/checkpoint41.pt
2026-02-26 06:59:26 | INFO | fairseq.trainer | Finished saving checkpoint to /content/checkpoints/checkpoint41.pt
2026-02-26 06:59:27 | INFO | fairseq.checkpoint_utils | Saved checkpoint checkpoints/checkpoint41.pt (epoch 41 @ 2048 updates, score 18.78) (writing took 2.9743051240000113 seconds)
2026-02-26 06:59:27 | INFO | fairseq_cli.train | end of epoch 41 (average epoch stats below)
2026-02-26 06:59:27 | INFO | train | epoch 041 | loss 3.529 | nll_loss 2.284 | ppl 4.87 | wps 11901.1 | ups 4.23 | wpb 2816 | bsz 169.6 | num_updates 2048 | lr 0.000494106 | gnorm 1.818 | clip 100 | loss_scale 32 | train_wall 5 | gb_free 13.2 | wall 644
2026-02-26 06:59:27 | INFO | fairseq.tasks.fairseq_task | can_reuse_epoch_itr = True
2026-02-26 06:59:27 | INFO | fairseq.data.iterators | grouped total_num_itrs = 50
epoch 042:   0% 0/50 [00:00<?, ?it/s]2026-02-26 06:59:27 | INFO | fairseq.trainer | begin training epoch 42
2026-02-26 06:59:27 | INFO | fairseq_cli.train | Start iterating over samples
epoch 042:  96% 48/50 [00:04<00:00, 10.57it/s]2026-02-26 06:59:32 | INFO | fairseq_cli.train | begin validation on "valid" subset
2026-02-26 06:59:32 | INFO | fairseq.tasks.fairseq_task | can_reuse_epoch_itr = True

epoch 042 | valid on 'valid' subset:   0% 0/4 [00:00<?, ?it/s]
epoch 042 | valid on 'valid' subset:  25% 1/4 [00:00<00:01,  2.35it/s]
epoch 042 | valid on 'valid' subset:  50% 2/4 [00:00<00:00,  2.21it/s]
epoch 042 | valid on 'valid' subset:  75% 3/4 [00:01<00:00,  1.67it/s]
epoch 042 | valid on 'valid' subset: 100% 4/4 [00:02<00:00,  1.13it/s]
                                                                      2026-02-26 06:59:35 | INFO | valid | epoch 042 | valid on 'valid' subset | loss 4.621 | nll_loss 3.29 | ppl 9.78 | bleu 20.45 | wps 2690.4 | wpb 2185.8 | bsz 132 | num_updates 2098 | best_bleu 20.45
2026-02-26 06:59:35 | INFO | fairseq.checkpoint_utils | Preparing to save checkpoint for epoch 42 @ 2098 updates
2026-02-26 06:59:35 | INFO | fairseq.trainer | Saving checkpoint to /content/checkpoints/checkpoint42.pt
2026-02-26 06:59:36 | INFO | fairseq.trainer | Finished saving checkpoint to /content/checkpoints/checkpoint42.pt
2026-02-26 06:59:44 | INFO | fairseq.checkpoint_utils | Saved checkpoint checkpoints/checkpoint42.pt (epoch 42 @ 2098 updates, score 20.45) (writing took 9.605279251999946 seconds)
2026-02-26 06:59:44 | INFO | fairseq_cli.train | end of epoch 42 (average epoch stats below)
2026-02-26 06:59:44 | INFO | train | epoch 042 | loss 3.423 | nll_loss 2.156 | ppl 4.46 | wps 7975.3 | ups 2.83 | wpb 2816 | bsz 169.6 | num_updates 2098 | lr 0.000488183 | gnorm 1.703 | clip 100 | loss_scale 32 | train_wall 5 | gb_free 13.2 | wall 661
2026-02-26 06:59:44 | INFO | fairseq.tasks.fairseq_task | can_reuse_epoch_itr = True
2026-02-26 06:59:44 | INFO | fairseq.data.iterators | grouped total_num_itrs = 50
epoch 043:   0% 0/50 [00:00<?, ?it/s]2026-02-26 06:59:44 | INFO | fairseq.trainer | begin training epoch 43
2026-02-26 06:59:44 | INFO | fairseq_cli.train | Start iterating over samples
epoch 043:  98% 49/50 [00:05<00:00, 10.11it/s, loss=3.47, nll_loss=2.212, ppl=4.63, wps=9541.9, ups=3.39, wpb=2815, bsz=170.2, num_updates=2100, lr=0.00048795, gnorm=1.757, clip=100, loss_scale=32, train_wall=10, gb_free=13.3, wall=662]2026-02-26 06:59:50 | INFO | fairseq_cli.train | begin validation on "valid" subset
2026-02-26 06:59:50 | INFO | fairseq.tasks.fairseq_task | can_reuse_epoch_itr = True

epoch 043 | valid on 'valid' subset:   0% 0/4 [00:00<?, ?it/s]
epoch 043 | valid on 'valid' subset:  25% 1/4 [00:00<00:01,  2.25it/s]
epoch 043 | valid on 'valid' subset:  50% 2/4 [00:00<00:00,  2.20it/s]
epoch 043 | valid on 'valid' subset:  75% 3/4 [00:01<00:00,  1.97it/s]
epoch 043 | valid on 'valid' subset: 100% 4/4 [00:02<00:00,  1.23it/s]
                                                                      2026-02-26 06:59:52 | INFO | valid | epoch 043 | valid on 'valid' subset | loss 4.572 | nll_loss 3.218 | ppl 9.31 | bleu 21.65 | wps 2972 | wpb 2185.8 | bsz 132 | num_updates 2148 | best_bleu 21.65
2026-02-26 06:59:52 | INFO | fairseq.checkpoint_utils | Preparing to save checkpoint for epoch 43 @ 2148 updates
2026-02-26 06:59:52 | INFO | fairseq.trainer | Saving checkpoint to /content/checkpoints/checkpoint43.pt
2026-02-26 06:59:54 | INFO | fairseq.trainer | Finished saving checkpoint to /content/checkpoints/checkpoint43.pt
2026-02-26 07:00:02 | INFO | fairseq.checkpoint_utils | Saved checkpoint checkpoints/checkpoint43.pt (epoch 43 @ 2148 updates, score 21.65) (writing took 9.947526482000058 seconds)
2026-02-26 07:00:02 | INFO | fairseq_cli.train | end of epoch 43 (average epoch stats below)
2026-02-26 07:00:02 | INFO | train | epoch 043 | loss 3.355 | nll_loss 2.076 | ppl 4.22 | wps 7825 | ups 2.78 | wpb 2816 | bsz 169.6 | num_updates 2148 | lr 0.000482467 | gnorm 1.749 | clip 98 | loss_scale 32 | train_wall 5 | gb_free 13.3 | wall 679
2026-02-26 07:00:02 | INFO | fairseq.tasks.fairseq_task | can_reuse_epoch_itr = True
2026-02-26 07:00:02 | INFO | fairseq.data.iterators | grouped total_num_itrs = 50
epoch 044:   0% 0/50 [00:00<?, ?it/s]2026-02-26 07:00:02 | INFO | fairseq.trainer | begin training epoch 44
2026-02-26 07:00:02 | INFO | fairseq_cli.train | Start iterating over samples
epoch 044:  96% 48/50 [00:04<00:00, 10.46it/s]2026-02-26 07:00:07 | INFO | fairseq_cli.train | begin validation on "valid" subset
2026-02-26 07:00:07 | INFO | fairseq.tasks.fairseq_task | can_reuse_epoch_itr = True

epoch 044 | valid on 'valid' subset:   0% 0/4 [00:00<?, ?it/s]
epoch 044 | valid on 'valid' subset:  25% 1/4 [00:00<00:01,  2.19it/s]
epoch 044 | valid on 'valid' subset:  50% 2/4 [00:00<00:01,  2.00it/s]
epoch 044 | valid on 'valid' subset:  75% 3/4 [00:01<00:00,  1.83it/s]
epoch 044 | valid on 'valid' subset: 100% 4/4 [00:02<00:00,  1.21it/s]
                                                                      2026-02-26 07:00:10 | INFO | valid | epoch 044 | valid on 'valid' subset | loss 4.517 | nll_loss 3.162 | ppl 8.95 | bleu 22.83 | wps 2879.6 | wpb 2185.8 | bsz 132 | num_updates 2198 | best_bleu 22.83
2026-02-26 07:00:10 | INFO | fairseq.checkpoint_utils | Preparing to save checkpoint for epoch 44 @ 2198 updates
2026-02-26 07:00:10 | INFO | fairseq.trainer | Saving checkpoint to /content/checkpoints/checkpoint44.pt
2026-02-26 07:00:12 | INFO | fairseq.trainer | Finished saving checkpoint to /content/checkpoints/checkpoint44.pt
2026-02-26 07:00:18 | INFO | fairseq.checkpoint_utils | Saved checkpoint checkpoints/checkpoint44.pt (epoch 44 @ 2198 updates, score 22.83) (writing took 7.880482380999865 seconds)
2026-02-26 07:00:18 | INFO | fairseq_cli.train | end of epoch 44 (average epoch stats below)
2026-02-26 07:00:18 | INFO | train | epoch 044 | loss 3.232 | nll_loss 1.928 | ppl 3.81 | wps 8943.6 | ups 3.18 | wpb 2816 | bsz 169.6 | num_updates 2198 | lr 0.000476948 | gnorm 1.624 | clip 100 | loss_scale 32 | train_wall 5 | gb_free 13.3 | wall 695
2026-02-26 07:00:18 | INFO | fairseq.tasks.fairseq_task | can_reuse_epoch_itr = True
2026-02-26 07:00:18 | INFO | fairseq.data.iterators | grouped total_num_itrs = 50
epoch 045:   0% 0/50 [00:00<?, ?it/s]2026-02-26 07:00:18 | INFO | fairseq.trainer | begin training epoch 45
2026-02-26 07:00:18 | INFO | fairseq_cli.train | Start iterating over samples
epoch 045:  96% 48/50 [00:04<00:00, 10.62it/s, loss=3.282, nll_loss=1.99, ppl=3.97, wps=8363.4, ups=2.96, wpb=2825.1, bsz=171.6, num_updates=2200, lr=0.000476731, gnorm=1.681, clip=99, loss_scale=32, train_wall=10, gb_free=13.2, wall=696]2026-02-26 07:00:23 | INFO | fairseq_cli.train | begin validation on "valid" subset
2026-02-26 07:00:23 | INFO | fairseq.tasks.fairseq_task | can_reuse_epoch_itr = True

epoch 045 | valid on 'valid' subset:   0% 0/4 [00:00<?, ?it/s]
epoch 045 | valid on 'valid' subset:  25% 1/4 [00:00<00:01,  2.51it/s]
epoch 045 | valid on 'valid' subset:  50% 2/4 [00:00<00:00,  2.26it/s]
epoch 045 | valid on 'valid' subset:  75% 3/4 [00:01<00:00,  1.98it/s]
epoch 045 | valid on 'valid' subset: 100% 4/4 [00:02<00:00,  1.36it/s]
                                                                      2026-02-26 07:00:26 | INFO | valid | epoch 045 | valid on 'valid' subset | loss 4.649 | nll_loss 3.298 | ppl 9.84 | bleu 21.1 | wps 3218.5 | wpb 2185.8 | bsz 132 | num_updates 2248 | best_bleu 22.83
2026-02-26 07:00:26 | INFO | fairseq.checkpoint_utils | Preparing to save checkpoint for epoch 45 @ 2248 updates
2026-02-26 07:00:26 | INFO | fairseq.trainer | Saving checkpoint to /content/checkpoints/checkpoint45.pt
2026-02-26 07:00:27 | INFO | fairseq.trainer | Finished saving checkpoint to /content/checkpoints/checkpoint45.pt
2026-02-26 07:00:29 | INFO | fairseq.checkpoint_utils | Saved checkpoint checkpoints/checkpoint45.pt (epoch 45 @ 2248 updates, score 21.1) (writing took 3.4200604559998737 seconds)
2026-02-26 07:00:29 | INFO | fairseq_cli.train | end of epoch 45 (average epoch stats below)
2026-02-26 07:00:29 | INFO | train | epoch 045 | loss 3.116 | nll_loss 1.795 | ppl 3.47 | wps 12785.2 | ups 4.54 | wpb 2816 | bsz 169.6 | num_updates 2248 | lr 0.000471614 | gnorm 1.521 | clip 100 | loss_scale 32 | train_wall 5 | gb_free 13.3 | wall 706
2026-02-26 07:00:29 | INFO | fairseq.tasks.fairseq_task | can_reuse_epoch_itr = True
2026-02-26 07:00:29 | INFO | fairseq.data.iterators | grouped total_num_itrs = 50
epoch 046:   0% 0/50 [00:00<?, ?it/s]2026-02-26 07:00:29 | INFO | fairseq.trainer | begin training epoch 46
2026-02-26 07:00:29 | INFO | fairseq_cli.train | Start iterating over samples
epoch 046:  96% 48/50 [00:04<00:00, 10.83it/s]2026-02-26 07:00:34 | INFO | fairseq_cli.train | begin validation on "valid" subset
2026-02-26 07:00:34 | INFO | fairseq.tasks.fairseq_task | can_reuse_epoch_itr = True

epoch 046 | valid on 'valid' subset:   0% 0/4 [00:00<?, ?it/s]
epoch 046 | valid on 'valid' subset:  25% 1/4 [00:00<00:01,  2.17it/s]
epoch 046 | valid on 'valid' subset:  50% 2/4 [00:01<00:01,  1.95it/s]
epoch 046 | valid on 'valid' subset:  75% 3/4 [00:01<00:00,  1.82it/s]
epoch 046 | valid on 'valid' subset: 100% 4/4 [00:02<00:00,  1.20it/s]
                                                                      2026-02-26 07:00:37 | INFO | valid | epoch 046 | valid on 'valid' subset | loss 4.402 | nll_loss 3.028 | ppl 8.16 | bleu 24.58 | wps 2859.5 | wpb 2185.8 | bsz 132 | num_updates 2298 | best_bleu 24.58
2026-02-26 07:00:37 | INFO | fairseq.checkpoint_utils | Preparing to save checkpoint for epoch 46 @ 2298 updates
2026-02-26 07:00:37 | INFO | fairseq.trainer | Saving checkpoint to /content/checkpoints/checkpoint46.pt
2026-02-26 07:00:41 | INFO | fairseq.trainer | Finished saving checkpoint to /content/checkpoints/checkpoint46.pt
epoch 046:  96% 48/50 [00:15<00:00, 10.83it/s]2026-02-26 07:00:49 | INFO | fairseq.checkpoint_utils | Saved checkpoint checkpoints/checkpoint46.pt (epoch 46 @ 2298 updates, score 24.58) (writing took 11.766041898999902 seconds)
2026-02-26 07:00:49 | INFO | fairseq_cli.train | end of epoch 46 (average epoch stats below)
2026-02-26 07:00:49 | INFO | train | epoch 046 | loss 3.037 | nll_loss 1.702 | ppl 3.25 | wps 7153 | ups 2.54 | wpb 2816 | bsz 169.6 | num_updates 2298 | lr 0.000466455 | gnorm 1.507 | clip 94 | loss_scale 32 | train_wall 5 | gb_free 13.3 | wall 726
2026-02-26 07:00:49 | INFO | fairseq.tasks.fairseq_task | can_reuse_epoch_itr = True
2026-02-26 07:00:49 | INFO | fairseq.data.iterators | grouped total_num_itrs = 50
epoch 047:   0% 0/50 [00:00<?, ?it/s]2026-02-26 07:00:49 | INFO | fairseq.trainer | begin training epoch 47
2026-02-26 07:00:49 | INFO | fairseq_cli.train | Start iterating over samples
epoch 047:  98% 49/50 [00:05<00:00, 10.83it/s, loss=3.072, nll_loss=1.745, ppl=3.35, wps=9143.1, ups=3.26, wpb=2803, bsz=170, num_updates=2300, lr=0.000466252, gnorm=1.511, clip=96, loss_scale=32, train_wall=10, gb_free=13.2, wall=726]2026-02-26 07:00:54 | INFO | fairseq_cli.train | begin validation on "valid" subset
2026-02-26 07:00:54 | INFO | fairseq.tasks.fairseq_task | can_reuse_epoch_itr = True

epoch 047 | valid on 'valid' subset:   0% 0/4 [00:00<?, ?it/s]
epoch 047 | valid on 'valid' subset:  25% 1/4 [00:00<00:01,  2.32it/s]
epoch 047 | valid on 'valid' subset:  50% 2/4 [00:00<00:00,  2.21it/s]
epoch 047 | valid on 'valid' subset:  75% 3/4 [00:01<00:00,  1.88it/s]
epoch 047 | valid on 'valid' subset: 100% 4/4 [00:02<00:00,  1.44it/s]
                                                                      2026-02-26 07:00:57 | INFO | valid | epoch 047 | valid on 'valid' subset | loss 4.375 | nll_loss 2.993 | ppl 7.96 | bleu 25.03 | wps 3386.8 | wpb 2185.8 | bsz 132 | num_updates 2348 | best_bleu 25.03
2026-02-26 07:00:57 | INFO | fairseq.checkpoint_utils | Preparing to save checkpoint for epoch 47 @ 2348 updates
2026-02-26 07:00:57 | INFO | fairseq.trainer | Saving checkpoint to /content/checkpoints/checkpoint47.pt
2026-02-26 07:00:58 | INFO | fairseq.trainer | Finished saving checkpoint to /content/checkpoints/checkpoint47.pt
epoch 047:  98% 49/50 [00:15<00:00, 10.83it/s, loss=3.072, nll_loss=1.745, ppl=3.35, wps=9143.1, ups=3.26, wpb=2803, bsz=170, num_updates=2300, lr=0.000466252, gnorm=1.511, clip=96, loss_scale=32, train_wall=10, gb_free=13.2, wall=726]2026-02-26 07:01:05 | INFO | fairseq.checkpoint_utils | Saved checkpoint checkpoints/checkpoint47.pt (epoch 47 @ 2348 updates, score 25.03) (writing took 7.993803724999907 seconds)
2026-02-26 07:01:05 | INFO | fairseq_cli.train | end of epoch 47 (average epoch stats below)
2026-02-26 07:01:05 | INFO | train | epoch 047 | loss 2.984 | nll_loss 1.639 | ppl 3.11 | wps 8846.3 | ups 3.14 | wpb 2816 | bsz 169.6 | num_updates 2348 | lr 0.000461462 | gnorm 1.518 | clip 94 | loss_scale 32 | train_wall 5 | gb_free 13.5 | wall 742
2026-02-26 07:01:05 | INFO | fairseq.tasks.fairseq_task | can_reuse_epoch_itr = True
2026-02-26 07:01:05 | INFO | fairseq.data.iterators | grouped total_num_itrs = 50
epoch 048:   0% 0/50 [00:00<?, ?it/s]2026-02-26 07:01:05 | INFO | fairseq.trainer | begin training epoch 48
2026-02-26 07:01:05 | INFO | fairseq_cli.train | Start iterating over samples
epoch 048:  98% 49/50 [00:04<00:00, 10.81it/s]2026-02-26 07:01:10 | INFO | fairseq_cli.train | begin validation on "valid" subset
2026-02-26 07:01:10 | INFO | fairseq.tasks.fairseq_task | can_reuse_epoch_itr = True

epoch 048 | valid on 'valid' subset:   0% 0/4 [00:00<?, ?it/s]
epoch 048 | valid on 'valid' subset:  25% 1/4 [00:00<00:01,  2.22it/s]
epoch 048 | valid on 'valid' subset:  50% 2/4 [00:00<00:00,  2.17it/s]
epoch 048 | valid on 'valid' subset:  75% 3/4 [00:01<00:00,  1.93it/s]
epoch 048 | valid on 'valid' subset: 100% 4/4 [00:02<00:00,  1.23it/s]
                                                                      2026-02-26 07:01:13 | INFO | valid | epoch 048 | valid on 'valid' subset | loss 4.414 | nll_loss 3.022 | ppl 8.12 | bleu 25.5 | wps 2966.9 | wpb 2185.8 | bsz 132 | num_updates 2398 | best_bleu 25.5
2026-02-26 07:01:13 | INFO | fairseq.checkpoint_utils | Preparing to save checkpoint for epoch 48 @ 2398 updates
2026-02-26 07:01:13 | INFO | fairseq.trainer | Saving checkpoint to /content/checkpoints/checkpoint48.pt
2026-02-26 07:01:14 | INFO | fairseq.trainer | Finished saving checkpoint to /content/checkpoints/checkpoint48.pt
2026-02-26 07:01:17 | INFO | fairseq.checkpoint_utils | Saved checkpoint checkpoints/checkpoint48.pt (epoch 48 @ 2398 updates, score 25.5) (writing took 4.728385864000074 seconds)
2026-02-26 07:01:17 | INFO | fairseq_cli.train | end of epoch 48 (average epoch stats below)
2026-02-26 07:01:17 | INFO | train | epoch 048 | loss 2.926 | nll_loss 1.573 | ppl 2.98 | wps 11208.4 | ups 3.98 | wpb 2816 | bsz 169.6 | num_updates 2398 | lr 0.000456626 | gnorm 1.531 | clip 96 | loss_scale 32 | train_wall 5 | gb_free 13.3 | wall 754
2026-02-26 07:01:17 | INFO | fairseq.tasks.fairseq_task | can_reuse_epoch_itr = True
2026-02-26 07:01:17 | INFO | fairseq.data.iterators | grouped total_num_itrs = 50
epoch 049:   0% 0/50 [00:00<?, ?it/s]2026-02-26 07:01:17 | INFO | fairseq.trainer | begin training epoch 49
2026-02-26 07:01:17 | INFO | fairseq_cli.train | Start iterating over samples
epoch 049:  96% 48/50 [00:04<00:00, 10.56it/s, loss=2.96, nll_loss=1.611, ppl=3.06, wps=9945.8, ups=3.52, wpb=2825.9, bsz=165.8, num_updates=2400, lr=0.000456435, gnorm=1.529, clip=96, loss_scale=32, train_wall=10, gb_free=13.3, wall=755]2026-02-26 07:01:22 | INFO | fairseq_cli.train | begin validation on "valid" subset
2026-02-26 07:01:22 | INFO | fairseq.tasks.fairseq_task | can_reuse_epoch_itr = True

epoch 049 | valid on 'valid' subset:   0% 0/4 [00:00<?, ?it/s]
epoch 049 | valid on 'valid' subset:  25% 1/4 [00:00<00:01,  2.07it/s]
epoch 049 | valid on 'valid' subset:  50% 2/4 [00:00<00:00,  2.08it/s]
epoch 049 | valid on 'valid' subset:  75% 3/4 [00:01<00:00,  1.84it/s]
epoch 049 | valid on 'valid' subset: 100% 4/4 [00:02<00:00,  1.49it/s]
                                                                      2026-02-26 07:01:25 | INFO | valid | epoch 049 | valid on 'valid' subset | loss 4.336 | nll_loss 2.95 | ppl 7.73 | bleu 25.72 | wps 3509.1 | wpb 2185.8 | bsz 132 | num_updates 2448 | best_bleu 25.72
2026-02-26 07:01:25 | INFO | fairseq.checkpoint_utils | Preparing to save checkpoint for epoch 49 @ 2448 updates
2026-02-26 07:01:25 | INFO | fairseq.trainer | Saving checkpoint to /content/checkpoints/checkpoint49.pt
2026-02-26 07:01:27 | INFO | fairseq.trainer | Finished saving checkpoint to /content/checkpoints/checkpoint49.pt
epoch 049:  96% 48/50 [00:17<00:00, 10.56it/s, loss=2.96, nll_loss=1.611, ppl=3.06, wps=9945.8, ups=3.52, wpb=2825.9, bsz=165.8, num_updates=2400, lr=0.000456435, gnorm=1.529, clip=96, loss_scale=32, train_wall=10, gb_free=13.3, wall=755]2026-02-26 07:01:44 | INFO | fairseq.checkpoint_utils | Saved checkpoint checkpoints/checkpoint49.pt (epoch 49 @ 2448 updates, score 25.72) (writing took 19.078489167000043 seconds)
2026-02-26 07:01:44 | INFO | fairseq_cli.train | end of epoch 49 (average epoch stats below)
2026-02-26 07:01:44 | INFO | train | epoch 049 | loss 2.815 | nll_loss 1.441 | ppl 2.71 | wps 5301.2 | ups 1.88 | wpb 2816 | bsz 169.6 | num_updates 2448 | lr 0.000451938 | gnorm 1.374 | clip 94 | loss_scale 32 | train_wall 5 | gb_free 13.4 | wall 781
2026-02-26 07:01:44 | INFO | fairseq.tasks.fairseq_task | can_reuse_epoch_itr = True
2026-02-26 07:01:44 | INFO | fairseq.data.iterators | grouped total_num_itrs = 50
epoch 050:   0% 0/50 [00:00<?, ?it/s]2026-02-26 07:01:44 | INFO | fairseq.trainer | begin training epoch 50
2026-02-26 07:01:44 | INFO | fairseq_cli.train | Start iterating over samples
epoch 050:  98% 49/50 [00:04<00:00, 10.65it/s]2026-02-26 07:01:49 | INFO | fairseq_cli.train | begin validation on "valid" subset
2026-02-26 07:01:49 | INFO | fairseq.tasks.fairseq_task | can_reuse_epoch_itr = True

epoch 050 | valid on 'valid' subset:   0% 0/4 [00:00<?, ?it/s]
epoch 050 | valid on 'valid' subset:  25% 1/4 [00:00<00:01,  2.27it/s]
epoch 050 | valid on 'valid' subset:  50% 2/4 [00:01<00:01,  1.89it/s]
epoch 050 | valid on 'valid' subset:  75% 3/4 [00:01<00:00,  1.53it/s]
epoch 050 | valid on 'valid' subset: 100% 4/4 [00:03<00:00,  1.10it/s]
                                                                      2026-02-26 07:01:52 | INFO | valid | epoch 050 | valid on 'valid' subset | loss 4.327 | nll_loss 2.919 | ppl 7.56 | bleu 27.54 | wps 2558.1 | wpb 2185.8 | bsz 132 | num_updates 2498 | best_bleu 27.54
2026-02-26 07:01:52 | INFO | fairseq.checkpoint_utils | Preparing to save checkpoint for epoch 50 @ 2498 updates
2026-02-26 07:01:52 | INFO | fairseq.trainer | Saving checkpoint to /content/checkpoints/checkpoint50.pt
2026-02-26 07:01:53 | INFO | fairseq.trainer | Finished saving checkpoint to /content/checkpoints/checkpoint50.pt
2026-02-26 07:02:03 | INFO | fairseq.checkpoint_utils | Saved checkpoint checkpoints/checkpoint50.pt (epoch 50 @ 2498 updates, score 27.54) (writing took 11.123530547999962 seconds)
2026-02-26 07:02:03 | INFO | fairseq_cli.train | end of epoch 50 (average epoch stats below)
2026-02-26 07:02:03 | INFO | train | epoch 050 | loss 2.751 | nll_loss 1.367 | ppl 2.58 | wps 7307.5 | ups 2.59 | wpb 2816 | bsz 169.6 | num_updates 2498 | lr 0.000447393 | gnorm 1.349 | clip 88 | loss_scale 32 | train_wall 5 | gb_free 13.2 | wall 800
2026-02-26 07:02:03 | INFO | fairseq.tasks.fairseq_task | can_reuse_epoch_itr = True
2026-02-26 07:02:03 | INFO | fairseq.data.iterators | grouped total_num_itrs = 50
epoch 051:   0% 0/50 [00:00<?, ?it/s]2026-02-26 07:02:03 | INFO | fairseq.trainer | begin training epoch 51
2026-02-26 07:02:03 | INFO | fairseq_cli.train | Start iterating over samples
epoch 051:  98% 49/50 [00:05<00:00, 10.88it/s, loss=2.775, nll_loss=1.395, ppl=2.63, wps=6092.8, ups=2.17, wpb=2803, bsz=172.4, num_updates=2500, lr=0.000447214, gnorm=1.357, clip=91, loss_scale=32, train_wall=10, gb_free=13.2, wall=801]2026-02-26 07:02:08 | INFO | fairseq_cli.train | begin validation on "valid" subset
2026-02-26 07:02:08 | INFO | fairseq.tasks.fairseq_task | can_reuse_epoch_itr = True

epoch 051 | valid on 'valid' subset:   0% 0/4 [00:00<?, ?it/s]
epoch 051 | valid on 'valid' subset:  25% 1/4 [00:00<00:01,  2.40it/s]
epoch 051 | valid on 'valid' subset:  50% 2/4 [00:00<00:00,  2.24it/s]
epoch 051 | valid on 'valid' subset:  75% 3/4 [00:01<00:00,  1.93it/s]
epoch 051 | valid on 'valid' subset: 100% 4/4 [00:02<00:00,  1.20it/s]
                                                                      2026-02-26 07:02:11 | INFO | valid | epoch 051 | valid on 'valid' subset | loss 4.237 | nll_loss 2.827 | ppl 7.09 | bleu 26.19 | wps 2888.1 | wpb 2185.8 | bsz 132 | num_updates 2548 | best_bleu 27.54
2026-02-26 07:02:11 | INFO | fairseq.checkpoint_utils | Preparing to save checkpoint for epoch 51 @ 2548 updates
2026-02-26 07:02:11 | INFO | fairseq.trainer | Saving checkpoint to /content/checkpoints/checkpoint51.pt
2026-02-26 07:02:13 | INFO | fairseq.trainer | Finished saving checkpoint to /content/checkpoints/checkpoint51.pt
2026-02-26 07:02:14 | INFO | fairseq.checkpoint_utils | Saved checkpoint checkpoints/checkpoint51.pt (epoch 51 @ 2548 updates, score 26.19) (writing took 3.048940313999992 seconds)
2026-02-26 07:02:14 | INFO | fairseq_cli.train | end of epoch 51 (average epoch stats below)
2026-02-26 07:02:14 | INFO | train | epoch 051 | loss 2.682 | nll_loss 1.284 | ppl 2.44 | wps 12609.3 | ups 4.48 | wpb 2816 | bsz 169.6 | num_updates 2548 | lr 0.000442981 | gnorm 1.32 | clip 88 | loss_scale 32 | train_wall 5 | gb_free 13.2 | wall 811
2026-02-26 07:02:14 | INFO | fairseq.tasks.fairseq_task | can_reuse_epoch_itr = True
2026-02-26 07:02:14 | INFO | fairseq.data.iterators | grouped total_num_itrs = 50
epoch 052:   0% 0/50 [00:00<?, ?it/s]2026-02-26 07:02:14 | INFO | fairseq.trainer | begin training epoch 52
2026-02-26 07:02:14 | INFO | fairseq_cli.train | Start iterating over samples
epoch 052:  98% 49/50 [00:05<00:00, 10.34it/s]2026-02-26 07:02:20 | INFO | fairseq_cli.train | begin validation on "valid" subset
2026-02-26 07:02:20 | INFO | fairseq.tasks.fairseq_task | can_reuse_epoch_itr = True

epoch 052 | valid on 'valid' subset:   0% 0/4 [00:00<?, ?it/s]
epoch 052 | valid on 'valid' subset:  25% 1/4 [00:00<00:01,  2.26it/s]
epoch 052 | valid on 'valid' subset:  50% 2/4 [00:00<00:00,  2.17it/s]
epoch 052 | valid on 'valid' subset:  75% 3/4 [00:01<00:00,  1.93it/s]
epoch 052 | valid on 'valid' subset: 100% 4/4 [00:02<00:00,  1.20it/s]
                                                                      2026-02-26 07:02:23 | INFO | valid | epoch 052 | valid on 'valid' subset | loss 4.341 | nll_loss 2.934 | ppl 7.64 | bleu 26.16 | wps 2898.5 | wpb 2185.8 | bsz 132 | num_updates 2598 | best_bleu 27.54
2026-02-26 07:02:23 | INFO | fairseq.checkpoint_utils | Preparing to save checkpoint for epoch 52 @ 2598 updates
2026-02-26 07:02:23 | INFO | fairseq.trainer | Saving checkpoint to /content/checkpoints/checkpoint52.pt
2026-02-26 07:02:24 | INFO | fairseq.trainer | Finished saving checkpoint to /content/checkpoints/checkpoint52.pt
2026-02-26 07:02:26 | INFO | fairseq.checkpoint_utils | Saved checkpoint checkpoints/checkpoint52.pt (epoch 52 @ 2598 updates, score 26.16) (writing took 3.2749803719998454 seconds)
2026-02-26 07:02:26 | INFO | fairseq_cli.train | end of epoch 52 (average epoch stats below)
2026-02-26 07:02:26 | INFO | train | epoch 052 | loss 2.64 | nll_loss 1.238 | ppl 2.36 | wps 12097.5 | ups 4.3 | wpb 2816 | bsz 169.6 | num_updates 2598 | lr 0.000438698 | gnorm 1.357 | clip 80 | loss_scale 32 | train_wall 5 | gb_free 13.2 | wall 823
2026-02-26 07:02:26 | INFO | fairseq.tasks.fairseq_task | can_reuse_epoch_itr = True
2026-02-26 07:02:26 | INFO | fairseq.data.iterators | grouped total_num_itrs = 50
epoch 053:   0% 0/50 [00:00<?, ?it/s]2026-02-26 07:02:26 | INFO | fairseq.trainer | begin training epoch 53
2026-02-26 07:02:26 | INFO | fairseq_cli.train | Start iterating over samples
epoch 053:  98% 49/50 [00:05<00:00, 10.68it/s, loss=2.667, nll_loss=1.268, ppl=2.41, wps=12391.2, ups=4.42, wpb=2805.2, bsz=167, num_updates=2600, lr=0.000438529, gnorm=1.366, clip=84, loss_scale=32, train_wall=10, gb_free=13.6, wall=823]2026-02-26 07:02:31 | INFO | fairseq_cli.train | begin validation on "valid" subset
2026-02-26 07:02:31 | INFO | fairseq.tasks.fairseq_task | can_reuse_epoch_itr = True

epoch 053 | valid on 'valid' subset:   0% 0/4 [00:00<?, ?it/s]
epoch 053 | valid on 'valid' subset:  25% 1/4 [00:00<00:01,  2.28it/s]
epoch 053 | valid on 'valid' subset:  50% 2/4 [00:00<00:00,  2.12it/s]
epoch 053 | valid on 'valid' subset:  75% 3/4 [00:01<00:00,  1.88it/s]
epoch 053 | valid on 'valid' subset: 100% 4/4 [00:02<00:00,  1.21it/s]
                                                                      2026-02-26 07:02:34 | INFO | valid | epoch 053 | valid on 'valid' subset | loss 4.339 | nll_loss 2.941 | ppl 7.68 | bleu 25.44 | wps 2903.4 | wpb 2185.8 | bsz 132 | num_updates 2648 | best_bleu 27.54
2026-02-26 07:02:34 | INFO | fairseq.checkpoint_utils | Preparing to save checkpoint for epoch 53 @ 2648 updates
2026-02-26 07:02:34 | INFO | fairseq.trainer | Saving checkpoint to /content/checkpoints/checkpoint53.pt
2026-02-26 07:02:37 | INFO | fairseq.trainer | Finished saving checkpoint to /content/checkpoints/checkpoint53.pt
epoch 053:  98% 49/50 [00:18<00:00, 10.68it/s, loss=2.667, nll_loss=1.268, ppl=2.41, wps=12391.2, ups=4.42, wpb=2805.2, bsz=167, num_updates=2600, lr=0.000438529, gnorm=1.366, clip=84, loss_scale=32, train_wall=10, gb_free=13.6, wall=823]2026-02-26 07:02:46 | INFO | fairseq.checkpoint_utils | Saved checkpoint checkpoints/checkpoint53.pt (epoch 53 @ 2648 updates, score 25.44) (writing took 11.306256391000034 seconds)
2026-02-26 07:02:46 | INFO | fairseq_cli.train | end of epoch 53 (average epoch stats below)
2026-02-26 07:02:46 | INFO | train | epoch 053 | loss 2.564 | nll_loss 1.148 | ppl 2.22 | wps 7177.8 | ups 2.55 | wpb 2816 | bsz 169.6 | num_updates 2648 | lr 0.000434536 | gnorm 1.259 | clip 80 | loss_scale 32 | train_wall 5 | gb_free 13.3 | wall 843
2026-02-26 07:02:46 | INFO | fairseq.tasks.fairseq_task | can_reuse_epoch_itr = True
2026-02-26 07:02:46 | INFO | fairseq.data.iterators | grouped total_num_itrs = 50
epoch 054:   0% 0/50 [00:00<?, ?it/s]2026-02-26 07:02:46 | INFO | fairseq.trainer | begin training epoch 54
2026-02-26 07:02:46 | INFO | fairseq_cli.train | Start iterating over samples
epoch 054:  98% 49/50 [00:04<00:00, 10.74it/s]2026-02-26 07:02:51 | INFO | fairseq_cli.train | begin validation on "valid" subset
2026-02-26 07:02:51 | INFO | fairseq.tasks.fairseq_task | can_reuse_epoch_itr = True

epoch 054 | valid on 'valid' subset:   0% 0/4 [00:00<?, ?it/s]
epoch 054 | valid on 'valid' subset:  25% 1/4 [00:00<00:01,  2.21it/s]
epoch 054 | valid on 'valid' subset:  50% 2/4 [00:01<00:01,  1.77it/s]
epoch 054 | valid on 'valid' subset:  75% 3/4 [00:02<00:00,  1.14it/s]
epoch 054 | valid on 'valid' subset: 100% 4/4 [00:03<00:00,  1.10s/it]
                                                                      2026-02-26 07:02:54 | INFO | valid | epoch 054 | valid on 'valid' subset | loss 4.256 | nll_loss 2.834 | ppl 7.13 | bleu 26.52 | wps 2073.6 | wpb 2185.8 | bsz 132 | num_updates 2698 | best_bleu 27.54
2026-02-26 07:02:54 | INFO | fairseq.checkpoint_utils | Preparing to save checkpoint for epoch 54 @ 2698 updates
2026-02-26 07:02:54 | INFO | fairseq.trainer | Saving checkpoint to /content/checkpoints/checkpoint54.pt
2026-02-26 07:02:56 | INFO | fairseq.trainer | Finished saving checkpoint to /content/checkpoints/checkpoint54.pt
epoch 054:  98% 49/50 [00:18<00:00, 10.74it/s]2026-02-26 07:03:06 | INFO | fairseq.checkpoint_utils | Saved checkpoint checkpoints/checkpoint54.pt (epoch 54 @ 2698 updates, score 26.52) (writing took 11.767153091999944 seconds)
2026-02-26 07:03:06 | INFO | fairseq_cli.train | end of epoch 54 (average epoch stats below)
2026-02-26 07:03:06 | INFO | train | epoch 054 | loss 2.52 | nll_loss 1.098 | ppl 2.14 | wps 6854 | ups 2.43 | wpb 2816 | bsz 169.6 | num_updates 2698 | lr 0.000430491 | gnorm 1.241 | clip 68 | loss_scale 32 | train_wall 5 | gb_free 13.3 | wall 863
2026-02-26 07:03:06 | INFO | fairseq.tasks.fairseq_task | can_reuse_epoch_itr = True
2026-02-26 07:03:06 | INFO | fairseq.data.iterators | grouped total_num_itrs = 50
epoch 055:   0% 0/50 [00:00<?, ?it/s]2026-02-26 07:03:06 | INFO | fairseq.trainer | begin training epoch 55
2026-02-26 07:03:06 | INFO | fairseq_cli.train | Start iterating over samples
epoch 055:  96% 48/50 [00:04<00:00, 11.07it/s, loss=2.546, nll_loss=1.127, ppl=2.18, wps=7078.5, ups=2.49, wpb=2842.2, bsz=168.8, num_updates=2700, lr=0.000430331, gnorm=1.227, clip=74, loss_scale=32, train_wall=10, gb_free=13.2, wall=863]2026-02-26 07:03:11 | INFO | fairseq_cli.train | begin validation on "valid" subset
2026-02-26 07:03:11 | INFO | fairseq.tasks.fairseq_task | can_reuse_epoch_itr = True

epoch 055 | valid on 'valid' subset:   0% 0/4 [00:00<?, ?it/s]
epoch 055 | valid on 'valid' subset:  25% 1/4 [00:00<00:01,  2.21it/s]
epoch 055 | valid on 'valid' subset:  50% 2/4 [00:00<00:00,  2.15it/s]
epoch 055 | valid on 'valid' subset:  75% 3/4 [00:01<00:00,  1.92it/s]
epoch 055 | valid on 'valid' subset: 100% 4/4 [00:02<00:00,  1.21it/s]
                                                                      2026-02-26 07:03:14 | INFO | valid | epoch 055 | valid on 'valid' subset | loss 4.216 | nll_loss 2.797 | ppl 6.95 | bleu 27.91 | wps 2916.2 | wpb 2185.8 | bsz 132 | num_updates 2748 | best_bleu 27.91
2026-02-26 07:03:14 | INFO | fairseq.checkpoint_utils | Preparing to save checkpoint for epoch 55 @ 2748 updates
2026-02-26 07:03:14 | INFO | fairseq.trainer | Saving checkpoint to /content/checkpoints/checkpoint55.pt
2026-02-26 07:03:16 | INFO | fairseq.trainer | Finished saving checkpoint to /content/checkpoints/checkpoint55.pt
2026-02-26 07:03:19 | INFO | fairseq.checkpoint_utils | Saved checkpoint checkpoints/checkpoint55.pt (epoch 55 @ 2748 updates, score 27.91) (writing took 4.923404972000071 seconds)
2026-02-26 07:03:19 | INFO | fairseq_cli.train | end of epoch 55 (average epoch stats below)
2026-02-26 07:03:19 | INFO | train | epoch 055 | loss 2.462 | nll_loss 1.031 | ppl 2.04 | wps 11062.2 | ups 3.93 | wpb 2816 | bsz 169.6 | num_updates 2748 | lr 0.000426557 | gnorm 1.182 | clip 58 | loss_scale 32 | train_wall 5 | gb_free 13.2 | wall 876
2026-02-26 07:03:19 | INFO | fairseq.tasks.fairseq_task | can_reuse_epoch_itr = True
2026-02-26 07:03:19 | INFO | fairseq.data.iterators | grouped total_num_itrs = 50
epoch 056:   0% 0/50 [00:00<?, ?it/s]2026-02-26 07:03:19 | INFO | fairseq.trainer | begin training epoch 56
2026-02-26 07:03:19 | INFO | fairseq_cli.train | Start iterating over samples
epoch 056:  96% 48/50 [00:04<00:00, 11.02it/s]2026-02-26 07:03:24 | INFO | fairseq_cli.train | begin validation on "valid" subset
2026-02-26 07:03:24 | INFO | fairseq.tasks.fairseq_task | can_reuse_epoch_itr = True

epoch 056 | valid on 'valid' subset:   0% 0/4 [00:00<?, ?it/s]
epoch 056 | valid on 'valid' subset:  25% 1/4 [00:00<00:01,  2.21it/s]
epoch 056 | valid on 'valid' subset:  50% 2/4 [00:00<00:00,  2.11it/s]
epoch 056 | valid on 'valid' subset:  75% 3/4 [00:01<00:00,  1.90it/s]
epoch 056 | valid on 'valid' subset: 100% 4/4 [00:02<00:00,  1.15it/s]
                                                                      2026-02-26 07:03:27 | INFO | valid | epoch 056 | valid on 'valid' subset | loss 4.201 | nll_loss 2.783 | ppl 6.88 | bleu 29.23 | wps 2789.2 | wpb 2185.8 | bsz 132 | num_updates 2798 | best_bleu 29.23
2026-02-26 07:03:27 | INFO | fairseq.checkpoint_utils | Preparing to save checkpoint for epoch 56 @ 2798 updates
2026-02-26 07:03:27 | INFO | fairseq.trainer | Saving checkpoint to /content/checkpoints/checkpoint56.pt
2026-02-26 07:03:28 | INFO | fairseq.trainer | Finished saving checkpoint to /content/checkpoints/checkpoint56.pt
epoch 056:  96% 48/50 [00:15<00:00, 11.02it/s]2026-02-26 07:03:35 | INFO | fairseq.checkpoint_utils | Saved checkpoint checkpoints/checkpoint56.pt (epoch 56 @ 2798 updates, score 29.23) (writing took 7.887461533000078 seconds)
2026-02-26 07:03:35 | INFO | fairseq_cli.train | end of epoch 56 (average epoch stats below)
2026-02-26 07:03:35 | INFO | train | epoch 056 | loss 2.398 | nll_loss 0.957 | ppl 1.94 | wps 8888.5 | ups 3.16 | wpb 2816 | bsz 169.6 | num_updates 2798 | lr 0.000422728 | gnorm 1.094 | clip 44 | loss_scale 32 | train_wall 5 | gb_free 13.3 | wall 892
2026-02-26 07:03:35 | INFO | fairseq.tasks.fairseq_task | can_reuse_epoch_itr = True
2026-02-26 07:03:35 | INFO | fairseq.data.iterators | grouped total_num_itrs = 50
epoch 057:   0% 0/50 [00:00<?, ?it/s]2026-02-26 07:03:35 | INFO | fairseq.trainer | begin training epoch 57
2026-02-26 07:03:35 | INFO | fairseq_cli.train | Start iterating over samples
epoch 057:  98% 49/50 [00:05<00:00,  9.99it/s, loss=2.424, nll_loss=0.987, ppl=1.98, wps=9810.9, ups=3.5, wpb=2805.7, bsz=170.4, num_updates=2800, lr=0.000422577, gnorm=1.141, clip=50, loss_scale=32, train_wall=10, gb_free=13.3, wall=892]2026-02-26 07:03:40 | INFO | fairseq_cli.train | begin validation on "valid" subset
2026-02-26 07:03:40 | INFO | fairseq.tasks.fairseq_task | can_reuse_epoch_itr = True

epoch 057 | valid on 'valid' subset:   0% 0/4 [00:00<?, ?it/s]
epoch 057 | valid on 'valid' subset:  25% 1/4 [00:00<00:01,  1.70it/s]
epoch 057 | valid on 'valid' subset:  50% 2/4 [00:01<00:01,  1.58it/s]
epoch 057 | valid on 'valid' subset:  75% 3/4 [00:01<00:00,  1.55it/s]
epoch 057 | valid on 'valid' subset: 100% 4/4 [00:03<00:00,  1.12it/s]
                                                                      2026-02-26 07:03:43 | INFO | valid | epoch 057 | valid on 'valid' subset | loss 4.17 | nll_loss 2.741 | ppl 6.68 | bleu 28.47 | wps 2655.8 | wpb 2185.8 | bsz 132 | num_updates 2848 | best_bleu 29.23
2026-02-26 07:03:43 | INFO | fairseq.checkpoint_utils | Preparing to save checkpoint for epoch 57 @ 2848 updates
2026-02-26 07:03:43 | INFO | fairseq.trainer | Saving checkpoint to /content/checkpoints/checkpoint57.pt
2026-02-26 07:03:44 | INFO | fairseq.trainer | Finished saving checkpoint to /content/checkpoints/checkpoint57.pt
2026-02-26 07:03:51 | INFO | fairseq.checkpoint_utils | Saved checkpoint checkpoints/checkpoint57.pt (epoch 57 @ 2848 updates, score 28.47) (writing took 8.297033349000003 seconds)
2026-02-26 07:03:51 | INFO | fairseq_cli.train | end of epoch 57 (average epoch stats below)
2026-02-26 07:03:51 | INFO | train | epoch 057 | loss 2.389 | nll_loss 0.947 | ppl 1.93 | wps 8457.8 | ups 3 | wpb 2816 | bsz 169.6 | num_updates 2848 | lr 0.000419001 | gnorm 1.173 | clip 52 | loss_scale 32 | train_wall 5 | gb_free 13.2 | wall 908
2026-02-26 07:03:51 | INFO | fairseq.tasks.fairseq_task | can_reuse_epoch_itr = True
2026-02-26 07:03:51 | INFO | fairseq.data.iterators | grouped total_num_itrs = 50
epoch 058:   0% 0/50 [00:00<?, ?it/s]2026-02-26 07:03:51 | INFO | fairseq.trainer | begin training epoch 58
2026-02-26 07:03:51 | INFO | fairseq_cli.train | Start iterating over samples
epoch 058:  98% 49/50 [00:05<00:00, 10.93it/s]2026-02-26 07:03:57 | INFO | fairseq_cli.train | begin validation on "valid" subset
2026-02-26 07:03:57 | INFO | fairseq.tasks.fairseq_task | can_reuse_epoch_itr = True

epoch 058 | valid on 'valid' subset:   0% 0/4 [00:00<?, ?it/s]
epoch 058 | valid on 'valid' subset:  25% 1/4 [00:00<00:01,  2.18it/s]
epoch 058 | valid on 'valid' subset:  50% 2/4 [00:00<00:00,  2.19it/s]
epoch 058 | valid on 'valid' subset:  75% 3/4 [00:01<00:00,  1.89it/s]
epoch 058 | valid on 'valid' subset: 100% 4/4 [00:02<00:00,  1.43it/s]
                                                                      2026-02-26 07:03:59 | INFO | valid | epoch 058 | valid on 'valid' subset | loss 4.126 | nll_loss 2.699 | ppl 6.5 | bleu 29.48 | wps 3391.4 | wpb 2185.8 | bsz 132 | num_updates 2898 | best_bleu 29.48
2026-02-26 07:03:59 | INFO | fairseq.checkpoint_utils | Preparing to save checkpoint for epoch 58 @ 2898 updates
2026-02-26 07:03:59 | INFO | fairseq.trainer | Saving checkpoint to /content/checkpoints/checkpoint58.pt
2026-02-26 07:04:01 | INFO | fairseq.trainer | Finished saving checkpoint to /content/checkpoints/checkpoint58.pt
2026-02-26 07:04:04 | INFO | fairseq.checkpoint_utils | Saved checkpoint checkpoints/checkpoint58.pt (epoch 58 @ 2898 updates, score 29.48) (writing took 4.87166681199983 seconds)
2026-02-26 07:04:04 | INFO | fairseq_cli.train | end of epoch 58 (average epoch stats below)
2026-02-26 07:04:04 | INFO | train | epoch 058 | loss 2.346 | nll_loss 0.895 | ppl 1.86 | wps 10984.1 | ups 3.9 | wpb 2816 | bsz 169.6 | num_updates 2898 | lr 0.000415371 | gnorm 1.121 | clip 48 | loss_scale 32 | train_wall 5 | gb_free 13.6 | wall 921
2026-02-26 07:04:04 | INFO | fairseq.tasks.fairseq_task | can_reuse_epoch_itr = True
2026-02-26 07:04:04 | INFO | fairseq.data.iterators | grouped total_num_itrs = 50
epoch 059:   0% 0/50 [00:00<?, ?it/s]2026-02-26 07:04:04 | INFO | fairseq.trainer | begin training epoch 59
2026-02-26 07:04:04 | INFO | fairseq_cli.train | Start iterating over samples
epoch 059:  98% 49/50 [00:05<00:00, 10.78it/s, loss=2.361, nll_loss=0.913, ppl=1.88, wps=9540.2, ups=3.38, wpb=2825.4, bsz=170.1, num_updates=2900, lr=0.000415227, gnorm=1.136, clip=49, loss_scale=32, train_wall=10, gb_free=13.3, wall=922]2026-02-26 07:04:10 | INFO | fairseq_cli.train | begin validation on "valid" subset
2026-02-26 07:04:10 | INFO | fairseq.tasks.fairseq_task | can_reuse_epoch_itr = True

epoch 059 | valid on 'valid' subset:   0% 0/4 [00:00<?, ?it/s]
epoch 059 | valid on 'valid' subset:  25% 1/4 [00:00<00:01,  2.33it/s]
epoch 059 | valid on 'valid' subset:  50% 2/4 [00:00<00:00,  2.19it/s]
epoch 059 | valid on 'valid' subset:  75% 3/4 [00:01<00:00,  1.91it/s]
epoch 059 | valid on 'valid' subset: 100% 4/4 [00:02<00:00,  1.22it/s]
                                                                      2026-02-26 07:04:12 | INFO | valid | epoch 059 | valid on 'valid' subset | loss 4.123 | nll_loss 2.701 | ppl 6.5 | bleu 29.34 | wps 2931.6 | wpb 2185.8 | bsz 132 | num_updates 2948 | best_bleu 29.48
2026-02-26 07:04:12 | INFO | fairseq.checkpoint_utils | Preparing to save checkpoint for epoch 59 @ 2948 updates
2026-02-26 07:04:12 | INFO | fairseq.trainer | Saving checkpoint to /content/checkpoints/checkpoint59.pt
2026-02-26 07:04:14 | INFO | fairseq.trainer | Finished saving checkpoint to /content/checkpoints/checkpoint59.pt
2026-02-26 07:04:16 | INFO | fairseq.checkpoint_utils | Saved checkpoint checkpoints/checkpoint59.pt (epoch 59 @ 2948 updates, score 29.34) (writing took 3.3784644770000796 seconds)
2026-02-26 07:04:16 | INFO | fairseq_cli.train | end of epoch 59 (average epoch stats below)
2026-02-26 07:04:16 | INFO | train | epoch 059 | loss 2.29 | nll_loss 0.83 | ppl 1.78 | wps 12160.6 | ups 4.32 | wpb 2816 | bsz 169.6 | num_updates 2948 | lr 0.000411833 | gnorm 1.021 | clip 30 | loss_scale 32 | train_wall 5 | gb_free 13.3 | wall 933
2026-02-26 07:04:16 | INFO | fairseq.tasks.fairseq_task | can_reuse_epoch_itr = True
2026-02-26 07:04:16 | INFO | fairseq.data.iterators | grouped total_num_itrs = 50
epoch 060:   0% 0/50 [00:00<?, ?it/s]2026-02-26 07:04:16 | INFO | fairseq.trainer | begin training epoch 60
2026-02-26 07:04:16 | INFO | fairseq_cli.train | Start iterating over samples
epoch 060:  96% 48/50 [00:05<00:00, 10.82it/s]2026-02-26 07:04:21 | INFO | fairseq_cli.train | begin validation on "valid" subset
2026-02-26 07:04:21 | INFO | fairseq.tasks.fairseq_task | can_reuse_epoch_itr = True

epoch 060 | valid on 'valid' subset:   0% 0/4 [00:00<?, ?it/s]
epoch 060 | valid on 'valid' subset:  25% 1/4 [00:00<00:01,  2.33it/s]
epoch 060 | valid on 'valid' subset:  50% 2/4 [00:00<00:00,  2.18it/s]
epoch 060 | valid on 'valid' subset:  75% 3/4 [00:01<00:00,  1.99it/s]
epoch 060 | valid on 'valid' subset: 100% 4/4 [00:02<00:00,  1.32it/s]
                                                                      2026-02-26 07:04:24 | INFO | valid | epoch 060 | valid on 'valid' subset | loss 4.145 | nll_loss 2.713 | ppl 6.56 | bleu 28.86 | wps 3157.1 | wpb 2185.8 | bsz 132 | num_updates 2998 | best_bleu 29.48
2026-02-26 07:04:24 | INFO | fairseq.checkpoint_utils | Preparing to save checkpoint for epoch 60 @ 2998 updates
2026-02-26 07:04:24 | INFO | fairseq.trainer | Saving checkpoint to /content/checkpoints/checkpoint60.pt
2026-02-26 07:04:25 | INFO | fairseq.trainer | Finished saving checkpoint to /content/checkpoints/checkpoint60.pt
2026-02-26 07:04:30 | INFO | fairseq.checkpoint_utils | Saved checkpoint checkpoints/checkpoint60.pt (epoch 60 @ 2998 updates, score 28.86) (writing took 6.433695870999827 seconds)
2026-02-26 07:04:30 | INFO | fairseq_cli.train | end of epoch 60 (average epoch stats below)
2026-02-26 07:04:30 | INFO | train | epoch 060 | loss 2.275 | nll_loss 0.817 | ppl 1.76 | wps 9668.9 | ups 3.43 | wpb 2816 | bsz 169.6 | num_updates 2998 | lr 0.000408384 | gnorm 1.048 | clip 34 | loss_scale 32 | train_wall 5 | gb_free 13.2 | wall 947
2026-02-26 07:04:30 | INFO | fairseq.tasks.fairseq_task | can_reuse_epoch_itr = True
2026-02-26 07:04:30 | INFO | fairseq.data.iterators | grouped total_num_itrs = 50
epoch 061:   0% 0/50 [00:00<?, ?it/s]2026-02-26 07:04:30 | INFO | fairseq.trainer | begin training epoch 61
2026-02-26 07:04:30 | INFO | fairseq_cli.train | Start iterating over samples
epoch 061:  96% 48/50 [00:04<00:00, 10.79it/s, loss=2.283, nll_loss=0.824, ppl=1.77, wps=10804.3, ups=3.85, wpb=2807.2, bsz=169.4, num_updates=3000, lr=0.000408248, gnorm=1.036, clip=32, loss_scale=32, train_wall=10, gb_free=13.3, wall=948]2026-02-26 07:04:35 | INFO | fairseq_cli.train | begin validation on "valid" subset
2026-02-26 07:04:35 | INFO | fairseq.tasks.fairseq_task | can_reuse_epoch_itr = True

epoch 061 | valid on 'valid' subset:   0% 0/4 [00:00<?, ?it/s]
epoch 061 | valid on 'valid' subset:  25% 1/4 [00:00<00:01,  2.10it/s]
epoch 061 | valid on 'valid' subset:  50% 2/4 [00:00<00:00,  2.15it/s]
epoch 061 | valid on 'valid' subset:  75% 3/4 [00:01<00:00,  1.89it/s]
epoch 061 | valid on 'valid' subset: 100% 4/4 [00:02<00:00,  1.30it/s]
                                                                      2026-02-26 07:04:38 | INFO | valid | epoch 061 | valid on 'valid' subset | loss 4.139 | nll_loss 2.727 | ppl 6.62 | bleu 29.34 | wps 3125.7 | wpb 2185.8 | bsz 132 | num_updates 3048 | best_bleu 29.48
2026-02-26 07:04:38 | INFO | fairseq.checkpoint_utils | Preparing to save checkpoint for epoch 61 @ 3048 updates
2026-02-26 07:04:38 | INFO | fairseq.trainer | Saving checkpoint to /content/checkpoints/checkpoint61.pt
2026-02-26 07:04:39 | INFO | fairseq.trainer | Finished saving checkpoint to /content/checkpoints/checkpoint61.pt
2026-02-26 07:04:42 | INFO | fairseq.checkpoint_utils | Saved checkpoint checkpoints/checkpoint61.pt (epoch 61 @ 3048 updates, score 29.34) (writing took 3.5194602549997853 seconds)
2026-02-26 07:04:42 | INFO | fairseq_cli.train | end of epoch 61 (average epoch stats below)
2026-02-26 07:04:42 | INFO | train | epoch 061 | loss 2.238 | nll_loss 0.773 | ppl 1.71 | wps 12596.8 | ups 4.47 | wpb 2816 | bsz 169.6 | num_updates 3048 | lr 0.000405021 | gnorm 1.015 | clip 28 | loss_scale 32 | train_wall 5 | gb_free 13.3 | wall 959
2026-02-26 07:04:42 | INFO | fairseq.tasks.fairseq_task | can_reuse_epoch_itr = True
2026-02-26 07:04:42 | INFO | fairseq.data.iterators | grouped total_num_itrs = 50
epoch 062:   0% 0/50 [00:00<?, ?it/s]2026-02-26 07:04:42 | INFO | fairseq.trainer | begin training epoch 62
2026-02-26 07:04:42 | INFO | fairseq_cli.train | Start iterating over samples
epoch 062:  96% 48/50 [00:04<00:00, 10.78it/s]2026-02-26 07:04:46 | INFO | fairseq_cli.train | begin validation on "valid" subset
2026-02-26 07:04:46 | INFO | fairseq.tasks.fairseq_task | can_reuse_epoch_itr = True

epoch 062 | valid on 'valid' subset:   0% 0/4 [00:00<?, ?it/s]
epoch 062 | valid on 'valid' subset:  25% 1/4 [00:00<00:01,  2.22it/s]
epoch 062 | valid on 'valid' subset:  50% 2/4 [00:00<00:00,  2.25it/s]
epoch 062 | valid on 'valid' subset:  75% 3/4 [00:01<00:00,  1.91it/s]
epoch 062 | valid on 'valid' subset: 100% 4/4 [00:02<00:00,  1.57it/s]
                                                                      2026-02-26 07:04:49 | INFO | valid | epoch 062 | valid on 'valid' subset | loss 4.121 | nll_loss 2.706 | ppl 6.53 | bleu 30.52 | wps 3698.7 | wpb 2185.8 | bsz 132 | num_updates 3098 | best_bleu 30.52
2026-02-26 07:04:49 | INFO | fairseq.checkpoint_utils | Preparing to save checkpoint for epoch 62 @ 3098 updates
2026-02-26 07:04:49 | INFO | fairseq.trainer | Saving checkpoint to /content/checkpoints/checkpoint62.pt
2026-02-26 07:04:50 | INFO | fairseq.trainer | Finished saving checkpoint to /content/checkpoints/checkpoint62.pt
2026-02-26 07:04:58 | INFO | fairseq.checkpoint_utils | Saved checkpoint checkpoints/checkpoint62.pt (epoch 62 @ 3098 updates, score 30.52) (writing took 8.939451294000037 seconds)
2026-02-26 07:04:58 | INFO | fairseq_cli.train | end of epoch 62 (average epoch stats below)
2026-02-26 07:04:58 | INFO | train | epoch 062 | loss 2.205 | nll_loss 0.735 | ppl 1.66 | wps 8667 | ups 3.08 | wpb 2816 | bsz 169.6 | num_updates 3098 | lr 0.000401739 | gnorm 0.981 | clip 22 | loss_scale 32 | train_wall 5 | gb_free 13.2 | wall 975
2026-02-26 07:04:58 | INFO | fairseq.tasks.fairseq_task | can_reuse_epoch_itr = True
2026-02-26 07:04:58 | INFO | fairseq.data.iterators | grouped total_num_itrs = 50
epoch 063:   0% 0/50 [00:00<?, ?it/s]2026-02-26 07:04:58 | INFO | fairseq.trainer | begin training epoch 63
2026-02-26 07:04:58 | INFO | fairseq_cli.train | Start iterating over samples
epoch 063:  96% 48/50 [00:04<00:00, 10.86it/s, loss=2.217, nll_loss=0.75, ppl=1.68, wps=10237.8, ups=3.64, wpb=2811.3, bsz=173.3, num_updates=3100, lr=0.00040161, gnorm=0.996, clip=25, loss_scale=32, train_wall=10, gb_free=13.4, wall=975]2026-02-26 07:05:03 | INFO | fairseq_cli.train | begin validation on "valid" subset
2026-02-26 07:05:03 | INFO | fairseq.tasks.fairseq_task | can_reuse_epoch_itr = True

epoch 063 | valid on 'valid' subset:   0% 0/4 [00:00<?, ?it/s]
epoch 063 | valid on 'valid' subset:  25% 1/4 [00:00<00:01,  2.35it/s]
epoch 063 | valid on 'valid' subset:  50% 2/4 [00:00<00:01,  1.98it/s]
epoch 063 | valid on 'valid' subset:  75% 3/4 [00:01<00:00,  1.53it/s]
epoch 063 | valid on 'valid' subset: 100% 4/4 [00:03<00:00,  1.01s/it]
                                                                      2026-02-26 07:05:06 | INFO | valid | epoch 063 | valid on 'valid' subset | loss 4.132 | nll_loss 2.724 | ppl 6.61 | bleu 29.8 | wps 2331.7 | wpb 2185.8 | bsz 132 | num_updates 3148 | best_bleu 30.52
2026-02-26 07:05:06 | INFO | fairseq.checkpoint_utils | Preparing to save checkpoint for epoch 63 @ 3148 updates
2026-02-26 07:05:06 | INFO | fairseq.trainer | Saving checkpoint to /content/checkpoints/checkpoint63.pt
2026-02-26 07:05:07 | INFO | fairseq.trainer | Finished saving checkpoint to /content/checkpoints/checkpoint63.pt
2026-02-26 07:05:09 | INFO | fairseq.checkpoint_utils | Saved checkpoint checkpoints/checkpoint63.pt (epoch 63 @ 3148 updates, score 29.8) (writing took 3.335121951000019 seconds)
2026-02-26 07:05:09 | INFO | fairseq_cli.train | end of epoch 63 (average epoch stats below)
2026-02-26 07:05:09 | INFO | train | epoch 063 | loss 2.17 | nll_loss 0.698 | ppl 1.62 | wps 11997.6 | ups 4.26 | wpb 2816 | bsz 169.6 | num_updates 3148 | lr 0.000398536 | gnorm 0.954 | clip 18 | loss_scale 32 | train_wall 5 | gb_free 13.2 | wall 986
2026-02-26 07:05:09 | INFO | fairseq.tasks.fairseq_task | can_reuse_epoch_itr = True
2026-02-26 07:05:09 | INFO | fairseq.data.iterators | grouped total_num_itrs = 50
epoch 064:   0% 0/50 [00:00<?, ?it/s]2026-02-26 07:05:10 | INFO | fairseq.trainer | begin training epoch 64
2026-02-26 07:05:10 | INFO | fairseq_cli.train | Start iterating over samples
epoch 064:  96% 48/50 [00:04<00:00, 10.64it/s]2026-02-26 07:05:14 | INFO | fairseq_cli.train | begin validation on "valid" subset
2026-02-26 07:05:14 | INFO | fairseq.tasks.fairseq_task | can_reuse_epoch_itr = True

epoch 064 | valid on 'valid' subset:   0% 0/4 [00:00<?, ?it/s]
epoch 064 | valid on 'valid' subset:  25% 1/4 [00:00<00:01,  2.31it/s]
epoch 064 | valid on 'valid' subset:  50% 2/4 [00:00<00:00,  2.09it/s]
epoch 064 | valid on 'valid' subset:  75% 3/4 [00:01<00:00,  1.59it/s]
epoch 064 | valid on 'valid' subset: 100% 4/4 [00:02<00:00,  1.20it/s]
                                                                      2026-02-26 07:05:17 | INFO | valid | epoch 064 | valid on 'valid' subset | loss 4.112 | nll_loss 2.701 | ppl 6.5 | bleu 29.48 | wps 2787.9 | wpb 2185.8 | bsz 132 | num_updates 3198 | best_bleu 30.52
2026-02-26 07:05:17 | INFO | fairseq.checkpoint_utils | Preparing to save checkpoint for epoch 64 @ 3198 updates
2026-02-26 07:05:17 | INFO | fairseq.trainer | Saving checkpoint to /content/checkpoints/checkpoint64.pt
2026-02-26 07:05:19 | INFO | fairseq.trainer | Finished saving checkpoint to /content/checkpoints/checkpoint64.pt
2026-02-26 07:05:24 | INFO | fairseq.checkpoint_utils | Saved checkpoint checkpoints/checkpoint64.pt (epoch 64 @ 3198 updates, score 29.48) (writing took 6.168953107999869 seconds)
2026-02-26 07:05:24 | INFO | fairseq_cli.train | end of epoch 64 (average epoch stats below)
2026-02-26 07:05:24 | INFO | train | epoch 064 | loss 2.15 | nll_loss 0.676 | ppl 1.6 | wps 9998.2 | ups 3.55 | wpb 2816 | bsz 169.6 | num_updates 3198 | lr 0.000395408 | gnorm 0.946 | clip 22 | loss_scale 32 | train_wall 5 | gb_free 13.2 | wall 1001
2026-02-26 07:05:24 | INFO | fairseq.tasks.fairseq_task | can_reuse_epoch_itr = True
2026-02-26 07:05:24 | INFO | fairseq.data.iterators | grouped total_num_itrs = 50
epoch 065:   0% 0/50 [00:00<?, ?it/s]2026-02-26 07:05:24 | INFO | fairseq.trainer | begin training epoch 65
2026-02-26 07:05:24 | INFO | fairseq_cli.train | Start iterating over samples
epoch 065:  96% 48/50 [00:04<00:00, 10.32it/s, loss=2.165, nll_loss=0.692, ppl=1.62, wps=10923.5, ups=3.88, wpb=2818.8, bsz=166.7, num_updates=3200, lr=0.000395285, gnorm=0.955, clip=21, loss_scale=32, train_wall=10, gb_free=13.3, wall=1001]2026-02-26 07:05:29 | INFO | fairseq_cli.train | begin validation on "valid" subset
2026-02-26 07:05:29 | INFO | fairseq.tasks.fairseq_task | can_reuse_epoch_itr = True

epoch 065 | valid on 'valid' subset:   0% 0/4 [00:00<?, ?it/s]
epoch 065 | valid on 'valid' subset:  25% 1/4 [00:00<00:01,  1.68it/s]
epoch 065 | valid on 'valid' subset:  50% 2/4 [00:01<00:01,  1.59it/s]
epoch 065 | valid on 'valid' subset:  75% 3/4 [00:01<00:00,  1.46it/s]
epoch 065 | valid on 'valid' subset: 100% 4/4 [00:03<00:00,  1.05it/s]
                                                                      2026-02-26 07:05:32 | INFO | valid | epoch 065 | valid on 'valid' subset | loss 4.141 | nll_loss 2.729 | ppl 6.63 | bleu 29.22 | wps 2485.5 | wpb 2185.8 | bsz 132 | num_updates 3248 | best_bleu 30.52
2026-02-26 07:05:32 | INFO | fairseq.checkpoint_utils | Preparing to save checkpoint for epoch 65 @ 3248 updates
2026-02-26 07:05:32 | INFO | fairseq.trainer | Saving checkpoint to /content/checkpoints/checkpoint65.pt
2026-02-26 07:05:33 | INFO | fairseq.trainer | Finished saving checkpoint to /content/checkpoints/checkpoint65.pt
2026-02-26 07:05:36 | INFO | fairseq.checkpoint_utils | Saved checkpoint checkpoints/checkpoint65.pt (epoch 65 @ 3248 updates, score 29.22) (writing took 4.174265490999915 seconds)
2026-02-26 07:05:36 | INFO | fairseq_cli.train | end of epoch 65 (average epoch stats below)
2026-02-26 07:05:36 | INFO | train | epoch 065 | loss 2.13 | nll_loss 0.652 | ppl 1.57 | wps 11151 | ups 3.96 | wpb 2816 | bsz 169.6 | num_updates 3248 | lr 0.000392353 | gnorm 0.928 | clip 20 | loss_scale 32 | train_wall 5 | gb_free 13.3 | wall 1013
2026-02-26 07:05:36 | INFO | fairseq.tasks.fairseq_task | can_reuse_epoch_itr = True
2026-02-26 07:05:36 | INFO | fairseq.data.iterators | grouped total_num_itrs = 50
epoch 066:   0% 0/50 [00:00<?, ?it/s]2026-02-26 07:05:36 | INFO | fairseq.trainer | begin training epoch 66
2026-02-26 07:05:36 | INFO | fairseq_cli.train | Start iterating over samples
epoch 066:  98% 49/50 [00:04<00:00, 10.07it/s]2026-02-26 07:05:41 | INFO | fairseq_cli.train | begin validation on "valid" subset
2026-02-26 07:05:41 | INFO | fairseq.tasks.fairseq_task | can_reuse_epoch_itr = True

epoch 066 | valid on 'valid' subset:   0% 0/4 [00:00<?, ?it/s]
epoch 066 | valid on 'valid' subset:  25% 1/4 [00:00<00:01,  1.62it/s]
epoch 066 | valid on 'valid' subset:  50% 2/4 [00:01<00:01,  1.66it/s]
epoch 066 | valid on 'valid' subset:  75% 3/4 [00:01<00:00,  1.71it/s]
epoch 066 | valid on 'valid' subset: 100% 4/4 [00:02<00:00,  1.53it/s]
                                                                      2026-02-26 07:05:44 | INFO | valid | epoch 066 | valid on 'valid' subset | loss 4.111 | nll_loss 2.72 | ppl 6.59 | bleu 29.78 | wps 3609.8 | wpb 2185.8 | bsz 132 | num_updates 3298 | best_bleu 30.52
2026-02-26 07:05:44 | INFO | fairseq.checkpoint_utils | Preparing to save checkpoint for epoch 66 @ 3298 updates
2026-02-26 07:05:44 | INFO | fairseq.trainer | Saving checkpoint to /content/checkpoints/checkpoint66.pt
2026-02-26 07:05:45 | INFO | fairseq.trainer | Finished saving checkpoint to /content/checkpoints/checkpoint66.pt
2026-02-26 07:05:48 | INFO | fairseq.checkpoint_utils | Saved checkpoint checkpoints/checkpoint66.pt (epoch 66 @ 3298 updates, score 29.78) (writing took 3.938731602999951 seconds)
2026-02-26 07:05:48 | INFO | fairseq_cli.train | end of epoch 66 (average epoch stats below)
2026-02-26 07:05:48 | INFO | train | epoch 066 | loss 2.109 | nll_loss 0.631 | ppl 1.55 | wps 12172.8 | ups 4.32 | wpb 2816 | bsz 169.6 | num_updates 3298 | lr 0.000389367 | gnorm 0.896 | clip 18 | loss_scale 32 | train_wall 5 | gb_free 13.2 | wall 1025
2026-02-26 07:05:48 | INFO | fairseq.tasks.fairseq_task | can_reuse_epoch_itr = True
2026-02-26 07:05:48 | INFO | fairseq.data.iterators | grouped total_num_itrs = 50
epoch 067:   0% 0/50 [00:00<?, ?it/s]2026-02-26 07:05:48 | INFO | fairseq.trainer | begin training epoch 67
2026-02-26 07:05:48 | INFO | fairseq_cli.train | Start iterating over samples
epoch 067:  96% 48/50 [00:04<00:00, 10.39it/s, loss=2.118, nll_loss=0.64, ppl=1.56, wps=11715.6, ups=4.14, wpb=2830.5, bsz=169.3, num_updates=3300, lr=0.000389249, gnorm=0.908, clip=18, loss_scale=32, train_wall=10, gb_free=13.2, wall=1025]2026-02-26 07:05:53 | INFO | fairseq_cli.train | begin validation on "valid" subset
2026-02-26 07:05:53 | INFO | fairseq.tasks.fairseq_task | can_reuse_epoch_itr = True

epoch 067 | valid on 'valid' subset:   0% 0/4 [00:00<?, ?it/s]
epoch 067 | valid on 'valid' subset:  25% 1/4 [00:00<00:01,  1.78it/s]
epoch 067 | valid on 'valid' subset:  50% 2/4 [00:01<00:01,  1.67it/s]
epoch 067 | valid on 'valid' subset:  75% 3/4 [00:01<00:00,  1.57it/s]
epoch 067 | valid on 'valid' subset: 100% 4/4 [00:02<00:00,  1.24it/s]
                                                                      2026-02-26 07:05:56 | INFO | valid | epoch 067 | valid on 'valid' subset | loss 4.083 | nll_loss 2.656 | ppl 6.3 | bleu 30.67 | wps 2912.3 | wpb 2185.8 | bsz 132 | num_updates 3348 | best_bleu 30.67
2026-02-26 07:05:56 | INFO | fairseq.checkpoint_utils | Preparing to save checkpoint for epoch 67 @ 3348 updates
2026-02-26 07:05:56 | INFO | fairseq.trainer | Saving checkpoint to /content/checkpoints/checkpoint67.pt
2026-02-26 07:05:57 | INFO | fairseq.trainer | Finished saving checkpoint to /content/checkpoints/checkpoint67.pt
epoch 067:  96% 48/50 [00:16<00:00, 10.39it/s, loss=2.118, nll_loss=0.64, ppl=1.56, wps=11715.6, ups=4.14, wpb=2830.5, bsz=169.3, num_updates=3300, lr=0.000389249, gnorm=0.908, clip=18, loss_scale=32, train_wall=10, gb_free=13.2, wall=1025]2026-02-26 07:06:07 | INFO | fairseq.checkpoint_utils | Saved checkpoint checkpoints/checkpoint67.pt (epoch 67 @ 3348 updates, score 30.67) (writing took 10.771636913000066 seconds)
2026-02-26 07:06:07 | INFO | fairseq_cli.train | end of epoch 67 (average epoch stats below)
2026-02-26 07:06:07 | INFO | train | epoch 067 | loss 2.08 | nll_loss 0.6 | ppl 1.52 | wps 7475.8 | ups 2.65 | wpb 2816 | bsz 169.6 | num_updates 3348 | lr 0.000386449 | gnorm 0.872 | clip 14 | loss_scale 32 | train_wall 5 | gb_free 13.2 | wall 1044
2026-02-26 07:06:07 | INFO | fairseq.tasks.fairseq_task | can_reuse_epoch_itr = True
2026-02-26 07:06:07 | INFO | fairseq.data.iterators | grouped total_num_itrs = 50
epoch 068:   0% 0/50 [00:00<?, ?it/s]2026-02-26 07:06:07 | INFO | fairseq.trainer | begin training epoch 68
2026-02-26 07:06:07 | INFO | fairseq_cli.train | Start iterating over samples
epoch 068:  98% 49/50 [00:04<00:00, 10.77it/s]2026-02-26 07:06:12 | INFO | fairseq_cli.train | begin validation on "valid" subset
2026-02-26 07:06:12 | INFO | fairseq.tasks.fairseq_task | can_reuse_epoch_itr = True

epoch 068 | valid on 'valid' subset:   0% 0/4 [00:00<?, ?it/s]
epoch 068 | valid on 'valid' subset:  25% 1/4 [00:00<00:01,  2.21it/s]
epoch 068 | valid on 'valid' subset:  50% 2/4 [00:00<00:00,  2.19it/s]
epoch 068 | valid on 'valid' subset:  75% 3/4 [00:01<00:00,  2.00it/s]
epoch 068 | valid on 'valid' subset: 100% 4/4 [00:02<00:00,  1.26it/s]
                                                                      2026-02-26 07:06:14 | INFO | valid | epoch 068 | valid on 'valid' subset | loss 4.057 | nll_loss 2.653 | ppl 6.29 | bleu 30.2 | wps 3058 | wpb 2185.8 | bsz 132 | num_updates 3398 | best_bleu 30.67
2026-02-26 07:06:14 | INFO | fairseq.checkpoint_utils | Preparing to save checkpoint for epoch 68 @ 3398 updates
2026-02-26 07:06:14 | INFO | fairseq.trainer | Saving checkpoint to /content/checkpoints/checkpoint68.pt
2026-02-26 07:06:16 | INFO | fairseq.trainer | Finished saving checkpoint to /content/checkpoints/checkpoint68.pt
2026-02-26 07:06:17 | INFO | fairseq.checkpoint_utils | Saved checkpoint checkpoints/checkpoint68.pt (epoch 68 @ 3398 updates, score 30.2) (writing took 3.0832629499998347 seconds)
2026-02-26 07:06:17 | INFO | fairseq_cli.train | end of epoch 68 (average epoch stats below)
2026-02-26 07:06:17 | INFO | train | epoch 068 | loss 2.068 | nll_loss 0.585 | ppl 1.5 | wps 13072 | ups 4.64 | wpb 2816 | bsz 169.6 | num_updates 3398 | lr 0.000383595 | gnorm 0.855 | clip 12 | loss_scale 32 | train_wall 5 | gb_free 13.3 | wall 1054
2026-02-26 07:06:17 | INFO | fairseq.tasks.fairseq_task | can_reuse_epoch_itr = True
2026-02-26 07:06:17 | INFO | fairseq.data.iterators | grouped total_num_itrs = 50
epoch 069:   0% 0/50 [00:00<?, ?it/s]2026-02-26 07:06:17 | INFO | fairseq.trainer | begin training epoch 69
2026-02-26 07:06:17 | INFO | fairseq_cli.train | Start iterating over samples
epoch 069:  98% 49/50 [00:05<00:00, 10.85it/s, loss=2.073, nll_loss=0.592, ppl=1.51, wps=9408.2, ups=3.36, wpb=2799.9, bsz=168.6, num_updates=3400, lr=0.000383482, gnorm=0.865, clip=14, loss_scale=32, train_wall=10, gb_free=13.3, wall=1055]2026-02-26 07:06:23 | INFO | fairseq_cli.train | begin validation on "valid" subset
2026-02-26 07:06:23 | INFO | fairseq.tasks.fairseq_task | can_reuse_epoch_itr = True

epoch 069 | valid on 'valid' subset:   0% 0/4 [00:00<?, ?it/s]
epoch 069 | valid on 'valid' subset:  25% 1/4 [00:00<00:01,  2.35it/s]
epoch 069 | valid on 'valid' subset:  50% 2/4 [00:00<00:00,  2.23it/s]
epoch 069 | valid on 'valid' subset:  75% 3/4 [00:01<00:00,  1.80it/s]
epoch 069 | valid on 'valid' subset: 100% 4/4 [00:02<00:00,  1.45it/s]
                                                                      2026-02-26 07:06:25 | INFO | valid | epoch 069 | valid on 'valid' subset | loss 4.085 | nll_loss 2.684 | ppl 6.43 | bleu 29.88 | wps 3384.5 | wpb 2185.8 | bsz 132 | num_updates 3448 | best_bleu 30.67
2026-02-26 07:06:25 | INFO | fairseq.checkpoint_utils | Preparing to save checkpoint for epoch 69 @ 3448 updates
2026-02-26 07:06:25 | INFO | fairseq.trainer | Saving checkpoint to /content/checkpoints/checkpoint69.pt
2026-02-26 07:06:26 | INFO | fairseq.trainer | Finished saving checkpoint to /content/checkpoints/checkpoint69.pt
2026-02-26 07:06:31 | INFO | fairseq.checkpoint_utils | Saved checkpoint checkpoints/checkpoint69.pt (epoch 69 @ 3448 updates, score 29.88) (writing took 5.478859285999988 seconds)
2026-02-26 07:06:31 | INFO | fairseq_cli.train | end of epoch 69 (average epoch stats below)
2026-02-26 07:06:31 | INFO | train | epoch 069 | loss 2.05 | nll_loss 0.568 | ppl 1.48 | wps 10684.3 | ups 3.79 | wpb 2816 | bsz 169.6 | num_updates 3448 | lr 0.000380804 | gnorm 0.839 | clip 16 | loss_scale 32 | train_wall 5 | gb_free 13.2 | wall 1068
2026-02-26 07:06:31 | INFO | fairseq.tasks.fairseq_task | can_reuse_epoch_itr = True
2026-02-26 07:06:31 | INFO | fairseq.data.iterators | grouped total_num_itrs = 50
epoch 070:   0% 0/50 [00:00<?, ?it/s]2026-02-26 07:06:31 | INFO | fairseq.trainer | begin training epoch 70
2026-02-26 07:06:31 | INFO | fairseq_cli.train | Start iterating over samples
epoch 070:  96% 48/50 [00:04<00:00, 10.51it/s]2026-02-26 07:06:36 | INFO | fairseq_cli.train | begin validation on "valid" subset
2026-02-26 07:06:36 | INFO | fairseq.tasks.fairseq_task | can_reuse_epoch_itr = True

epoch 070 | valid on 'valid' subset:   0% 0/4 [00:00<?, ?it/s]
epoch 070 | valid on 'valid' subset:  25% 1/4 [00:00<00:01,  2.31it/s]
epoch 070 | valid on 'valid' subset:  50% 2/4 [00:00<00:00,  2.16it/s]
epoch 070 | valid on 'valid' subset:  75% 3/4 [00:01<00:00,  1.73it/s]
epoch 070 | valid on 'valid' subset: 100% 4/4 [00:02<00:00,  1.46it/s]
                                                                      2026-02-26 07:06:38 | INFO | valid | epoch 070 | valid on 'valid' subset | loss 4.043 | nll_loss 2.631 | ppl 6.19 | bleu 30.32 | wps 3378.1 | wpb 2185.8 | bsz 132 | num_updates 3498 | best_bleu 30.67
2026-02-26 07:06:38 | INFO | fairseq.checkpoint_utils | Preparing to save checkpoint for epoch 70 @ 3498 updates
2026-02-26 07:06:38 | INFO | fairseq.trainer | Saving checkpoint to /content/checkpoints/checkpoint70.pt
2026-02-26 07:06:39 | INFO | fairseq.trainer | Finished saving checkpoint to /content/checkpoints/checkpoint70.pt
2026-02-26 07:06:41 | INFO | fairseq.checkpoint_utils | Saved checkpoint checkpoints/checkpoint70.pt (epoch 70 @ 3498 updates, score 30.32) (writing took 3.0826399039999615 seconds)
2026-02-26 07:06:41 | INFO | fairseq_cli.train | end of epoch 70 (average epoch stats below)
2026-02-26 07:06:41 | INFO | train | epoch 070 | loss 2.037 | nll_loss 0.557 | ppl 1.47 | wps 13320.9 | ups 4.73 | wpb 2816 | bsz 169.6 | num_updates 3498 | lr 0.000378073 | gnorm 0.845 | clip 12 | loss_scale 32 | train_wall 5 | gb_free 13.2 | wall 1078
2026-02-26 07:06:41 | INFO | fairseq.tasks.fairseq_task | can_reuse_epoch_itr = True
2026-02-26 07:06:41 | INFO | fairseq.data.iterators | grouped total_num_itrs = 50
epoch 071:   0% 0/50 [00:00<?, ?it/s]2026-02-26 07:06:41 | INFO | fairseq.trainer | begin training epoch 71
2026-02-26 07:06:41 | INFO | fairseq_cli.train | Start iterating over samples
epoch 071:  96% 48/50 [00:04<00:00, 10.59it/s, loss=2.043, nll_loss=0.561, ppl=1.48, wps=11849.4, ups=4.21, wpb=2813.3, bsz=169.3, num_updates=3500, lr=0.000377964, gnorm=0.842, clip=14, loss_scale=32, train_wall=10, gb_free=13.3, wall=1079]2026-02-26 07:06:46 | INFO | fairseq_cli.train | begin validation on "valid" subset
2026-02-26 07:06:46 | INFO | fairseq.tasks.fairseq_task | can_reuse_epoch_itr = True

epoch 071 | valid on 'valid' subset:   0% 0/4 [00:00<?, ?it/s]
epoch 071 | valid on 'valid' subset:  25% 1/4 [00:00<00:01,  2.38it/s]
epoch 071 | valid on 'valid' subset:  50% 2/4 [00:00<00:00,  2.27it/s]
epoch 071 | valid on 'valid' subset:  75% 3/4 [00:01<00:00,  1.96it/s]
epoch 071 | valid on 'valid' subset: 100% 4/4 [00:02<00:00,  1.28it/s]
                                                                      2026-02-26 07:06:49 | INFO | valid | epoch 071 | valid on 'valid' subset | loss 4.025 | nll_loss 2.624 | ppl 6.17 | bleu 30.8 | wps 3082.3 | wpb 2185.8 | bsz 132 | num_updates 3548 | best_bleu 30.8
2026-02-26 07:06:49 | INFO | fairseq.checkpoint_utils | Preparing to save checkpoint for epoch 71 @ 3548 updates
2026-02-26 07:06:49 | INFO | fairseq.trainer | Saving checkpoint to /content/checkpoints/checkpoint71.pt
2026-02-26 07:06:50 | INFO | fairseq.trainer | Finished saving checkpoint to /content/checkpoints/checkpoint71.pt
2026-02-26 07:07:00 | INFO | fairseq.checkpoint_utils | Saved checkpoint checkpoints/checkpoint71.pt (epoch 71 @ 3548 updates, score 30.8) (writing took 10.830205785999851 seconds)
2026-02-26 07:07:00 | INFO | fairseq_cli.train | end of epoch 71 (average epoch stats below)
2026-02-26 07:07:00 | INFO | train | epoch 071 | loss 2.012 | nll_loss 0.528 | ppl 1.44 | wps 7537.5 | ups 2.68 | wpb 2816 | bsz 169.6 | num_updates 3548 | lr 0.000375399 | gnorm 0.798 | clip 12 | loss_scale 32 | train_wall 5 | gb_free 13.2 | wall 1097
2026-02-26 07:07:00 | INFO | fairseq.tasks.fairseq_task | can_reuse_epoch_itr = True
2026-02-26 07:07:00 | INFO | fairseq.data.iterators | grouped total_num_itrs = 50
epoch 072:   0% 0/50 [00:00<?, ?it/s]2026-02-26 07:07:00 | INFO | fairseq.trainer | begin training epoch 72
2026-02-26 07:07:00 | INFO | fairseq_cli.train | Start iterating over samples
epoch 072:  98% 49/50 [00:05<00:00,  9.85it/s]2026-02-26 07:07:05 | INFO | fairseq_cli.train | begin validation on "valid" subset
2026-02-26 07:07:05 | INFO | fairseq.tasks.fairseq_task | can_reuse_epoch_itr = True

epoch 072 | valid on 'valid' subset:   0% 0/4 [00:00<?, ?it/s]
epoch 072 | valid on 'valid' subset:  25% 1/4 [00:00<00:01,  1.80it/s]
epoch 072 | valid on 'valid' subset:  50% 2/4 [00:01<00:00,  2.02it/s]
epoch 072 | valid on 'valid' subset:  75% 3/4 [00:01<00:00,  1.89it/s]
epoch 072 | valid on 'valid' subset: 100% 4/4 [00:02<00:00,  1.36it/s]
                                                                      2026-02-26 07:07:08 | INFO | valid | epoch 072 | valid on 'valid' subset | loss 4.027 | nll_loss 2.641 | ppl 6.24 | bleu 31.62 | wps 3329.6 | wpb 2185.8 | bsz 132 | num_updates 3598 | best_bleu 31.62
2026-02-26 07:07:08 | INFO | fairseq.checkpoint_utils | Preparing to save checkpoint for epoch 72 @ 3598 updates
2026-02-26 07:07:08 | INFO | fairseq.trainer | Saving checkpoint to /content/checkpoints/checkpoint72.pt
2026-02-26 07:07:09 | INFO | fairseq.trainer | Finished saving checkpoint to /content/checkpoints/checkpoint72.pt
2026-02-26 07:07:12 | INFO | fairseq.checkpoint_utils | Saved checkpoint checkpoints/checkpoint72.pt (epoch 72 @ 3598 updates, score 31.62) (writing took 4.733532306999905 seconds)
2026-02-26 07:07:12 | INFO | fairseq_cli.train | end of epoch 72 (average epoch stats below)
2026-02-26 07:07:12 | INFO | train | epoch 072 | loss 2.008 | nll_loss 0.526 | ppl 1.44 | wps 11146.9 | ups 3.96 | wpb 2816 | bsz 169.6 | num_updates 3598 | lr 0.000372782 | gnorm 0.806 | clip 12 | loss_scale 32 | train_wall 5 | gb_free 13.3 | wall 1109
2026-02-26 07:07:12 | INFO | fairseq.tasks.fairseq_task | can_reuse_epoch_itr = True
2026-02-26 07:07:12 | INFO | fairseq.data.iterators | grouped total_num_itrs = 50
epoch 073:   0% 0/50 [00:00<?, ?it/s]2026-02-26 07:07:12 | INFO | fairseq.trainer | begin training epoch 73
2026-02-26 07:07:12 | INFO | fairseq_cli.train | Start iterating over samples
epoch 073:  98% 49/50 [00:05<00:00,  9.75it/s, loss=2.008, nll_loss=0.525, ppl=1.44, wps=9059.1, ups=3.2, wpb=2828.6, bsz=171.8, num_updates=3600, lr=0.000372678, gnorm=0.797, clip=11, loss_scale=32, train_wall=10, gb_free=13.2, wall=1110]2026-02-26 07:07:18 | INFO | fairseq_cli.train | begin validation on "valid" subset
2026-02-26 07:07:18 | INFO | fairseq.tasks.fairseq_task | can_reuse_epoch_itr = True

epoch 073 | valid on 'valid' subset:   0% 0/4 [00:00<?, ?it/s]
epoch 073 | valid on 'valid' subset:  25% 1/4 [00:00<00:01,  2.32it/s]
epoch 073 | valid on 'valid' subset:  50% 2/4 [00:00<00:00,  2.25it/s]
epoch 073 | valid on 'valid' subset:  75% 3/4 [00:01<00:00,  1.95it/s]
epoch 073 | valid on 'valid' subset: 100% 4/4 [00:02<00:00,  1.20it/s]
                                                                      2026-02-26 07:07:21 | INFO | valid | epoch 073 | valid on 'valid' subset | loss 4.002 | nll_loss 2.598 | ppl 6.05 | bleu 30.37 | wps 2914.4 | wpb 2185.8 | bsz 132 | num_updates 3648 | best_bleu 31.62
2026-02-26 07:07:21 | INFO | fairseq.checkpoint_utils | Preparing to save checkpoint for epoch 73 @ 3648 updates
2026-02-26 07:07:21 | INFO | fairseq.trainer | Saving checkpoint to /content/checkpoints/checkpoint73.pt
2026-02-26 07:07:22 | INFO | fairseq.trainer | Finished saving checkpoint to /content/checkpoints/checkpoint73.pt
2026-02-26 07:07:25 | INFO | fairseq.checkpoint_utils | Saved checkpoint checkpoints/checkpoint73.pt (epoch 73 @ 3648 updates, score 30.37) (writing took 4.708448004000047 seconds)
2026-02-26 07:07:25 | INFO | fairseq_cli.train | end of epoch 73 (average epoch stats below)
2026-02-26 07:07:25 | INFO | train | epoch 073 | loss 1.989 | nll_loss 0.508 | ppl 1.42 | wps 10981.2 | ups 3.9 | wpb 2816 | bsz 169.6 | num_updates 3648 | lr 0.000370218 | gnorm 0.782 | clip 10 | loss_scale 32 | train_wall 5 | gb_free 13.3 | wall 1122
2026-02-26 07:07:25 | INFO | fairseq.tasks.fairseq_task | can_reuse_epoch_itr = True
2026-02-26 07:07:25 | INFO | fairseq.data.iterators | grouped total_num_itrs = 50
epoch 074:   0% 0/50 [00:00<?, ?it/s]2026-02-26 07:07:25 | INFO | fairseq.trainer | begin training epoch 74
2026-02-26 07:07:25 | INFO | fairseq_cli.train | Start iterating over samples
epoch 074:  98% 49/50 [00:05<00:00, 10.55it/s]2026-02-26 07:07:31 | INFO | fairseq_cli.train | begin validation on "valid" subset
2026-02-26 07:07:31 | INFO | fairseq.tasks.fairseq_task | can_reuse_epoch_itr = True

epoch 074 | valid on 'valid' subset:   0% 0/4 [00:00<?, ?it/s]
epoch 074 | valid on 'valid' subset:  25% 1/4 [00:00<00:01,  2.51it/s]
epoch 074 | valid on 'valid' subset:  50% 2/4 [00:00<00:00,  2.26it/s]
epoch 074 | valid on 'valid' subset:  75% 3/4 [00:01<00:00,  2.03it/s]
epoch 074 | valid on 'valid' subset: 100% 4/4 [00:02<00:00,  1.67it/s]
                                                                      2026-02-26 07:07:33 | INFO | valid | epoch 074 | valid on 'valid' subset | loss 4.005 | nll_loss 2.611 | ppl 6.11 | bleu 31.52 | wps 3865.1 | wpb 2185.8 | bsz 132 | num_updates 3698 | best_bleu 31.62
2026-02-26 07:07:33 | INFO | fairseq.checkpoint_utils | Preparing to save checkpoint for epoch 74 @ 3698 updates
2026-02-26 07:07:33 | INFO | fairseq.trainer | Saving checkpoint to /content/checkpoints/checkpoint74.pt
2026-02-26 07:07:34 | INFO | fairseq.trainer | Finished saving checkpoint to /content/checkpoints/checkpoint74.pt
2026-02-26 07:07:41 | INFO | fairseq.checkpoint_utils | Saved checkpoint checkpoints/checkpoint74.pt (epoch 74 @ 3698 updates, score 31.52) (writing took 8.000895971999853 seconds)
2026-02-26 07:07:41 | INFO | fairseq_cli.train | end of epoch 74 (average epoch stats below)
2026-02-26 07:07:41 | INFO | train | epoch 074 | loss 1.965 | nll_loss 0.481 | ppl 1.4 | wps 9036.2 | ups 3.21 | wpb 2816 | bsz 169.6 | num_updates 3698 | lr 0.000367707 | gnorm 0.728 | clip 6 | loss_scale 32 | train_wall 5 | gb_free 13.4 | wall 1138
2026-02-26 07:07:41 | INFO | fairseq.tasks.fairseq_task | can_reuse_epoch_itr = True
2026-02-26 07:07:41 | INFO | fairseq.data.iterators | grouped total_num_itrs = 50
epoch 075:   0% 0/50 [00:00<?, ?it/s]2026-02-26 07:07:41 | INFO | fairseq.trainer | begin training epoch 75
2026-02-26 07:07:41 | INFO | fairseq_cli.train | Start iterating over samples
epoch 075:  98% 49/50 [00:05<00:00, 11.02it/s, loss=1.979, nll_loss=0.496, ppl=1.41, wps=9916.3, ups=3.52, wpb=2821, bsz=167.1, num_updates=3700, lr=0.000367607, gnorm=0.757, clip=8, loss_scale=32, train_wall=10, gb_free=13.2, wall=1138]2026-02-26 07:07:46 | INFO | fairseq_cli.train | begin validation on "valid" subset
2026-02-26 07:07:46 | INFO | fairseq.tasks.fairseq_task | can_reuse_epoch_itr = True

epoch 075 | valid on 'valid' subset:   0% 0/4 [00:00<?, ?it/s]
epoch 075 | valid on 'valid' subset:  25% 1/4 [00:00<00:01,  2.41it/s]
epoch 075 | valid on 'valid' subset:  50% 2/4 [00:00<00:00,  2.24it/s]
epoch 075 | valid on 'valid' subset:  75% 3/4 [00:01<00:00,  1.99it/s]
epoch 075 | valid on 'valid' subset: 100% 4/4 [00:02<00:00,  1.62it/s]
                                                                      2026-02-26 07:07:48 | INFO | valid | epoch 075 | valid on 'valid' subset | loss 4.019 | nll_loss 2.633 | ppl 6.2 | bleu 30.59 | wps 3775.5 | wpb 2185.8 | bsz 132 | num_updates 3748 | best_bleu 31.62
2026-02-26 07:07:48 | INFO | fairseq.checkpoint_utils | Preparing to save checkpoint for epoch 75 @ 3748 updates
2026-02-26 07:07:48 | INFO | fairseq.trainer | Saving checkpoint to /content/checkpoints/checkpoint75.pt
2026-02-26 07:07:50 | INFO | fairseq.trainer | Finished saving checkpoint to /content/checkpoints/checkpoint75.pt
2026-02-26 07:07:51 | INFO | fairseq.checkpoint_utils | Saved checkpoint checkpoints/checkpoint75.pt (epoch 75 @ 3748 updates, score 30.59) (writing took 2.8748875689998385 seconds)
2026-02-26 07:07:51 | INFO | fairseq_cli.train | end of epoch 75 (average epoch stats below)
2026-02-26 07:07:51 | INFO | train | epoch 075 | loss 1.955 | nll_loss 0.472 | ppl 1.39 | wps 13511.2 | ups 4.8 | wpb 2816 | bsz 169.6 | num_updates 3748 | lr 0.000365246 | gnorm 0.719 | clip 8 | loss_scale 32 | train_wall 5 | gb_free 13.2 | wall 1148
2026-02-26 07:07:51 | INFO | fairseq.tasks.fairseq_task | can_reuse_epoch_itr = True
2026-02-26 07:07:51 | INFO | fairseq.data.iterators | grouped total_num_itrs = 50
epoch 076:   0% 0/50 [00:00<?, ?it/s]2026-02-26 07:07:51 | INFO | fairseq.trainer | begin training epoch 76
2026-02-26 07:07:51 | INFO | fairseq_cli.train | Start iterating over samples
epoch 076:  96% 48/50 [00:05<00:00, 10.81it/s]2026-02-26 07:07:57 | INFO | fairseq_cli.train | begin validation on "valid" subset
2026-02-26 07:07:57 | INFO | fairseq.tasks.fairseq_task | can_reuse_epoch_itr = True

epoch 076 | valid on 'valid' subset:   0% 0/4 [00:00<?, ?it/s]
epoch 076 | valid on 'valid' subset:  25% 1/4 [00:00<00:01,  2.27it/s]
epoch 076 | valid on 'valid' subset:  50% 2/4 [00:00<00:00,  2.19it/s]
epoch 076 | valid on 'valid' subset:  75% 3/4 [00:01<00:00,  1.95it/s]
epoch 076 | valid on 'valid' subset: 100% 4/4 [00:02<00:00,  1.39it/s]
                                                                      2026-02-26 07:07:59 | INFO | valid | epoch 076 | valid on 'valid' subset | loss 4.018 | nll_loss 2.643 | ppl 6.25 | bleu 31.2 | wps 3310.2 | wpb 2185.8 | bsz 132 | num_updates 3798 | best_bleu 31.62
2026-02-26 07:07:59 | INFO | fairseq.checkpoint_utils | Preparing to save checkpoint for epoch 76 @ 3798 updates
2026-02-26 07:07:59 | INFO | fairseq.trainer | Saving checkpoint to /content/checkpoints/checkpoint76.pt
2026-02-26 07:08:01 | INFO | fairseq.trainer | Finished saving checkpoint to /content/checkpoints/checkpoint76.pt
2026-02-26 07:08:02 | INFO | fairseq.checkpoint_utils | Saved checkpoint checkpoints/checkpoint76.pt (epoch 76 @ 3798 updates, score 31.2) (writing took 3.046782511999936 seconds)
2026-02-26 07:08:02 | INFO | fairseq_cli.train | end of epoch 76 (average epoch stats below)
2026-02-26 07:08:02 | INFO | train | epoch 076 | loss 1.944 | nll_loss 0.464 | ppl 1.38 | wps 12781.8 | ups 4.54 | wpb 2816 | bsz 169.6 | num_updates 3798 | lr 0.000362834 | gnorm 0.704 | clip 6 | loss_scale 32 | train_wall 5 | gb_free 13.3 | wall 1159
2026-02-26 07:08:02 | INFO | fairseq.tasks.fairseq_task | can_reuse_epoch_itr = True
2026-02-26 07:08:02 | INFO | fairseq.data.iterators | grouped total_num_itrs = 50
epoch 077:   0% 0/50 [00:00<?, ?it/s]2026-02-26 07:08:02 | INFO | fairseq.trainer | begin training epoch 77
2026-02-26 07:08:02 | INFO | fairseq_cli.train | Start iterating over samples
epoch 077:  98% 49/50 [00:05<00:00, 10.28it/s, loss=1.947, nll_loss=0.464, ppl=1.38, wps=13116.7, ups=4.67, wpb=2808.3, bsz=171, num_updates=3800, lr=0.000362738, gnorm=0.708, clip=7, loss_scale=32, train_wall=10, gb_free=13.2, wall=1160]2026-02-26 07:08:08 | INFO | fairseq_cli.train | begin validation on "valid" subset
2026-02-26 07:08:08 | INFO | fairseq.tasks.fairseq_task | can_reuse_epoch_itr = True

epoch 077 | valid on 'valid' subset:   0% 0/4 [00:00<?, ?it/s]
epoch 077 | valid on 'valid' subset:  25% 1/4 [00:00<00:01,  2.27it/s]
epoch 077 | valid on 'valid' subset:  50% 2/4 [00:00<00:00,  2.17it/s]
epoch 077 | valid on 'valid' subset:  75% 3/4 [00:01<00:00,  1.94it/s]
epoch 077 | valid on 'valid' subset: 100% 4/4 [00:03<00:00,  1.02it/s]
                                                                      2026-02-26 07:08:11 | INFO | valid | epoch 077 | valid on 'valid' subset | loss 4.017 | nll_loss 2.635 | ppl 6.21 | bleu 31.36 | wps 2505.3 | wpb 2185.8 | bsz 132 | num_updates 3848 | best_bleu 31.62
2026-02-26 07:08:11 | INFO | fairseq.checkpoint_utils | Preparing to save checkpoint for epoch 77 @ 3848 updates
2026-02-26 07:08:11 | INFO | fairseq.trainer | Saving checkpoint to /content/checkpoints/checkpoint77.pt
2026-02-26 07:08:12 | INFO | fairseq.trainer | Finished saving checkpoint to /content/checkpoints/checkpoint77.pt
2026-02-26 07:08:14 | INFO | fairseq.checkpoint_utils | Saved checkpoint checkpoints/checkpoint77.pt (epoch 77 @ 3848 updates, score 31.36) (writing took 3.0862064329999157 seconds)
2026-02-26 07:08:14 | INFO | fairseq_cli.train | end of epoch 77 (average epoch stats below)
2026-02-26 07:08:14 | INFO | train | epoch 077 | loss 1.944 | nll_loss 0.465 | ppl 1.38 | wps 12009.5 | ups 4.26 | wpb 2816 | bsz 169.6 | num_updates 3848 | lr 0.000360469 | gnorm 0.733 | clip 10 | loss_scale 32 | train_wall 5 | gb_free 13.3 | wall 1171
2026-02-26 07:08:14 | INFO | fairseq.tasks.fairseq_task | can_reuse_epoch_itr = True
2026-02-26 07:08:14 | INFO | fairseq.data.iterators | grouped total_num_itrs = 50
epoch 078:   0% 0/50 [00:00<?, ?it/s]2026-02-26 07:08:14 | INFO | fairseq.trainer | begin training epoch 78
2026-02-26 07:08:14 | INFO | fairseq_cli.train | Start iterating over samples
epoch 078:  98% 49/50 [00:05<00:00,  9.98it/s]2026-02-26 07:08:19 | INFO | fairseq_cli.train | begin validation on "valid" subset
2026-02-26 07:08:19 | INFO | fairseq.tasks.fairseq_task | can_reuse_epoch_itr = True

epoch 078 | valid on 'valid' subset:   0% 0/4 [00:00<?, ?it/s]
epoch 078 | valid on 'valid' subset:  25% 1/4 [00:00<00:01,  2.17it/s]
epoch 078 | valid on 'valid' subset:  50% 2/4 [00:00<00:00,  2.19it/s]
epoch 078 | valid on 'valid' subset:  75% 3/4 [00:01<00:00,  1.92it/s]
epoch 078 | valid on 'valid' subset: 100% 4/4 [00:02<00:00,  1.58it/s]
                                                                      2026-02-26 07:08:22 | INFO | valid | epoch 078 | valid on 'valid' subset | loss 4.013 | nll_loss 2.634 | ppl 6.21 | bleu 30.86 | wps 3710.2 | wpb 2185.8 | bsz 132 | num_updates 3898 | best_bleu 31.62
2026-02-26 07:08:22 | INFO | fairseq.checkpoint_utils | Preparing to save checkpoint for epoch 78 @ 3898 updates
2026-02-26 07:08:22 | INFO | fairseq.trainer | Saving checkpoint to /content/checkpoints/checkpoint78.pt
2026-02-26 07:08:23 | INFO | fairseq.trainer | Finished saving checkpoint to /content/checkpoints/checkpoint78.pt
2026-02-26 07:08:26 | INFO | fairseq.checkpoint_utils | Saved checkpoint checkpoints/checkpoint78.pt (epoch 78 @ 3898 updates, score 30.86) (writing took 4.402996816000041 seconds)
2026-02-26 07:08:26 | INFO | fairseq_cli.train | end of epoch 78 (average epoch stats below)
2026-02-26 07:08:26 | INFO | train | epoch 078 | loss 1.925 | nll_loss 0.442 | ppl 1.36 | wps 11648.5 | ups 4.14 | wpb 2816 | bsz 169.6 | num_updates 3898 | lr 0.000358149 | gnorm 0.684 | clip 6 | loss_scale 32 | train_wall 5 | gb_free 13.3 | wall 1183
2026-02-26 07:08:26 | INFO | fairseq.tasks.fairseq_task | can_reuse_epoch_itr = True
2026-02-26 07:08:26 | INFO | fairseq.data.iterators | grouped total_num_itrs = 50
epoch 079:   0% 0/50 [00:00<?, ?it/s]2026-02-26 07:08:26 | INFO | fairseq.trainer | begin training epoch 79
2026-02-26 07:08:26 | INFO | fairseq_cli.train | Start iterating over samples
epoch 079:  96% 48/50 [00:04<00:00,  9.84it/s, loss=1.936, nll_loss=0.455, ppl=1.37, wps=11878.2, ups=4.21, wpb=2820.1, bsz=168.3, num_updates=3900, lr=0.000358057, gnorm=0.709, clip=8, loss_scale=32, train_wall=10, gb_free=13.3, wall=1183]2026-02-26 07:08:31 | INFO | fairseq_cli.train | begin validation on "valid" subset
2026-02-26 07:08:31 | INFO | fairseq.tasks.fairseq_task | can_reuse_epoch_itr = True

epoch 079 | valid on 'valid' subset:   0% 0/4 [00:00<?, ?it/s]
epoch 079 | valid on 'valid' subset:  25% 1/4 [00:00<00:02,  1.48it/s]
epoch 079 | valid on 'valid' subset:  50% 2/4 [00:01<00:01,  1.83it/s]
epoch 079 | valid on 'valid' subset:  75% 3/4 [00:01<00:00,  1.76it/s]
epoch 079 | valid on 'valid' subset: 100% 4/4 [00:02<00:00,  1.41it/s]
                                                                      2026-02-26 07:08:34 | INFO | valid | epoch 079 | valid on 'valid' subset | loss 3.959 | nll_loss 2.586 | ppl 6 | bleu 31.74 | wps 3484 | wpb 2185.8 | bsz 132 | num_updates 3948 | best_bleu 31.74
2026-02-26 07:08:34 | INFO | fairseq.checkpoint_utils | Preparing to save checkpoint for epoch 79 @ 3948 updates
2026-02-26 07:08:34 | INFO | fairseq.trainer | Saving checkpoint to /content/checkpoints/checkpoint79.pt
2026-02-26 07:08:35 | INFO | fairseq.trainer | Finished saving checkpoint to /content/checkpoints/checkpoint79.pt
2026-02-26 07:08:43 | INFO | fairseq.checkpoint_utils | Saved checkpoint checkpoints/checkpoint79.pt (epoch 79 @ 3948 updates, score 31.74) (writing took 8.58230018800009 seconds)
2026-02-26 07:08:43 | INFO | fairseq_cli.train | end of epoch 79 (average epoch stats below)
2026-02-26 07:08:43 | INFO | train | epoch 079 | loss 1.912 | nll_loss 0.433 | ppl 1.35 | wps 8571.9 | ups 3.04 | wpb 2816 | bsz 169.6 | num_updates 3948 | lr 0.000355874 | gnorm 0.667 | clip 6 | loss_scale 32 | train_wall 5 | gb_free 13.3 | wall 1200
2026-02-26 07:08:43 | INFO | fairseq.tasks.fairseq_task | can_reuse_epoch_itr = True
2026-02-26 07:08:43 | INFO | fairseq.data.iterators | grouped total_num_itrs = 50
epoch 080:   0% 0/50 [00:00<?, ?it/s]2026-02-26 07:08:43 | INFO | fairseq.trainer | begin training epoch 80
2026-02-26 07:08:43 | INFO | fairseq_cli.train | Start iterating over samples
epoch 080:  96% 48/50 [00:05<00:00, 11.34it/s]2026-02-26 07:08:48 | INFO | fairseq_cli.train | begin validation on "valid" subset
2026-02-26 07:08:48 | INFO | fairseq.tasks.fairseq_task | can_reuse_epoch_itr = True

epoch 080 | valid on 'valid' subset:   0% 0/4 [00:00<?, ?it/s]
epoch 080 | valid on 'valid' subset:  25% 1/4 [00:00<00:01,  2.18it/s]
epoch 080 | valid on 'valid' subset:  50% 2/4 [00:00<00:00,  2.17it/s]
epoch 080 | valid on 'valid' subset:  75% 3/4 [00:01<00:00,  1.90it/s]
epoch 080 | valid on 'valid' subset: 100% 4/4 [00:02<00:00,  1.54it/s]
                                                                      2026-02-26 07:08:50 | INFO | valid | epoch 080 | valid on 'valid' subset | loss 3.965 | nll_loss 2.602 | ppl 6.07 | bleu 31.45 | wps 3619.2 | wpb 2185.8 | bsz 132 | num_updates 3998 | best_bleu 31.74
2026-02-26 07:08:50 | INFO | fairseq.checkpoint_utils | Preparing to save checkpoint for epoch 80 @ 3998 updates
2026-02-26 07:08:50 | INFO | fairseq.trainer | Saving checkpoint to /content/checkpoints/checkpoint80.pt
2026-02-26 07:08:52 | INFO | fairseq.trainer | Finished saving checkpoint to /content/checkpoints/checkpoint80.pt
2026-02-26 07:08:53 | INFO | fairseq.checkpoint_utils | Saved checkpoint checkpoints/checkpoint80.pt (epoch 80 @ 3998 updates, score 31.45) (writing took 3.054822703999889 seconds)
2026-02-26 07:08:53 | INFO | fairseq_cli.train | end of epoch 80 (average epoch stats below)
2026-02-26 07:08:53 | INFO | train | epoch 080 | loss 1.9 | nll_loss 0.42 | ppl 1.34 | wps 13091.6 | ups 4.65 | wpb 2816 | bsz 169.6 | num_updates 3998 | lr 0.000353642 | gnorm 0.65 | clip 6 | loss_scale 32 | train_wall 5 | gb_free 13.2 | wall 1210
2026-02-26 07:08:53 | INFO | fairseq.tasks.fairseq_task | can_reuse_epoch_itr = True
2026-02-26 07:08:53 | INFO | fairseq.data.iterators | grouped total_num_itrs = 50
epoch 081:   0% 0/50 [00:00<?, ?it/s]2026-02-26 07:08:53 | INFO | fairseq.trainer | begin training epoch 81
2026-02-26 07:08:53 | INFO | fairseq_cli.train | Start iterating over samples
epoch 081:  98% 49/50 [00:05<00:00, 11.08it/s, loss=1.905, nll_loss=0.426, ppl=1.34, wps=10343, ups=3.67, wpb=2819.8, bsz=170.8, num_updates=4000, lr=0.000353553, gnorm=0.657, clip=6, loss_scale=32, train_wall=10, gb_free=13.3, wall=1211]2026-02-26 07:08:59 | INFO | fairseq_cli.train | begin validation on "valid" subset
2026-02-26 07:08:59 | INFO | fairseq.tasks.fairseq_task | can_reuse_epoch_itr = True

epoch 081 | valid on 'valid' subset:   0% 0/4 [00:00<?, ?it/s]
epoch 081 | valid on 'valid' subset:  25% 1/4 [00:00<00:01,  2.38it/s]
epoch 081 | valid on 'valid' subset:  50% 2/4 [00:00<00:00,  2.26it/s]
epoch 081 | valid on 'valid' subset:  75% 3/4 [00:01<00:00,  1.94it/s]
epoch 081 | valid on 'valid' subset: 100% 4/4 [00:02<00:00,  1.21it/s]
                                                                      2026-02-26 07:09:02 | INFO | valid | epoch 081 | valid on 'valid' subset | loss 3.965 | nll_loss 2.617 | ppl 6.13 | bleu 31.45 | wps 2924.7 | wpb 2185.8 | bsz 132 | num_updates 4048 | best_bleu 31.74
2026-02-26 07:09:02 | INFO | fairseq.checkpoint_utils | Preparing to save checkpoint for epoch 81 @ 4048 updates
2026-02-26 07:09:02 | INFO | fairseq.trainer | Saving checkpoint to /content/checkpoints/checkpoint81.pt
2026-02-26 07:09:05 | INFO | fairseq.trainer | Finished saving checkpoint to /content/checkpoints/checkpoint81.pt
2026-02-26 07:09:13 | INFO | fairseq.checkpoint_utils | Saved checkpoint checkpoints/checkpoint81.pt (epoch 81 @ 4048 updates, score 31.45) (writing took 11.31156182399991 seconds)
2026-02-26 07:09:13 | INFO | fairseq_cli.train | end of epoch 81 (average epoch stats below)
2026-02-26 07:09:13 | INFO | train | epoch 081 | loss 1.897 | nll_loss 0.419 | ppl 1.34 | wps 7160.2 | ups 2.54 | wpb 2816 | bsz 169.6 | num_updates 4048 | lr 0.000351451 | gnorm 0.658 | clip 6 | loss_scale 32 | train_wall 5 | gb_free 13.2 | wall 1230
2026-02-26 07:09:13 | INFO | fairseq.tasks.fairseq_task | can_reuse_epoch_itr = True
2026-02-26 07:09:13 | INFO | fairseq.data.iterators | grouped total_num_itrs = 50
epoch 082:   0% 0/50 [00:00<?, ?it/s]2026-02-26 07:09:13 | INFO | fairseq.trainer | begin training epoch 82
2026-02-26 07:09:13 | INFO | fairseq_cli.train | Start iterating over samples
epoch 082:  98% 49/50 [00:04<00:00, 10.86it/s]2026-02-26 07:09:18 | INFO | fairseq_cli.train | begin validation on "valid" subset
2026-02-26 07:09:18 | INFO | fairseq.tasks.fairseq_task | can_reuse_epoch_itr = True

epoch 082 | valid on 'valid' subset:   0% 0/4 [00:00<?, ?it/s]
epoch 082 | valid on 'valid' subset:  25% 1/4 [00:00<00:02,  1.41it/s]
epoch 082 | valid on 'valid' subset:  50% 2/4 [00:01<00:01,  1.31it/s]
epoch 082 | valid on 'valid' subset:  75% 3/4 [00:02<00:00,  1.30it/s]
epoch 082 | valid on 'valid' subset: 100% 4/4 [00:03<00:00,  1.01it/s]
                                                                      2026-02-26 07:09:22 | INFO | valid | epoch 082 | valid on 'valid' subset | loss 3.938 | nll_loss 2.574 | ppl 5.96 | bleu 32.23 | wps 2375.8 | wpb 2185.8 | bsz 132 | num_updates 4098 | best_bleu 32.23
2026-02-26 07:09:22 | INFO | fairseq.checkpoint_utils | Preparing to save checkpoint for epoch 82 @ 4098 updates
2026-02-26 07:09:22 | INFO | fairseq.trainer | Saving checkpoint to /content/checkpoints/checkpoint82.pt
2026-02-26 07:09:23 | INFO | fairseq.trainer | Finished saving checkpoint to /content/checkpoints/checkpoint82.pt
2026-02-26 07:09:29 | INFO | fairseq.checkpoint_utils | Saved checkpoint checkpoints/checkpoint82.pt (epoch 82 @ 4098 updates, score 32.23) (writing took 7.877614107000227 seconds)
2026-02-26 07:09:29 | INFO | fairseq_cli.train | end of epoch 82 (average epoch stats below)
2026-02-26 07:09:29 | INFO | train | epoch 082 | loss 1.903 | nll_loss 0.431 | ppl 1.35 | wps 8511 | ups 3.02 | wpb 2816 | bsz 169.6 | num_updates 4098 | lr 0.0003493 | gnorm 0.677 | clip 8 | loss_scale 32 | train_wall 5 | gb_free 13.3 | wall 1246
2026-02-26 07:09:29 | INFO | fairseq.tasks.fairseq_task | can_reuse_epoch_itr = True
2026-02-26 07:09:30 | INFO | fairseq.data.iterators | grouped total_num_itrs = 50
epoch 083:   0% 0/50 [00:00<?, ?it/s]2026-02-26 07:09:30 | INFO | fairseq.trainer | begin training epoch 83
2026-02-26 07:09:30 | INFO | fairseq_cli.train | Start iterating over samples
epoch 083:  98% 49/50 [00:05<00:00, 10.79it/s, loss=1.899, nll_loss=0.424, ppl=1.34, wps=7772, ups=2.76, wpb=2813.1, bsz=169.1, num_updates=4100, lr=0.000349215, gnorm=0.667, clip=7, loss_scale=32, train_wall=10, gb_free=13.3, wall=1247]2026-02-26 07:09:35 | INFO | fairseq_cli.train | begin validation on "valid" subset
2026-02-26 07:09:35 | INFO | fairseq.tasks.fairseq_task | can_reuse_epoch_itr = True

epoch 083 | valid on 'valid' subset:   0% 0/4 [00:00<?, ?it/s]
epoch 083 | valid on 'valid' subset:  25% 1/4 [00:00<00:01,  2.28it/s]
epoch 083 | valid on 'valid' subset:  50% 2/4 [00:00<00:00,  2.21it/s]
epoch 083 | valid on 'valid' subset:  75% 3/4 [00:01<00:00,  1.94it/s]
epoch 083 | valid on 'valid' subset: 100% 4/4 [00:02<00:00,  1.46it/s]
                                                                      2026-02-26 07:09:37 | INFO | valid | epoch 083 | valid on 'valid' subset | loss 3.94 | nll_loss 2.582 | ppl 5.99 | bleu 32.36 | wps 3458.5 | wpb 2185.8 | bsz 132 | num_updates 4148 | best_bleu 32.36
2026-02-26 07:09:37 | INFO | fairseq.checkpoint_utils | Preparing to save checkpoint for epoch 83 @ 4148 updates
2026-02-26 07:09:37 | INFO | fairseq.trainer | Saving checkpoint to /content/checkpoints/checkpoint83.pt
2026-02-26 07:09:39 | INFO | fairseq.trainer | Finished saving checkpoint to /content/checkpoints/checkpoint83.pt
2026-02-26 07:09:45 | INFO | fairseq.checkpoint_utils | Saved checkpoint checkpoints/checkpoint83.pt (epoch 83 @ 4148 updates, score 32.36) (writing took 7.104373185999975 seconds)
2026-02-26 07:09:45 | INFO | fairseq_cli.train | end of epoch 83 (average epoch stats below)
2026-02-26 07:09:45 | INFO | train | epoch 083 | loss 1.883 | nll_loss 0.407 | ppl 1.33 | wps 9342.6 | ups 3.32 | wpb 2816 | bsz 169.6 | num_updates 4148 | lr 0.000347189 | gnorm 0.639 | clip 6 | loss_scale 32 | train_wall 5 | gb_free 13.3 | wall 1262
2026-02-26 07:09:45 | INFO | fairseq.tasks.fairseq_task | can_reuse_epoch_itr = True
2026-02-26 07:09:45 | INFO | fairseq.data.iterators | grouped total_num_itrs = 50
epoch 084:   0% 0/50 [00:00<?, ?it/s]2026-02-26 07:09:45 | INFO | fairseq.trainer | begin training epoch 84
2026-02-26 07:09:45 | INFO | fairseq_cli.train | Start iterating over samples
epoch 084:  98% 49/50 [00:04<00:00, 10.77it/s]2026-02-26 07:09:50 | INFO | fairseq_cli.train | begin validation on "valid" subset
2026-02-26 07:09:50 | INFO | fairseq.tasks.fairseq_task | can_reuse_epoch_itr = True

epoch 084 | valid on 'valid' subset:   0% 0/4 [00:00<?, ?it/s]
epoch 084 | valid on 'valid' subset:  25% 1/4 [00:00<00:01,  2.35it/s]
epoch 084 | valid on 'valid' subset:  50% 2/4 [00:00<00:00,  2.21it/s]
epoch 084 | valid on 'valid' subset:  75% 3/4 [00:01<00:00,  1.93it/s]
epoch 084 | valid on 'valid' subset: 100% 4/4 [00:02<00:00,  1.38it/s]
                                                                      2026-02-26 07:09:52 | INFO | valid | epoch 084 | valid on 'valid' subset | loss 3.983 | nll_loss 2.629 | ppl 6.19 | bleu 31.79 | wps 3262.3 | wpb 2185.8 | bsz 132 | num_updates 4198 | best_bleu 32.36
2026-02-26 07:09:52 | INFO | fairseq.checkpoint_utils | Preparing to save checkpoint for epoch 84 @ 4198 updates
2026-02-26 07:09:52 | INFO | fairseq.trainer | Saving checkpoint to /content/checkpoints/checkpoint84.pt
2026-02-26 07:09:53 | INFO | fairseq.trainer | Finished saving checkpoint to /content/checkpoints/checkpoint84.pt
2026-02-26 07:09:58 | INFO | fairseq.checkpoint_utils | Saved checkpoint checkpoints/checkpoint84.pt (epoch 84 @ 4198 updates, score 31.79) (writing took 5.5909871520002525 seconds)
2026-02-26 07:09:58 | INFO | fairseq_cli.train | end of epoch 84 (average epoch stats below)
2026-02-26 07:09:58 | INFO | train | epoch 084 | loss 1.874 | nll_loss 0.399 | ppl 1.32 | wps 10692.5 | ups 3.8 | wpb 2816 | bsz 169.6 | num_updates 4198 | lr 0.000345115 | gnorm 0.628 | clip 6 | loss_scale 32 | train_wall 5 | gb_free 13.3 | wall 1275
2026-02-26 07:09:58 | INFO | fairseq.tasks.fairseq_task | can_reuse_epoch_itr = True
2026-02-26 07:09:58 | INFO | fairseq.data.iterators | grouped total_num_itrs = 50
epoch 085:   0% 0/50 [00:00<?, ?it/s]2026-02-26 07:09:58 | INFO | fairseq.trainer | begin training epoch 85
2026-02-26 07:09:58 | INFO | fairseq_cli.train | Start iterating over samples
epoch 085:  98% 49/50 [00:04<00:00, 10.60it/s, loss=1.879, nll_loss=0.404, ppl=1.32, wps=9933.2, ups=3.54, wpb=2803.3, bsz=170.6, num_updates=4200, lr=0.000345033, gnorm=0.636, clip=6, loss_scale=32, train_wall=10, gb_free=13.4, wall=1275]2026-02-26 07:10:03 | INFO | fairseq_cli.train | begin validation on "valid" subset
2026-02-26 07:10:03 | INFO | fairseq.tasks.fairseq_task | can_reuse_epoch_itr = True

epoch 085 | valid on 'valid' subset:   0% 0/4 [00:00<?, ?it/s]
epoch 085 | valid on 'valid' subset:  25% 1/4 [00:00<00:01,  2.36it/s]
epoch 085 | valid on 'valid' subset:  50% 2/4 [00:00<00:00,  2.26it/s]
epoch 085 | valid on 'valid' subset:  75% 3/4 [00:01<00:00,  1.99it/s]
epoch 085 | valid on 'valid' subset: 100% 4/4 [00:02<00:00,  1.51it/s]
                                                                      2026-02-26 07:10:05 | INFO | valid | epoch 085 | valid on 'valid' subset | loss 3.934 | nll_loss 2.583 | ppl 5.99 | bleu 31.81 | wps 3562.9 | wpb 2185.8 | bsz 132 | num_updates 4248 | best_bleu 32.36
2026-02-26 07:10:05 | INFO | fairseq.checkpoint_utils | Preparing to save checkpoint for epoch 85 @ 4248 updates
2026-02-26 07:10:05 | INFO | fairseq.trainer | Saving checkpoint to /content/checkpoints/checkpoint85.pt
2026-02-26 07:10:08 | INFO | fairseq.trainer | Finished saving checkpoint to /content/checkpoints/checkpoint85.pt
epoch 085:  98% 49/50 [00:16<00:00, 10.60it/s, loss=1.879, nll_loss=0.404, ppl=1.32, wps=9933.2, ups=3.54, wpb=2803.3, bsz=170.6, num_updates=4200, lr=0.000345033, gnorm=0.636, clip=6, loss_scale=32, train_wall=10, gb_free=13.4, wall=1275]2026-02-26 07:10:16 | INFO | fairseq.checkpoint_utils | Saved checkpoint checkpoints/checkpoint85.pt (epoch 85 @ 4248 updates, score 31.81) (writing took 11.325202544999684 seconds)
2026-02-26 07:10:16 | INFO | fairseq_cli.train | end of epoch 85 (average epoch stats below)
2026-02-26 07:10:16 | INFO | train | epoch 085 | loss 1.863 | nll_loss 0.389 | ppl 1.31 | wps 7507.4 | ups 2.67 | wpb 2816 | bsz 169.6 | num_updates 4248 | lr 0.000343078 | gnorm 0.602 | clip 4 | loss_scale 32 | train_wall 5 | gb_free 13.3 | wall 1293
2026-02-26 07:10:16 | INFO | fairseq.tasks.fairseq_task | can_reuse_epoch_itr = True
2026-02-26 07:10:16 | INFO | fairseq.data.iterators | grouped total_num_itrs = 50
epoch 086:   0% 0/50 [00:00<?, ?it/s]2026-02-26 07:10:16 | INFO | fairseq.trainer | begin training epoch 86
2026-02-26 07:10:16 | INFO | fairseq_cli.train | Start iterating over samples
epoch 086:  98% 49/50 [00:05<00:00, 10.84it/s]2026-02-26 07:10:22 | INFO | fairseq_cli.train | begin validation on "valid" subset
2026-02-26 07:10:22 | INFO | fairseq.tasks.fairseq_task | can_reuse_epoch_itr = True

epoch 086 | valid on 'valid' subset:   0% 0/4 [00:00<?, ?it/s]
epoch 086 | valid on 'valid' subset:  25% 1/4 [00:00<00:01,  2.31it/s]
epoch 086 | valid on 'valid' subset:  50% 2/4 [00:00<00:00,  2.24it/s]
epoch 086 | valid on 'valid' subset:  75% 3/4 [00:01<00:00,  1.95it/s]
epoch 086 | valid on 'valid' subset: 100% 4/4 [00:02<00:00,  1.53it/s]
                                                                      2026-02-26 07:10:24 | INFO | valid | epoch 086 | valid on 'valid' subset | loss 3.943 | nll_loss 2.589 | ppl 6.02 | bleu 32.13 | wps 3587.2 | wpb 2185.8 | bsz 132 | num_updates 4298 | best_bleu 32.36
2026-02-26 07:10:24 | INFO | fairseq.checkpoint_utils | Preparing to save checkpoint for epoch 86 @ 4298 updates
2026-02-26 07:10:24 | INFO | fairseq.trainer | Saving checkpoint to /content/checkpoints/checkpoint86.pt
2026-02-26 07:10:26 | INFO | fairseq.trainer | Finished saving checkpoint to /content/checkpoints/checkpoint86.pt
epoch 086:  98% 49/50 [00:18<00:00, 10.84it/s]2026-02-26 07:10:35 | INFO | fairseq.checkpoint_utils | Saved checkpoint checkpoints/checkpoint86.pt (epoch 86 @ 4298 updates, score 32.13) (writing took 10.730456847999903 seconds)
2026-02-26 07:10:35 | INFO | fairseq_cli.train | end of epoch 86 (average epoch stats below)
2026-02-26 07:10:35 | INFO | train | epoch 086 | loss 1.853 | nll_loss 0.38 | ppl 1.3 | wps 7636.6 | ups 2.71 | wpb 2816 | bsz 169.6 | num_updates 4298 | lr 0.000341076 | gnorm 0.584 | clip 4 | loss_scale 32 | train_wall 5 | gb_free 13.2 | wall 1312
2026-02-26 07:10:35 | INFO | fairseq.tasks.fairseq_task | can_reuse_epoch_itr = True
2026-02-26 07:10:35 | INFO | fairseq.data.iterators | grouped total_num_itrs = 50
epoch 087:   0% 0/50 [00:00<?, ?it/s]2026-02-26 07:10:35 | INFO | fairseq.trainer | begin training epoch 87
2026-02-26 07:10:35 | INFO | fairseq_cli.train | Start iterating over samples
epoch 087:  96% 48/50 [00:04<00:00, 10.69it/s, loss=1.857, nll_loss=0.383, ppl=1.3, wps=7588, ups=2.69, wpb=2820.4, bsz=170.2, num_updates=4300, lr=0.000340997, gnorm=0.59, clip=4, loss_scale=32, train_wall=10, gb_free=13.3, wall=1312]2026-02-26 07:10:40 | INFO | fairseq_cli.train | begin validation on "valid" subset
2026-02-26 07:10:40 | INFO | fairseq.tasks.fairseq_task | can_reuse_epoch_itr = True

epoch 087 | valid on 'valid' subset:   0% 0/4 [00:00<?, ?it/s]
epoch 087 | valid on 'valid' subset:  25% 1/4 [00:00<00:01,  2.23it/s]
epoch 087 | valid on 'valid' subset:  50% 2/4 [00:00<00:00,  2.09it/s]
epoch 087 | valid on 'valid' subset:  75% 3/4 [00:01<00:00,  1.87it/s]
epoch 087 | valid on 'valid' subset: 100% 4/4 [00:02<00:00,  1.37it/s]
                                                                      2026-02-26 07:10:43 | INFO | valid | epoch 087 | valid on 'valid' subset | loss 3.917 | nll_loss 2.576 | ppl 5.96 | bleu 31.78 | wps 3239.9 | wpb 2185.8 | bsz 132 | num_updates 4348 | best_bleu 32.36
2026-02-26 07:10:43 | INFO | fairseq.checkpoint_utils | Preparing to save checkpoint for epoch 87 @ 4348 updates
2026-02-26 07:10:43 | INFO | fairseq.trainer | Saving checkpoint to /content/checkpoints/checkpoint87.pt
2026-02-26 07:10:44 | INFO | fairseq.trainer | Finished saving checkpoint to /content/checkpoints/checkpoint87.pt
2026-02-26 07:10:46 | INFO | fairseq.checkpoint_utils | Saved checkpoint checkpoints/checkpoint87.pt (epoch 87 @ 4348 updates, score 31.78) (writing took 3.5245890979999785 seconds)
2026-02-26 07:10:46 | INFO | fairseq_cli.train | end of epoch 87 (average epoch stats below)
2026-02-26 07:10:46 | INFO | train | epoch 087 | loss 1.852 | nll_loss 0.382 | ppl 1.3 | wps 12664.9 | ups 4.5 | wpb 2816 | bsz 169.6 | num_updates 4348 | lr 0.00033911 | gnorm 0.589 | clip 4 | loss_scale 32 | train_wall 5 | gb_free 13.2 | wall 1323
2026-02-26 07:10:46 | INFO | fairseq.tasks.fairseq_task | can_reuse_epoch_itr = True
2026-02-26 07:10:46 | INFO | fairseq.data.iterators | grouped total_num_itrs = 50
epoch 088:   0% 0/50 [00:00<?, ?it/s]2026-02-26 07:10:46 | INFO | fairseq.trainer | begin training epoch 88
2026-02-26 07:10:46 | INFO | fairseq_cli.train | Start iterating over samples
epoch 088:  98% 49/50 [00:04<00:00, 10.69it/s]2026-02-26 07:10:51 | INFO | fairseq_cli.train | begin validation on "valid" subset
2026-02-26 07:10:51 | INFO | fairseq.tasks.fairseq_task | can_reuse_epoch_itr = True

epoch 088 | valid on 'valid' subset:   0% 0/4 [00:00<?, ?it/s]
epoch 088 | valid on 'valid' subset:  25% 1/4 [00:00<00:01,  2.24it/s]
epoch 088 | valid on 'valid' subset:  50% 2/4 [00:00<00:00,  2.13it/s]
epoch 088 | valid on 'valid' subset:  75% 3/4 [00:01<00:00,  1.90it/s]
epoch 088 | valid on 'valid' subset: 100% 4/4 [00:02<00:00,  1.64it/s]
                                                                      2026-02-26 07:10:53 | INFO | valid | epoch 088 | valid on 'valid' subset | loss 3.911 | nll_loss 2.56 | ppl 5.9 | bleu 32.5 | wps 3803 | wpb 2185.8 | bsz 132 | num_updates 4398 | best_bleu 32.5
2026-02-26 07:10:53 | INFO | fairseq.checkpoint_utils | Preparing to save checkpoint for epoch 88 @ 4398 updates
2026-02-26 07:10:53 | INFO | fairseq.trainer | Saving checkpoint to /content/checkpoints/checkpoint88.pt
2026-02-26 07:10:55 | INFO | fairseq.trainer | Finished saving checkpoint to /content/checkpoints/checkpoint88.pt
epoch 088:  98% 49/50 [00:18<00:00, 10.69it/s]2026-02-26 07:11:06 | INFO | fairseq.checkpoint_utils | Saved checkpoint checkpoints/checkpoint88.pt (epoch 88 @ 4398 updates, score 32.5) (writing took 12.832540380999944 seconds)
2026-02-26 07:11:06 | INFO | fairseq_cli.train | end of epoch 88 (average epoch stats below)
2026-02-26 07:11:06 | INFO | train | epoch 088 | loss 1.841 | nll_loss 0.371 | ppl 1.29 | wps 7003.2 | ups 2.49 | wpb 2816 | bsz 169.6 | num_updates 4398 | lr 0.000337177 | gnorm 0.58 | clip 4 | loss_scale 32 | train_wall 5 | gb_free 13.3 | wall 1343
2026-02-26 07:11:06 | INFO | fairseq.tasks.fairseq_task | can_reuse_epoch_itr = True
2026-02-26 07:11:06 | INFO | fairseq.data.iterators | grouped total_num_itrs = 50
epoch 089:   0% 0/50 [00:00<?, ?it/s]2026-02-26 07:11:06 | INFO | fairseq.trainer | begin training epoch 89
2026-02-26 07:11:06 | INFO | fairseq_cli.train | Start iterating over samples
epoch 089:  96% 48/50 [00:05<00:00, 10.43it/s, loss=1.846, nll_loss=0.376, ppl=1.3, wps=8997.7, ups=3.19, wpb=2821.3, bsz=168.6, num_updates=4400, lr=0.0003371, gnorm=0.584, clip=4, loss_scale=32, train_wall=10, gb_free=13.2, wall=1344]2026-02-26 07:11:12 | INFO | fairseq_cli.train | begin validation on "valid" subset
2026-02-26 07:11:12 | INFO | fairseq.tasks.fairseq_task | can_reuse_epoch_itr = True

epoch 089 | valid on 'valid' subset:   0% 0/4 [00:00<?, ?it/s]
epoch 089 | valid on 'valid' subset:  25% 1/4 [00:00<00:01,  2.24it/s]
epoch 089 | valid on 'valid' subset:  50% 2/4 [00:00<00:00,  2.20it/s]
epoch 089 | valid on 'valid' subset:  75% 3/4 [00:01<00:00,  1.94it/s]
epoch 089 | valid on 'valid' subset: 100% 4/4 [00:02<00:00,  1.58it/s]
                                                                      2026-02-26 07:11:14 | INFO | valid | epoch 089 | valid on 'valid' subset | loss 3.884 | nll_loss 2.542 | ppl 5.82 | bleu 33.16 | wps 3709.7 | wpb 2185.8 | bsz 132 | num_updates 4448 | best_bleu 33.16
2026-02-26 07:11:14 | INFO | fairseq.checkpoint_utils | Preparing to save checkpoint for epoch 89 @ 4448 updates
2026-02-26 07:11:14 | INFO | fairseq.trainer | Saving checkpoint to /content/checkpoints/checkpoint89.pt
2026-02-26 07:11:15 | INFO | fairseq.trainer | Finished saving checkpoint to /content/checkpoints/checkpoint89.pt
2026-02-26 07:11:19 | INFO | fairseq.checkpoint_utils | Saved checkpoint checkpoints/checkpoint89.pt (epoch 89 @ 4448 updates, score 33.16) (writing took 4.643324055999983 seconds)
2026-02-26 07:11:19 | INFO | fairseq_cli.train | end of epoch 89 (average epoch stats below)
2026-02-26 07:11:19 | INFO | train | epoch 089 | loss 1.843 | nll_loss 0.374 | ppl 1.3 | wps 11243.5 | ups 3.99 | wpb 2816 | bsz 169.6 | num_updates 4448 | lr 0.000335276 | gnorm 0.586 | clip 4 | loss_scale 32 | train_wall 5 | gb_free 13.3 | wall 1356
2026-02-26 07:11:19 | INFO | fairseq.tasks.fairseq_task | can_reuse_epoch_itr = True
2026-02-26 07:11:19 | INFO | fairseq.data.iterators | grouped total_num_itrs = 50
epoch 090:   0% 0/50 [00:00<?, ?it/s]2026-02-26 07:11:19 | INFO | fairseq.trainer | begin training epoch 90
2026-02-26 07:11:19 | INFO | fairseq_cli.train | Start iterating over samples
epoch 090:  98% 49/50 [00:05<00:00, 10.99it/s]2026-02-26 07:11:24 | INFO | fairseq_cli.train | begin validation on "valid" subset
2026-02-26 07:11:24 | INFO | fairseq.tasks.fairseq_task | can_reuse_epoch_itr = True

epoch 090 | valid on 'valid' subset:   0% 0/4 [00:00<?, ?it/s]
epoch 090 | valid on 'valid' subset:  25% 1/4 [00:00<00:01,  2.49it/s]
epoch 090 | valid on 'valid' subset:  50% 2/4 [00:00<00:00,  2.31it/s]
epoch 090 | valid on 'valid' subset:  75% 3/4 [00:01<00:00,  2.02it/s]
epoch 090 | valid on 'valid' subset: 100% 4/4 [00:02<00:00,  1.63it/s]
                                                                      2026-02-26 07:11:26 | INFO | valid | epoch 090 | valid on 'valid' subset | loss 3.875 | nll_loss 2.545 | ppl 5.83 | bleu 32.51 | wps 3795.2 | wpb 2185.8 | bsz 132 | num_updates 4498 | best_bleu 33.16
2026-02-26 07:11:26 | INFO | fairseq.checkpoint_utils | Preparing to save checkpoint for epoch 90 @ 4498 updates
2026-02-26 07:11:26 | INFO | fairseq.trainer | Saving checkpoint to /content/checkpoints/checkpoint90.pt
2026-02-26 07:11:28 | INFO | fairseq.trainer | Finished saving checkpoint to /content/checkpoints/checkpoint90.pt
2026-02-26 07:11:30 | INFO | fairseq.checkpoint_utils | Saved checkpoint checkpoints/checkpoint90.pt (epoch 90 @ 4498 updates, score 32.51) (writing took 3.0408508129999063 seconds)
2026-02-26 07:11:30 | INFO | fairseq_cli.train | end of epoch 90 (average epoch stats below)
2026-02-26 07:11:30 | INFO | train | epoch 090 | loss 1.83 | nll_loss 0.362 | ppl 1.28 | wps 12947.6 | ups 4.6 | wpb 2816 | bsz 169.6 | num_updates 4498 | lr 0.000333407 | gnorm 0.558 | clip 4 | loss_scale 32 | train_wall 5 | gb_free 13.2 | wall 1367
2026-02-26 07:11:30 | INFO | fairseq.tasks.fairseq_task | can_reuse_epoch_itr = True
2026-02-26 07:11:30 | INFO | fairseq.data.iterators | grouped total_num_itrs = 50
epoch 091:   0% 0/50 [00:00<?, ?it/s]2026-02-26 07:11:30 | INFO | fairseq.trainer | begin training epoch 91
2026-02-26 07:11:30 | INFO | fairseq_cli.train | Start iterating over samples
epoch 091:  98% 49/50 [00:05<00:00, 10.38it/s, loss=1.837, nll_loss=0.369, ppl=1.29, wps=12074.9, ups=4.3, wpb=2809.1, bsz=168.4, num_updates=4500, lr=0.000333333, gnorm=0.574, clip=4, loss_scale=32, train_wall=10, gb_free=13.4, wall=1367]2026-02-26 07:11:35 | INFO | fairseq_cli.train | begin validation on "valid" subset
2026-02-26 07:11:35 | INFO | fairseq.tasks.fairseq_task | can_reuse_epoch_itr = True

epoch 091 | valid on 'valid' subset:   0% 0/4 [00:00<?, ?it/s]
epoch 091 | valid on 'valid' subset:  25% 1/4 [00:00<00:01,  2.33it/s]
epoch 091 | valid on 'valid' subset:  50% 2/4 [00:00<00:00,  2.23it/s]
epoch 091 | valid on 'valid' subset:  75% 3/4 [00:01<00:00,  1.92it/s]
epoch 091 | valid on 'valid' subset: 100% 4/4 [00:02<00:00,  1.64it/s]
                                                                      2026-02-26 07:11:37 | INFO | valid | epoch 091 | valid on 'valid' subset | loss 3.911 | nll_loss 2.571 | ppl 5.94 | bleu 32.23 | wps 3795.6 | wpb 2185.8 | bsz 132 | num_updates 4548 | best_bleu 33.16
2026-02-26 07:11:37 | INFO | fairseq.checkpoint_utils | Preparing to save checkpoint for epoch 91 @ 4548 updates
2026-02-26 07:11:37 | INFO | fairseq.trainer | Saving checkpoint to /content/checkpoints/checkpoint91.pt
2026-02-26 07:11:40 | INFO | fairseq.trainer | Finished saving checkpoint to /content/checkpoints/checkpoint91.pt
2026-02-26 07:11:42 | INFO | fairseq.checkpoint_utils | Saved checkpoint checkpoints/checkpoint91.pt (epoch 91 @ 4548 updates, score 32.23) (writing took 4.306017500000053 seconds)
2026-02-26 07:11:42 | INFO | fairseq_cli.train | end of epoch 91 (average epoch stats below)
2026-02-26 07:11:42 | INFO | train | epoch 091 | loss 1.822 | nll_loss 0.355 | ppl 1.28 | wps 11677.4 | ups 4.15 | wpb 2816 | bsz 169.6 | num_updates 4548 | lr 0.00033157 | gnorm 0.548 | clip 4 | loss_scale 32 | train_wall 5 | gb_free 13.3 | wall 1379
2026-02-26 07:11:42 | INFO | fairseq.tasks.fairseq_task | can_reuse_epoch_itr = True
2026-02-26 07:11:42 | INFO | fairseq.data.iterators | grouped total_num_itrs = 50
epoch 092:   0% 0/50 [00:00<?, ?it/s]2026-02-26 07:11:42 | INFO | fairseq.trainer | begin training epoch 92
2026-02-26 07:11:42 | INFO | fairseq_cli.train | Start iterating over samples
epoch 092:  98% 49/50 [00:05<00:00, 10.38it/s]2026-02-26 07:11:47 | INFO | fairseq_cli.train | begin validation on "valid" subset
2026-02-26 07:11:47 | INFO | fairseq.tasks.fairseq_task | can_reuse_epoch_itr = True

epoch 092 | valid on 'valid' subset:   0% 0/4 [00:00<?, ?it/s]
epoch 092 | valid on 'valid' subset:  25% 1/4 [00:00<00:01,  2.30it/s]
epoch 092 | valid on 'valid' subset:  50% 2/4 [00:00<00:00,  2.22it/s]
epoch 092 | valid on 'valid' subset:  75% 3/4 [00:01<00:00,  1.96it/s]
epoch 092 | valid on 'valid' subset: 100% 4/4 [00:02<00:00,  1.28it/s]
                                                                      2026-02-26 07:11:50 | INFO | valid | epoch 092 | valid on 'valid' subset | loss 3.854 | nll_loss 2.528 | ppl 5.77 | bleu 32.17 | wps 3087 | wpb 2185.8 | bsz 132 | num_updates 4598 | best_bleu 33.16
2026-02-26 07:11:50 | INFO | fairseq.checkpoint_utils | Preparing to save checkpoint for epoch 92 @ 4598 updates
2026-02-26 07:11:50 | INFO | fairseq.trainer | Saving checkpoint to /content/checkpoints/checkpoint92.pt
2026-02-26 07:11:53 | INFO | fairseq.trainer | Finished saving checkpoint to /content/checkpoints/checkpoint92.pt
2026-02-26 07:12:03 | INFO | fairseq.checkpoint_utils | Saved checkpoint checkpoints/checkpoint92.pt (epoch 92 @ 4598 updates, score 32.17) (writing took 13.296345425000254 seconds)
2026-02-26 07:12:03 | INFO | fairseq_cli.train | end of epoch 92 (average epoch stats below)
2026-02-26 07:12:03 | INFO | train | epoch 092 | loss 1.823 | nll_loss 0.358 | ppl 1.28 | wps 6581.5 | ups 2.34 | wpb 2816 | bsz 169.6 | num_updates 4598 | lr 0.000329762 | gnorm 0.565 | clip 4 | loss_scale 32 | train_wall 5 | gb_free 13.2 | wall 1400
2026-02-26 07:12:03 | INFO | fairseq.tasks.fairseq_task | can_reuse_epoch_itr = True
2026-02-26 07:12:03 | INFO | fairseq.data.iterators | grouped total_num_itrs = 50
epoch 093:   0% 0/50 [00:00<?, ?it/s]2026-02-26 07:12:03 | INFO | fairseq.trainer | begin training epoch 93
2026-02-26 07:12:03 | INFO | fairseq_cli.train | Start iterating over samples
epoch 093:  96% 48/50 [00:04<00:00, 10.62it/s, loss=1.821, nll_loss=0.355, ppl=1.28, wps=8420.3, ups=2.99, wpb=2818.7, bsz=173.3, num_updates=4600, lr=0.00032969, gnorm=0.553, clip=4, loss_scale=32, train_wall=10, gb_free=13.2, wall=1400]2026-02-26 07:12:08 | INFO | fairseq_cli.train | begin validation on "valid" subset
2026-02-26 07:12:08 | INFO | fairseq.tasks.fairseq_task | can_reuse_epoch_itr = True

epoch 093 | valid on 'valid' subset:   0% 0/4 [00:00<?, ?it/s]
epoch 093 | valid on 'valid' subset:  25% 1/4 [00:00<00:01,  1.59it/s]
epoch 093 | valid on 'valid' subset:  50% 2/4 [00:01<00:01,  1.65it/s]
epoch 093 | valid on 'valid' subset:  75% 3/4 [00:02<00:00,  1.31it/s]
epoch 093 | valid on 'valid' subset: 100% 4/4 [00:02<00:00,  1.27it/s]
                                                                      2026-02-26 07:12:11 | INFO | valid | epoch 093 | valid on 'valid' subset | loss 3.891 | nll_loss 2.558 | ppl 5.89 | bleu 32.64 | wps 2924.6 | wpb 2185.8 | bsz 132 | num_updates 4648 | best_bleu 33.16
2026-02-26 07:12:11 | INFO | fairseq.checkpoint_utils | Preparing to save checkpoint for epoch 93 @ 4648 updates
2026-02-26 07:12:11 | INFO | fairseq.trainer | Saving checkpoint to /content/checkpoints/checkpoint93.pt
2026-02-26 07:12:13 | INFO | fairseq.trainer | Finished saving checkpoint to /content/checkpoints/checkpoint93.pt
2026-02-26 07:12:15 | INFO | fairseq.checkpoint_utils | Saved checkpoint checkpoints/checkpoint93.pt (epoch 93 @ 4648 updates, score 32.64) (writing took 3.649720277999677 seconds)
2026-02-26 07:12:15 | INFO | fairseq_cli.train | end of epoch 93 (average epoch stats below)
2026-02-26 07:12:15 | INFO | train | epoch 093 | loss 1.813 | nll_loss 0.347 | ppl 1.27 | wps 12089.9 | ups 4.29 | wpb 2816 | bsz 169.6 | num_updates 4648 | lr 0.000327983 | gnorm 0.543 | clip 4 | loss_scale 32 | train_wall 5 | gb_free 13.3 | wall 1412
2026-02-26 07:12:15 | INFO | fairseq.tasks.fairseq_task | can_reuse_epoch_itr = True
2026-02-26 07:12:15 | INFO | fairseq.data.iterators | grouped total_num_itrs = 50
epoch 094:   0% 0/50 [00:00<?, ?it/s]2026-02-26 07:12:15 | INFO | fairseq.trainer | begin training epoch 94
2026-02-26 07:12:15 | INFO | fairseq_cli.train | Start iterating over samples
epoch 094:  98% 49/50 [00:04<00:00, 10.71it/s]2026-02-26 07:12:20 | INFO | fairseq_cli.train | begin validation on "valid" subset
2026-02-26 07:12:20 | INFO | fairseq.tasks.fairseq_task | can_reuse_epoch_itr = True

epoch 094 | valid on 'valid' subset:   0% 0/4 [00:00<?, ?it/s]
epoch 094 | valid on 'valid' subset:  25% 1/4 [00:00<00:01,  2.41it/s]
epoch 094 | valid on 'valid' subset:  50% 2/4 [00:01<00:01,  1.83it/s]
epoch 094 | valid on 'valid' subset:  75% 3/4 [00:01<00:00,  1.57it/s]
epoch 094 | valid on 'valid' subset: 100% 4/4 [00:02<00:00,  1.16it/s]
                                                                      2026-02-26 07:12:23 | INFO | valid | epoch 094 | valid on 'valid' subset | loss 3.865 | nll_loss 2.537 | ppl 5.8 | bleu 32.67 | wps 2669.5 | wpb 2185.8 | bsz 132 | num_updates 4698 | best_bleu 33.16
2026-02-26 07:12:23 | INFO | fairseq.checkpoint_utils | Preparing to save checkpoint for epoch 94 @ 4698 updates
2026-02-26 07:12:23 | INFO | fairseq.trainer | Saving checkpoint to /content/checkpoints/checkpoint94.pt
2026-02-26 07:12:24 | INFO | fairseq.trainer | Finished saving checkpoint to /content/checkpoints/checkpoint94.pt
2026-02-26 07:12:26 | INFO | fairseq.checkpoint_utils | Saved checkpoint checkpoints/checkpoint94.pt (epoch 94 @ 4698 updates, score 32.67) (writing took 3.2736488689997714 seconds)
2026-02-26 07:12:26 | INFO | fairseq_cli.train | end of epoch 94 (average epoch stats below)
2026-02-26 07:12:26 | INFO | train | epoch 094 | loss 1.811 | nll_loss 0.348 | ppl 1.27 | wps 12524 | ups 4.45 | wpb 2816 | bsz 169.6 | num_updates 4698 | lr 0.000326233 | gnorm 0.541 | clip 4 | loss_scale 32 | train_wall 5 | gb_free 13.3 | wall 1423
2026-02-26 07:12:26 | INFO | fairseq.tasks.fairseq_task | can_reuse_epoch_itr = True
2026-02-26 07:12:26 | INFO | fairseq.data.iterators | grouped total_num_itrs = 50
epoch 095:   0% 0/50 [00:00<?, ?it/s]2026-02-26 07:12:26 | INFO | fairseq.trainer | begin training epoch 95
2026-02-26 07:12:26 | INFO | fairseq_cli.train | Start iterating over samples
epoch 095:  96% 48/50 [00:04<00:00, 10.72it/s, loss=1.812, nll_loss=0.348, ppl=1.27, wps=12330.3, ups=4.37, wpb=2822.9, bsz=167.4, num_updates=4700, lr=0.000326164, gnorm=0.542, clip=4, loss_scale=32, train_wall=10, gb_free=13.3, wall=1423]2026-02-26 07:12:31 | INFO | fairseq_cli.train | begin validation on "valid" subset
2026-02-26 07:12:31 | INFO | fairseq.tasks.fairseq_task | can_reuse_epoch_itr = True

epoch 095 | valid on 'valid' subset:   0% 0/4 [00:00<?, ?it/s]
epoch 095 | valid on 'valid' subset:  25% 1/4 [00:00<00:01,  2.41it/s]
epoch 095 | valid on 'valid' subset:  50% 2/4 [00:00<00:00,  2.29it/s]
epoch 095 | valid on 'valid' subset:  75% 3/4 [00:01<00:00,  1.97it/s]
epoch 095 | valid on 'valid' subset: 100% 4/4 [00:02<00:00,  1.40it/s]
                                                                      2026-02-26 07:12:33 | INFO | valid | epoch 095 | valid on 'valid' subset | loss 3.88 | nll_loss 2.552 | ppl 5.86 | bleu 32.01 | wps 3320.7 | wpb 2185.8 | bsz 132 | num_updates 4748 | best_bleu 33.16
2026-02-26 07:12:33 | INFO | fairseq.checkpoint_utils | Preparing to save checkpoint for epoch 95 @ 4748 updates
2026-02-26 07:12:33 | INFO | fairseq.trainer | Saving checkpoint to /content/checkpoints/checkpoint95.pt
2026-02-26 07:12:35 | INFO | fairseq.trainer | Finished saving checkpoint to /content/checkpoints/checkpoint95.pt
2026-02-26 07:12:38 | INFO | fairseq.checkpoint_utils | Saved checkpoint checkpoints/checkpoint95.pt (epoch 95 @ 4748 updates, score 32.01) (writing took 4.971310103999713 seconds)
2026-02-26 07:12:38 | INFO | fairseq_cli.train | end of epoch 95 (average epoch stats below)
2026-02-26 07:12:38 | INFO | train | epoch 095 | loss 1.797 | nll_loss 0.334 | ppl 1.26 | wps 11278.9 | ups 4.01 | wpb 2816 | bsz 169.6 | num_updates 4748 | lr 0.000324511 | gnorm 0.51 | clip 4 | loss_scale 32 | train_wall 5 | gb_free 13.3 | wall 1435
2026-02-26 07:12:38 | INFO | fairseq.tasks.fairseq_task | can_reuse_epoch_itr = True
2026-02-26 07:12:38 | INFO | fairseq.data.iterators | grouped total_num_itrs = 50
epoch 096:   0% 0/50 [00:00<?, ?it/s]2026-02-26 07:12:38 | INFO | fairseq.trainer | begin training epoch 96
2026-02-26 07:12:38 | INFO | fairseq_cli.train | Start iterating over samples
epoch 096:  98% 49/50 [00:04<00:00, 10.25it/s]2026-02-26 07:12:43 | INFO | fairseq_cli.train | begin validation on "valid" subset
2026-02-26 07:12:43 | INFO | fairseq.tasks.fairseq_task | can_reuse_epoch_itr = True

epoch 096 | valid on 'valid' subset:   0% 0/4 [00:00<?, ?it/s]
epoch 096 | valid on 'valid' subset:  25% 1/4 [00:00<00:01,  2.35it/s]
epoch 096 | valid on 'valid' subset:  50% 2/4 [00:00<00:00,  2.26it/s]
epoch 096 | valid on 'valid' subset:  75% 3/4 [00:01<00:00,  1.96it/s]
epoch 096 | valid on 'valid' subset: 100% 4/4 [00:02<00:00,  1.30it/s]
                                                                      2026-02-26 07:12:46 | INFO | valid | epoch 096 | valid on 'valid' subset | loss 3.866 | nll_loss 2.532 | ppl 5.79 | bleu 31.95 | wps 3124.6 | wpb 2185.8 | bsz 132 | num_updates 4798 | best_bleu 33.16
2026-02-26 07:12:46 | INFO | fairseq.checkpoint_utils | Preparing to save checkpoint for epoch 96 @ 4798 updates
2026-02-26 07:12:46 | INFO | fairseq.trainer | Saving checkpoint to /content/checkpoints/checkpoint96.pt
2026-02-26 07:12:47 | INFO | fairseq.trainer | Finished saving checkpoint to /content/checkpoints/checkpoint96.pt
2026-02-26 07:12:49 | INFO | fairseq.checkpoint_utils | Saved checkpoint checkpoints/checkpoint96.pt (epoch 96 @ 4798 updates, score 31.95) (writing took 3.1708331209997596 seconds)
2026-02-26 07:12:49 | INFO | fairseq_cli.train | end of epoch 96 (average epoch stats below)
2026-02-26 07:12:49 | INFO | train | epoch 096 | loss 1.799 | nll_loss 0.339 | ppl 1.26 | wps 12967.5 | ups 4.6 | wpb 2816 | bsz 169.6 | num_updates 4798 | lr 0.000322816 | gnorm 0.52 | clip 4 | loss_scale 32 | train_wall 5 | gb_free 13.2 | wall 1446
2026-02-26 07:12:49 | INFO | fairseq.tasks.fairseq_task | can_reuse_epoch_itr = True
2026-02-26 07:12:49 | INFO | fairseq.data.iterators | grouped total_num_itrs = 50
epoch 097:   0% 0/50 [00:00<?, ?it/s]2026-02-26 07:12:49 | INFO | fairseq.trainer | begin training epoch 97
2026-02-26 07:12:49 | INFO | fairseq_cli.train | Start iterating over samples
epoch 097:  96% 48/50 [00:04<00:00, 10.62it/s, loss=1.798, nll_loss=0.337, ppl=1.26, wps=12085.8, ups=4.29, wpb=2819.7, bsz=168.6, num_updates=4800, lr=0.000322749, gnorm=0.516, clip=4, loss_scale=32, train_wall=10, gb_free=13.2, wall=1447]2026-02-26 07:12:54 | INFO | fairseq_cli.train | begin validation on "valid" subset
2026-02-26 07:12:54 | INFO | fairseq.tasks.fairseq_task | can_reuse_epoch_itr = True

epoch 097 | valid on 'valid' subset:   0% 0/4 [00:00<?, ?it/s]
epoch 097 | valid on 'valid' subset:  25% 1/4 [00:00<00:01,  2.40it/s]
epoch 097 | valid on 'valid' subset:  50% 2/4 [00:00<00:00,  2.24it/s]
epoch 097 | valid on 'valid' subset:  75% 3/4 [00:01<00:00,  1.97it/s]
epoch 097 | valid on 'valid' subset: 100% 4/4 [00:02<00:00,  1.36it/s]
                                                                      2026-02-26 07:12:57 | INFO | valid | epoch 097 | valid on 'valid' subset | loss 3.876 | nll_loss 2.557 | ppl 5.88 | bleu 32.97 | wps 3231.3 | wpb 2185.8 | bsz 132 | num_updates 4848 | best_bleu 33.16
2026-02-26 07:12:57 | INFO | fairseq.checkpoint_utils | Preparing to save checkpoint for epoch 97 @ 4848 updates
2026-02-26 07:12:57 | INFO | fairseq.trainer | Saving checkpoint to /content/checkpoints/checkpoint97.pt
2026-02-26 07:12:58 | INFO | fairseq.trainer | Finished saving checkpoint to /content/checkpoints/checkpoint97.pt
2026-02-26 07:13:03 | INFO | fairseq.checkpoint_utils | Saved checkpoint checkpoints/checkpoint97.pt (epoch 97 @ 4848 updates, score 32.97) (writing took 6.365746408000177 seconds)
2026-02-26 07:13:03 | INFO | fairseq_cli.train | end of epoch 97 (average epoch stats below)
2026-02-26 07:13:03 | INFO | train | epoch 097 | loss 1.795 | nll_loss 0.335 | ppl 1.26 | wps 10075.4 | ups 3.58 | wpb 2816 | bsz 169.6 | num_updates 4848 | lr 0.000321147 | gnorm 0.525 | clip 4 | loss_scale 32 | train_wall 5 | gb_free 13.2 | wall 1460
2026-02-26 07:13:03 | INFO | fairseq.tasks.fairseq_task | can_reuse_epoch_itr = True
2026-02-26 07:13:03 | INFO | fairseq.data.iterators | grouped total_num_itrs = 50
epoch 098:   0% 0/50 [00:00<?, ?it/s]2026-02-26 07:13:03 | INFO | fairseq.trainer | begin training epoch 98
2026-02-26 07:13:03 | INFO | fairseq_cli.train | Start iterating over samples
epoch 098:  96% 48/50 [00:04<00:00, 10.80it/s]2026-02-26 07:13:08 | INFO | fairseq_cli.train | begin validation on "valid" subset
2026-02-26 07:13:08 | INFO | fairseq.tasks.fairseq_task | can_reuse_epoch_itr = True

epoch 098 | valid on 'valid' subset:   0% 0/4 [00:00<?, ?it/s]
epoch 098 | valid on 'valid' subset:  25% 1/4 [00:00<00:01,  2.37it/s]
epoch 098 | valid on 'valid' subset:  50% 2/4 [00:00<00:00,  2.24it/s]
epoch 098 | valid on 'valid' subset:  75% 3/4 [00:01<00:00,  1.77it/s]
epoch 098 | valid on 'valid' subset: 100% 4/4 [00:02<00:00,  1.28it/s]
                                                                      2026-02-26 07:13:11 | INFO | valid | epoch 098 | valid on 'valid' subset | loss 3.849 | nll_loss 2.526 | ppl 5.76 | bleu 33.29 | wps 3031.4 | wpb 2185.8 | bsz 132 | num_updates 4898 | best_bleu 33.29
2026-02-26 07:13:11 | INFO | fairseq.checkpoint_utils | Preparing to save checkpoint for epoch 98 @ 4898 updates
2026-02-26 07:13:11 | INFO | fairseq.trainer | Saving checkpoint to /content/checkpoints/checkpoint98.pt
2026-02-26 07:13:13 | INFO | fairseq.trainer | Finished saving checkpoint to /content/checkpoints/checkpoint98.pt
2026-02-26 07:13:20 | INFO | fairseq.checkpoint_utils | Saved checkpoint checkpoints/checkpoint98.pt (epoch 98 @ 4898 updates, score 33.29) (writing took 9.051195433999965 seconds)
2026-02-26 07:13:20 | INFO | fairseq_cli.train | end of epoch 98 (average epoch stats below)
2026-02-26 07:13:20 | INFO | train | epoch 098 | loss 1.788 | nll_loss 0.33 | ppl 1.26 | wps 8406.5 | ups 2.99 | wpb 2816 | bsz 169.6 | num_updates 4898 | lr 0.000319503 | gnorm 0.51 | clip 2 | loss_scale 32 | train_wall 5 | gb_free 13.4 | wall 1477
2026-02-26 07:13:20 | INFO | fairseq.tasks.fairseq_task | can_reuse_epoch_itr = True
2026-02-26 07:13:20 | INFO | fairseq.data.iterators | grouped total_num_itrs = 50
epoch 099:   0% 0/50 [00:00<?, ?it/s]2026-02-26 07:13:20 | INFO | fairseq.trainer | begin training epoch 99
2026-02-26 07:13:20 | INFO | fairseq_cli.train | Start iterating over samples
epoch 099:  98% 49/50 [00:05<00:00, 10.22it/s, loss=1.791, nll_loss=0.332, ppl=1.26, wps=9129.4, ups=3.26, wpb=2804.4, bsz=170.9, num_updates=4900, lr=0.000319438, gnorm=0.518, clip=3, loss_scale=32, train_wall=10, gb_free=13.3, wall=1477]2026-02-26 07:13:25 | INFO | fairseq_cli.train | begin validation on "valid" subset
2026-02-26 07:13:25 | INFO | fairseq.tasks.fairseq_task | can_reuse_epoch_itr = True

epoch 099 | valid on 'valid' subset:   0% 0/4 [00:00<?, ?it/s]
epoch 099 | valid on 'valid' subset:  25% 1/4 [00:00<00:01,  2.45it/s]
epoch 099 | valid on 'valid' subset:  50% 2/4 [00:00<00:00,  2.20it/s]
epoch 099 | valid on 'valid' subset:  75% 3/4 [00:01<00:00,  1.92it/s]
epoch 099 | valid on 'valid' subset: 100% 4/4 [00:02<00:00,  1.42it/s]
                                                                      2026-02-26 07:13:28 | INFO | valid | epoch 099 | valid on 'valid' subset | loss 3.832 | nll_loss 2.514 | ppl 5.71 | bleu 34.01 | wps 3325 | wpb 2185.8 | bsz 132 | num_updates 4948 | best_bleu 34.01
2026-02-26 07:13:28 | INFO | fairseq.checkpoint_utils | Preparing to save checkpoint for epoch 99 @ 4948 updates
2026-02-26 07:13:28 | INFO | fairseq.trainer | Saving checkpoint to /content/checkpoints/checkpoint99.pt
2026-02-26 07:13:31 | INFO | fairseq.trainer | Finished saving checkpoint to /content/checkpoints/checkpoint99.pt
2026-02-26 07:13:41 | INFO | fairseq.checkpoint_utils | Saved checkpoint checkpoints/checkpoint99.pt (epoch 99 @ 4948 updates, score 34.01) (writing took 13.415826294999988 seconds)
2026-02-26 07:13:41 | INFO | fairseq_cli.train | end of epoch 99 (average epoch stats below)
2026-02-26 07:13:41 | INFO | train | epoch 099 | loss 1.786 | nll_loss 0.328 | ppl 1.26 | wps 6582.4 | ups 2.34 | wpb 2816 | bsz 169.6 | num_updates 4948 | lr 0.000317885 | gnorm 0.503 | clip 0 | loss_scale 32 | train_wall 5 | gb_free 13.2 | wall 1498
2026-02-26 07:13:41 | INFO | fairseq.tasks.fairseq_task | can_reuse_epoch_itr = True
2026-02-26 07:13:41 | INFO | fairseq.data.iterators | grouped total_num_itrs = 50
epoch 100:   0% 0/50 [00:00<?, ?it/s]2026-02-26 07:13:41 | INFO | fairseq.trainer | begin training epoch 100
2026-02-26 07:13:41 | INFO | fairseq_cli.train | Start iterating over samples
epoch 100:  96% 48/50 [00:04<00:00, 10.48it/s]2026-02-26 07:13:46 | INFO | fairseq_cli.train | begin validation on "valid" subset
2026-02-26 07:13:46 | INFO | fairseq.tasks.fairseq_task | can_reuse_epoch_itr = True

epoch 100 | valid on 'valid' subset:   0% 0/4 [00:00<?, ?it/s]
epoch 100 | valid on 'valid' subset:  25% 1/4 [00:00<00:01,  1.53it/s]
epoch 100 | valid on 'valid' subset:  50% 2/4 [00:01<00:01,  1.60it/s]
epoch 100 | valid on 'valid' subset:  75% 3/4 [00:02<00:00,  1.42it/s]
epoch 100 | valid on 'valid' subset: 100% 4/4 [00:03<00:00,  1.22it/s]
                                                                      2026-02-26 07:13:50 | INFO | valid | epoch 100 | valid on 'valid' subset | loss 3.839 | nll_loss 2.528 | ppl 5.77 | bleu 33.12 | wps 2867.1 | wpb 2185.8 | bsz 132 | num_updates 4998 | best_bleu 34.01
2026-02-26 07:13:50 | INFO | fairseq.checkpoint_utils | Preparing to save checkpoint for epoch 100 @ 4998 updates
2026-02-26 07:13:50 | INFO | fairseq.trainer | Saving checkpoint to /content/checkpoints/checkpoint100.pt
2026-02-26 07:13:51 | INFO | fairseq.trainer | Finished saving checkpoint to /content/checkpoints/checkpoint100.pt
2026-02-26 07:13:53 | INFO | fairseq.checkpoint_utils | Saved checkpoint checkpoints/checkpoint100.pt (epoch 100 @ 4998 updates, score 33.12) (writing took 3.0752344980001 seconds)
2026-02-26 07:13:53 | INFO | fairseq_cli.train | end of epoch 100 (average epoch stats below)
2026-02-26 07:13:53 | INFO | train | epoch 100 | loss 1.772 | nll_loss 0.315 | ppl 1.24 | wps 12499.7 | ups 4.44 | wpb 2816 | bsz 169.6 | num_updates 4998 | lr 0.000316291 | gnorm 0.478 | clip 0 | loss_scale 32 | train_wall 5 | gb_free 13.2 | wall 1510
2026-02-26 07:13:53 | INFO | fairseq.tasks.fairseq_task | can_reuse_epoch_itr = True
2026-02-26 07:13:53 | INFO | fairseq_cli.train | done training in 1508.5 seconds
